solid upper_link
   facet normal 1.000000e+00 0.000000e+00 0.000000e+00
      outer loop
         vertex 6.000000e+00 4.041334e-15 -1.100000e+01
         vertex 6.000000e+00 -1.910130e+00 -1.083289e+01
         vertex 6.000000e+00 -4.287922e+00 -2.381084e+01
      endloop
   endfacet
   facet normal 1.000000e+00 -0.000000e+00 0.000000e+00
      outer loop
         vertex 6.000000e+00 -4.287922e+00 -2.381084e+01
         vertex 6.000000e+00 -4.000000e+00 -2.727636e+01
         vertex 6.000000e+00 4.041334e-15 -1.100000e+01
      endloop
   endfacet
   facet normal 1.000000e+00 0.000000e+00 0.000000e+00
      outer loop
         vertex 6.000000e+00 4.041334e-15 -1.100000e+01
         vertex 6.000000e+00 -4.000000e+00 -2.727636e+01
         vertex 6.000000e+00 -4.000000e+00 -2.012236e+02
      endloop
   endfacet
   facet normal 1.000000e+00 0.000000e+00 0.000000e+00
      outer loop
         vertex 6.000000e+00 4.041334e-15 -1.100000e+01
         vertex 6.000000e+00 -4.000000e+00 -2.012236e+02
         vertex 6.000000e+00 0.000000e+00 -2.175000e+02
      endloop
   endfacet
   facet normal 1.000000e+00 0.000000e+00 0.000000e+00
      outer loop
         vertex 6.000000e+00 0.000000e+00 -2.175000e+02
         vertex 6.000000e+00 -4.000000e+00 -2.012236e+02
         vertex 6.000000e+00 -4.287922e+00 -2.046892e+02
      endloop
   endfacet
   facet normal 1.000000e+00 0.000000e+00 0.000000e+00
      outer loop
         vertex 6.000000e+00 0.000000e+00 -2.175000e+02
         vertex 6.000000e+00 -4.287922e+00 -2.046892e+02
         vertex 6.000000e+00 -1.910130e+00 -2.176671e+02
      endloop
   endfacet
   facet normal 1.000000e+00 0.000000e+00 0.000000e+00
      outer loop
         vertex 6.000000e+00 -1.910130e+00 -2.176671e+02
         vertex 6.000000e+00 -4.287922e+00 -2.046892e+02
         vertex 6.000000e+00 -5.143793e+00 -2.080597e+02
      endloop
   endfacet
   facet normal 1.000000e+00 0.000000e+00 0.000000e+00
      outer loop
         vertex 6.000000e+00 -1.910130e+00 -2.176671e+02
         vertex 6.000000e+00 -5.143793e+00 -2.080597e+02
         vertex 6.000000e+00 -3.762222e+00 -2.181634e+02
      endloop
   endfacet
   facet normal 1.000000e+00 0.000000e+00 0.000000e+00
      outer loop
         vertex 6.000000e+00 -3.762222e+00 -2.181634e+02
         vertex 6.000000e+00 -5.143793e+00 -2.080597e+02
         vertex 6.000000e+00 -6.544144e+00 -2.112427e+02
      endloop
   endfacet
   facet normal 1.000000e+00 0.000000e+00 0.000000e+00
      outer loop
         vertex 6.000000e+00 -3.762222e+00 -2.181634e+02
         vertex 6.000000e+00 -6.544144e+00 -2.112427e+02
         vertex 6.000000e+00 -5.500000e+00 -2.189737e+02
      endloop
   endfacet
   facet normal 1.000000e+00 0.000000e+00 0.000000e+00
      outer loop
         vertex 6.000000e+00 -5.500000e+00 -2.189737e+02
         vertex 6.000000e+00 -6.544144e+00 -2.112427e+02
         vertex 6.000000e+00 -8.450575e+00 -2.141510e+02
      endloop
   endfacet
   facet normal 1.000000e+00 0.000000e+00 0.000000e+00
      outer loop
         vertex 6.000000e+00 -5.500000e+00 -2.189737e+02
         vertex 6.000000e+00 -8.450575e+00 -2.141510e+02
         vertex 6.000000e+00 -7.070664e+00 -2.200735e+02
      endloop
   endfacet
   facet normal 1.000000e+00 0.000000e+00 0.000000e+00
      outer loop
         vertex 6.000000e+00 -7.070664e+00 -2.200735e+02
         vertex 6.000000e+00 -8.450575e+00 -2.141510e+02
         vertex 6.000000e+00 -1.081081e+01 -2.167048e+02
      endloop
   endfacet
   facet normal 1.000000e+00 0.000000e+00 0.000000e+00
      outer loop
         vertex 6.000000e+00 -7.070664e+00 -2.200735e+02
         vertex 6.000000e+00 -1.081081e+01 -2.167048e+02
         vertex 6.000000e+00 -8.426489e+00 -2.214293e+02
      endloop
   endfacet
   facet normal 1.000000e+00 0.000000e+00 0.000000e+00
      outer loop
         vertex 6.000000e+00 -8.426489e+00 -2.214293e+02
         vertex 6.000000e+00 -1.081081e+01 -2.167048e+02
         vertex 6.000000e+00 -1.254871e+01 -2.185738e+02
      endloop
   endfacet
   facet normal 1.000000e+00 0.000000e+00 0.000000e+00
      outer loop
         vertex 6.000000e+00 -8.426489e+00 -2.214293e+02
         vertex 6.000000e+00 -1.254871e+01 -2.185738e+02
         vertex 6.000000e+00 -9.526280e+00 -2.230000e+02
      endloop
   endfacet
   facet normal 1.000000e+00 0.000000e+00 0.000000e+00
      outer loop
         vertex 6.000000e+00 -9.526280e+00 -2.230000e+02
         vertex 6.000000e+00 -1.254871e+01 -2.185738e+02
         vertex 6.000000e+00 -1.396733e+01 -2.206953e+02
      endloop
   endfacet
   facet normal 1.000000e+00 0.000000e+00 0.000000e+00
      outer loop
         vertex 6.000000e+00 -9.526280e+00 -2.230000e+02
         vertex 6.000000e+00 -1.396733e+01 -2.206953e+02
         vertex 6.000000e+00 -1.033662e+01 -2.247378e+02
      endloop
   endfacet
   facet normal 1.000000e+00 0.000000e+00 0.000000e+00
      outer loop
         vertex 6.000000e+00 -1.033662e+01 -2.247378e+02
         vertex 6.000000e+00 -1.396733e+01 -2.206953e+02
         vertex 6.000000e+00 -1.510425e+01 -2.232216e+02
      endloop
   endfacet
   facet normal 1.000000e+00 0.000000e+00 0.000000e+00
      outer loop
         vertex 6.000000e+00 -1.033662e+01 -2.247378e+02
         vertex 6.000000e+00 -1.510425e+01 -2.232216e+02
         vertex 6.000000e+00 -1.083289e+01 -2.265899e+02
      endloop
   endfacet
   facet normal 1.000000e+00 0.000000e+00 0.000000e+00
      outer loop
         vertex 6.000000e+00 -1.083289e+01 -2.265899e+02
         vertex 6.000000e+00 -1.510425e+01 -2.232216e+02
         vertex 6.000000e+00 -1.578834e+01 -2.259061e+02
      endloop
   endfacet
   facet normal 1.000000e+00 0.000000e+00 0.000000e+00
      outer loop
         vertex 6.000000e+00 -1.083289e+01 -2.265899e+02
         vertex 6.000000e+00 -1.578834e+01 -2.259061e+02
         vertex 6.000000e+00 -1.100000e+01 -2.285000e+02
      endloop
   endfacet
   facet normal 1.000000e+00 0.000000e+00 0.000000e+00
      outer loop
         vertex 6.000000e+00 -1.100000e+01 -2.285000e+02
         vertex 6.000000e+00 -1.578834e+01 -2.259061e+02
         vertex 6.000000e+00 -1.599911e+01 -2.286684e+02
      endloop
   endfacet
   facet normal 1.000000e+00 0.000000e+00 0.000000e+00
      outer loop
         vertex 6.000000e+00 -1.100000e+01 -2.285000e+02
         vertex 6.000000e+00 -1.599911e+01 -2.286684e+02
         vertex 6.000000e+00 -1.083289e+01 -2.304101e+02
      endloop
   endfacet
   facet normal 1.000000e+00 0.000000e+00 0.000000e+00
      outer loop
         vertex 6.000000e+00 -1.083289e+01 -2.304101e+02
         vertex 6.000000e+00 -1.599911e+01 -2.286684e+02
         vertex 6.000000e+00 -1.573024e+01 -2.314257e+02
      endloop
   endfacet
   facet normal 1.000000e+00 0.000000e+00 0.000000e+00
      outer loop
         vertex 6.000000e+00 -1.083289e+01 -2.304101e+02
         vertex 6.000000e+00 -1.573024e+01 -2.314257e+02
         vertex 6.000000e+00 -1.033662e+01 -2.322622e+02
      endloop
   endfacet
   facet normal 1.000000e+00 0.000000e+00 0.000000e+00
      outer loop
         vertex 6.000000e+00 -1.033662e+01 -2.322622e+02
         vertex 6.000000e+00 -1.573024e+01 -2.314257e+02
         vertex 6.000000e+00 -1.498977e+01 -2.340952e+02
      endloop
   endfacet
   facet normal 1.000000e+00 0.000000e+00 0.000000e+00
      outer loop
         vertex 6.000000e+00 -1.033662e+01 -2.322622e+02
         vertex 6.000000e+00 -1.498977e+01 -2.340952e+02
         vertex 6.000000e+00 -9.526280e+00 -2.340000e+02
      endloop
   endfacet
   facet normal 1.000000e+00 0.000000e+00 0.000000e+00
      outer loop
         vertex 6.000000e+00 -9.526280e+00 -2.340000e+02
         vertex 6.000000e+00 -1.498977e+01 -2.340952e+02
         vertex 6.000000e+00 -1.379992e+01 -2.365970e+02
      endloop
   endfacet
   facet normal 1.000000e+00 0.000000e+00 0.000000e+00
      outer loop
         vertex 6.000000e+00 -9.526280e+00 -2.340000e+02
         vertex 6.000000e+00 -1.379992e+01 -2.365970e+02
         vertex 6.000000e+00 -8.426489e+00 -2.355707e+02
      endloop
   endfacet
   facet normal 1.000000e+00 0.000000e+00 0.000000e+00
      outer loop
         vertex 6.000000e+00 -8.426489e+00 -2.355707e+02
         vertex 6.000000e+00 -1.379992e+01 -2.365970e+02
         vertex 6.000000e+00 -1.219635e+01 -2.388561e+02
      endloop
   endfacet
   facet normal 1.000000e+00 0.000000e+00 0.000000e+00
      outer loop
         vertex 6.000000e+00 -8.426489e+00 -2.355707e+02
         vertex 6.000000e+00 -1.219635e+01 -2.388561e+02
         vertex 6.000000e+00 -7.070664e+00 -2.369265e+02
      endloop
   endfacet
   facet normal 1.000000e+00 0.000000e+00 0.000000e+00
      outer loop
         vertex 6.000000e+00 -7.070664e+00 -2.369265e+02
         vertex 6.000000e+00 -1.219635e+01 -2.388561e+02
         vertex 6.000000e+00 -1.022714e+01 -2.408047e+02
      endloop
   endfacet
   facet normal 1.000000e+00 0.000000e+00 0.000000e+00
      outer loop
         vertex 6.000000e+00 -7.070664e+00 -2.369265e+02
         vertex 6.000000e+00 -1.022714e+01 -2.408047e+02
         vertex 6.000000e+00 -5.500000e+00 -2.380263e+02
      endloop
   endfacet
   facet normal 1.000000e+00 0.000000e+00 0.000000e+00
      outer loop
         vertex 6.000000e+00 -5.500000e+00 -2.380263e+02
         vertex 6.000000e+00 -1.022714e+01 -2.408047e+02
         vertex 6.000000e+00 -7.951326e+00 -2.423844e+02
      endloop
   endfacet
   facet normal 1.000000e+00 0.000000e+00 0.000000e+00
      outer loop
         vertex 6.000000e+00 -5.500000e+00 -2.380263e+02
         vertex 6.000000e+00 -7.951326e+00 -2.423844e+02
         vertex 6.000000e+00 -3.762222e+00 -2.388366e+02
      endloop
   endfacet
   facet normal 1.000000e+00 0.000000e+00 0.000000e+00
      outer loop
         vertex 6.000000e+00 -3.762222e+00 -2.388366e+02
         vertex 6.000000e+00 -7.951326e+00 -2.423844e+02
         vertex 6.000000e+00 -5.437133e+00 -2.435478e+02
      endloop
   endfacet
   facet normal 1.000000e+00 0.000000e+00 0.000000e+00
      outer loop
         vertex 6.000000e+00 -3.762222e+00 -2.388366e+02
         vertex 6.000000e+00 -5.437133e+00 -2.435478e+02
         vertex 6.000000e+00 -1.910130e+00 -2.393329e+02
      endloop
   endfacet
   facet normal 1.000000e+00 0.000000e+00 0.000000e+00
      outer loop
         vertex 6.000000e+00 -1.910130e+00 -2.393329e+02
         vertex 6.000000e+00 -5.437133e+00 -2.435478e+02
         vertex 6.000000e+00 -2.759937e+00 -2.442602e+02
      endloop
   endfacet
   facet normal 1.000000e+00 0.000000e+00 0.000000e+00
      outer loop
         vertex 6.000000e+00 -1.910130e+00 -2.393329e+02
         vertex 6.000000e+00 -2.759937e+00 -2.442602e+02
         vertex 6.000000e+00 4.041334e-15 -2.395000e+02
      endloop
   endfacet
   facet normal 1.000000e+00 0.000000e+00 0.000000e+00
      outer loop
         vertex 6.000000e+00 4.041334e-15 -2.395000e+02
         vertex 6.000000e+00 -2.759937e+00 -2.442602e+02
         vertex 6.000000e+00 9.064862e-15 -2.445000e+02
      endloop
   endfacet
   facet normal 1.000000e+00 -0.000000e+00 0.000000e+00
      outer loop
         vertex 6.000000e+00 4.041334e-15 -2.395000e+02
         vertex 6.000000e+00 9.064862e-15 -2.445000e+02
         vertex 6.000000e+00 1.910130e+00 -2.393329e+02
      endloop
   endfacet
   facet normal 1.000000e+00 0.000000e+00 0.000000e+00
      outer loop
         vertex 6.000000e+00 1.910130e+00 -2.393329e+02
         vertex 6.000000e+00 9.064862e-15 -2.445000e+02
         vertex 6.000000e+00 2.759937e+00 -2.442602e+02
      endloop
   endfacet
   facet normal 1.000000e+00 -0.000000e+00 0.000000e+00
      outer loop
         vertex 6.000000e+00 1.910130e+00 -2.393329e+02
         vertex 6.000000e+00 2.759937e+00 -2.442602e+02
         vertex 6.000000e+00 3.762222e+00 -2.388366e+02
      endloop
   endfacet
   facet normal 1.000000e+00 0.000000e+00 0.000000e+00
      outer loop
         vertex 6.000000e+00 3.762222e+00 -2.388366e+02
         vertex 6.000000e+00 2.759937e+00 -2.442602e+02
         vertex 6.000000e+00 5.437133e+00 -2.435478e+02
      endloop
   endfacet
   facet normal 1.000000e+00 -0.000000e+00 0.000000e+00
      outer loop
         vertex 6.000000e+00 3.762222e+00 -2.388366e+02
         vertex 6.000000e+00 5.437133e+00 -2.435478e+02
         vertex 6.000000e+00 5.500000e+00 -2.380263e+02
      endloop
   endfacet
   facet normal 1.000000e+00 0.000000e+00 0.000000e+00
      outer loop
         vertex 6.000000e+00 5.500000e+00 -2.380263e+02
         vertex 6.000000e+00 5.437133e+00 -2.435478e+02
         vertex 6.000000e+00 7.951326e+00 -2.423844e+02
      endloop
   endfacet
   facet normal 1.000000e+00 -0.000000e+00 0.000000e+00
      outer loop
         vertex 6.000000e+00 5.500000e+00 -2.380263e+02
         vertex 6.000000e+00 7.951326e+00 -2.423844e+02
         vertex 6.000000e+00 7.070664e+00 -2.369265e+02
      endloop
   endfacet
   facet normal 1.000000e+00 0.000000e+00 0.000000e+00
      outer loop
         vertex 6.000000e+00 7.070664e+00 -2.369265e+02
         vertex 6.000000e+00 7.951326e+00 -2.423844e+02
         vertex 6.000000e+00 1.022714e+01 -2.408047e+02
      endloop
   endfacet
   facet normal 1.000000e+00 -0.000000e+00 0.000000e+00
      outer loop
         vertex 6.000000e+00 7.070664e+00 -2.369265e+02
         vertex 6.000000e+00 1.022714e+01 -2.408047e+02
         vertex 6.000000e+00 8.426489e+00 -2.355707e+02
      endloop
   endfacet
   facet normal 1.000000e+00 0.000000e+00 0.000000e+00
      outer loop
         vertex 6.000000e+00 8.426489e+00 -2.355707e+02
         vertex 6.000000e+00 1.022714e+01 -2.408047e+02
         vertex 6.000000e+00 1.219635e+01 -2.388561e+02
      endloop
   endfacet
   facet normal 1.000000e+00 -0.000000e+00 0.000000e+00
      outer loop
         vertex 6.000000e+00 8.426489e+00 -2.355707e+02
         vertex 6.000000e+00 1.219635e+01 -2.388561e+02
         vertex 6.000000e+00 9.526280e+00 -2.340000e+02
      endloop
   endfacet
   facet normal 1.000000e+00 0.000000e+00 0.000000e+00
      outer loop
         vertex 6.000000e+00 9.526280e+00 -2.340000e+02
         vertex 6.000000e+00 1.219635e+01 -2.388561e+02
         vertex 6.000000e+00 1.379992e+01 -2.365970e+02
      endloop
   endfacet
   facet normal 1.000000e+00 -0.000000e+00 0.000000e+00
      outer loop
         vertex 6.000000e+00 9.526280e+00 -2.340000e+02
         vertex 6.000000e+00 1.379992e+01 -2.365970e+02
         vertex 6.000000e+00 1.033662e+01 -2.322622e+02
      endloop
   endfacet
   facet normal 1.000000e+00 0.000000e+00 0.000000e+00
      outer loop
         vertex 6.000000e+00 1.033662e+01 -2.322622e+02
         vertex 6.000000e+00 1.379992e+01 -2.365970e+02
         vertex 6.000000e+00 1.498977e+01 -2.340952e+02
      endloop
   endfacet
   facet normal 1.000000e+00 -0.000000e+00 0.000000e+00
      outer loop
         vertex 6.000000e+00 1.033662e+01 -2.322622e+02
         vertex 6.000000e+00 1.498977e+01 -2.340952e+02
         vertex 6.000000e+00 1.083289e+01 -2.304101e+02
      endloop
   endfacet
   facet normal 1.000000e+00 0.000000e+00 0.000000e+00
      outer loop
         vertex 6.000000e+00 1.083289e+01 -2.304101e+02
         vertex 6.000000e+00 1.498977e+01 -2.340952e+02
         vertex 6.000000e+00 1.573024e+01 -2.314257e+02
      endloop
   endfacet
   facet normal 1.000000e+00 -0.000000e+00 0.000000e+00
      outer loop
         vertex 6.000000e+00 1.083289e+01 -2.304101e+02
         vertex 6.000000e+00 1.573024e+01 -2.314257e+02
         vertex 6.000000e+00 1.100000e+01 -2.285000e+02
      endloop
   endfacet
   facet normal 1.000000e+00 0.000000e+00 0.000000e+00
      outer loop
         vertex 6.000000e+00 1.100000e+01 -2.285000e+02
         vertex 6.000000e+00 1.573024e+01 -2.314257e+02
         vertex 6.000000e+00 1.599911e+01 -2.286684e+02
      endloop
   endfacet
   facet normal 1.000000e+00 -0.000000e+00 -0.000000e+00
      outer loop
         vertex 6.000000e+00 1.100000e+01 -2.285000e+02
         vertex 6.000000e+00 1.599911e+01 -2.286684e+02
         vertex 6.000000e+00 1.083289e+01 -2.265899e+02
      endloop
   endfacet
   facet normal 1.000000e+00 -0.000000e+00 0.000000e+00
      outer loop
         vertex 6.000000e+00 1.083289e+01 -2.265899e+02
         vertex 6.000000e+00 1.599911e+01 -2.286684e+02
         vertex 6.000000e+00 1.578834e+01 -2.259061e+02
      endloop
   endfacet
   facet normal 1.000000e+00 0.000000e+00 -0.000000e+00
      outer loop
         vertex 6.000000e+00 1.083289e+01 -2.265899e+02
         vertex 6.000000e+00 1.578834e+01 -2.259061e+02
         vertex 6.000000e+00 1.033662e+01 -2.247378e+02
      endloop
   endfacet
   facet normal 1.000000e+00 -0.000000e+00 0.000000e+00
      outer loop
         vertex 6.000000e+00 1.033662e+01 -2.247378e+02
         vertex 6.000000e+00 1.578834e+01 -2.259061e+02
         vertex 6.000000e+00 1.510425e+01 -2.232216e+02
      endloop
   endfacet
   facet normal 1.000000e+00 0.000000e+00 -0.000000e+00
      outer loop
         vertex 6.000000e+00 1.033662e+01 -2.247378e+02
         vertex 6.000000e+00 1.510425e+01 -2.232216e+02
         vertex 6.000000e+00 9.526280e+00 -2.230000e+02
      endloop
   endfacet
   facet normal 1.000000e+00 -0.000000e+00 0.000000e+00
      outer loop
         vertex 6.000000e+00 9.526280e+00 -2.230000e+02
         vertex 6.000000e+00 1.510425e+01 -2.232216e+02
         vertex 6.000000e+00 1.396733e+01 -2.206953e+02
      endloop
   endfacet
   facet normal 1.000000e+00 0.000000e+00 -0.000000e+00
      outer loop
         vertex 6.000000e+00 9.526280e+00 -2.230000e+02
         vertex 6.000000e+00 1.396733e+01 -2.206953e+02
         vertex 6.000000e+00 8.426489e+00 -2.214293e+02
      endloop
   endfacet
   facet normal 1.000000e+00 0.000000e+00 0.000000e+00
      outer loop
         vertex 6.000000e+00 8.426489e+00 -2.214293e+02
         vertex 6.000000e+00 1.396733e+01 -2.206953e+02
         vertex 6.000000e+00 1.254871e+01 -2.185738e+02
      endloop
   endfacet
   facet normal 1.000000e+00 0.000000e+00 -0.000000e+00
      outer loop
         vertex 6.000000e+00 8.426489e+00 -2.214293e+02
         vertex 6.000000e+00 1.254871e+01 -2.185738e+02
         vertex 6.000000e+00 7.070664e+00 -2.200735e+02
      endloop
   endfacet
   facet normal 1.000000e+00 0.000000e+00 0.000000e+00
      outer loop
         vertex 6.000000e+00 7.070664e+00 -2.200735e+02
         vertex 6.000000e+00 1.254871e+01 -2.185738e+02
         vertex 6.000000e+00 1.081081e+01 -2.167048e+02
      endloop
   endfacet
   facet normal 1.000000e+00 0.000000e+00 -0.000000e+00
      outer loop
         vertex 6.000000e+00 7.070664e+00 -2.200735e+02
         vertex 6.000000e+00 1.081081e+01 -2.167048e+02
         vertex 6.000000e+00 5.500000e+00 -2.189737e+02
      endloop
   endfacet
   facet normal 1.000000e+00 0.000000e+00 0.000000e+00
      outer loop
         vertex 6.000000e+00 5.500000e+00 -2.189737e+02
         vertex 6.000000e+00 1.081081e+01 -2.167048e+02
         vertex 6.000000e+00 8.450575e+00 -2.141510e+02
      endloop
   endfacet
   facet normal 1.000000e+00 0.000000e+00 -0.000000e+00
      outer loop
         vertex 6.000000e+00 5.500000e+00 -2.189737e+02
         vertex 6.000000e+00 8.450575e+00 -2.141510e+02
         vertex 6.000000e+00 3.762222e+00 -2.181634e+02
      endloop
   endfacet
   facet normal 1.000000e+00 0.000000e+00 0.000000e+00
      outer loop
         vertex 6.000000e+00 3.762222e+00 -2.181634e+02
         vertex 6.000000e+00 8.450575e+00 -2.141510e+02
         vertex 6.000000e+00 6.544144e+00 -2.112427e+02
      endloop
   endfacet
   facet normal 1.000000e+00 0.000000e+00 -0.000000e+00
      outer loop
         vertex 6.000000e+00 3.762222e+00 -2.181634e+02
         vertex 6.000000e+00 6.544144e+00 -2.112427e+02
         vertex 6.000000e+00 1.910130e+00 -2.176671e+02
      endloop
   endfacet
   facet normal 1.000000e+00 0.000000e+00 0.000000e+00
      outer loop
         vertex 6.000000e+00 6.544144e+00 -2.112427e+02
         vertex 6.000000e+00 5.143793e+00 -2.080597e+02
         vertex 6.000000e+00 1.910130e+00 -2.176671e+02
      endloop
   endfacet
   facet normal 1.000000e+00 0.000000e+00 0.000000e+00
      outer loop
         vertex 6.000000e+00 1.910130e+00 -2.176671e+02
         vertex 6.000000e+00 5.143793e+00 -2.080597e+02
         vertex 6.000000e+00 4.287922e+00 -2.046892e+02
      endloop
   endfacet
   facet normal 1.000000e+00 0.000000e+00 -0.000000e+00
      outer loop
         vertex 6.000000e+00 1.910130e+00 -2.176671e+02
         vertex 6.000000e+00 4.287922e+00 -2.046892e+02
         vertex 6.000000e+00 0.000000e+00 -2.175000e+02
      endloop
   endfacet
   facet normal 1.000000e+00 0.000000e+00 0.000000e+00
      outer loop
         vertex 6.000000e+00 4.287922e+00 -2.046892e+02
         vertex 6.000000e+00 4.000000e+00 -2.012236e+02
         vertex 6.000000e+00 0.000000e+00 -2.175000e+02
      endloop
   endfacet
   facet normal 1.000000e+00 0.000000e+00 0.000000e+00
      outer loop
         vertex 6.000000e+00 0.000000e+00 -2.175000e+02
         vertex 6.000000e+00 4.000000e+00 -2.012236e+02
         vertex 6.000000e+00 4.000000e+00 -2.727636e+01
      endloop
   endfacet
   facet normal 1.000000e+00 0.000000e+00 0.000000e+00
      outer loop
         vertex 6.000000e+00 0.000000e+00 -2.175000e+02
         vertex 6.000000e+00 4.000000e+00 -2.727636e+01
         vertex 6.000000e+00 4.041334e-15 -1.100000e+01
      endloop
   endfacet
   facet normal 1.000000e+00 0.000000e+00 0.000000e+00
      outer loop
         vertex 6.000000e+00 4.041334e-15 -1.100000e+01
         vertex 6.000000e+00 4.000000e+00 -2.727636e+01
         vertex 6.000000e+00 4.287922e+00 -2.381084e+01
      endloop
   endfacet
   facet normal 1.000000e+00 -0.000000e+00 0.000000e+00
      outer loop
         vertex 6.000000e+00 4.041334e-15 -1.100000e+01
         vertex 6.000000e+00 4.287922e+00 -2.381084e+01
         vertex 6.000000e+00 1.910130e+00 -1.083289e+01
      endloop
   endfacet
   facet normal 1.000000e+00 0.000000e+00 0.000000e+00
      outer loop
         vertex 6.000000e+00 1.910130e+00 -1.083289e+01
         vertex 6.000000e+00 4.287922e+00 -2.381084e+01
         vertex 6.000000e+00 5.143793e+00 -2.044035e+01
      endloop
   endfacet
   facet normal 1.000000e+00 -0.000000e+00 0.000000e+00
      outer loop
         vertex 6.000000e+00 1.910130e+00 -1.083289e+01
         vertex 6.000000e+00 5.143793e+00 -2.044035e+01
         vertex 6.000000e+00 3.762222e+00 -1.033662e+01
      endloop
   endfacet
   facet normal 1.000000e+00 0.000000e+00 0.000000e+00
      outer loop
         vertex 6.000000e+00 3.762222e+00 -1.033662e+01
         vertex 6.000000e+00 5.143793e+00 -2.044035e+01
         vertex 6.000000e+00 6.544144e+00 -1.725731e+01
      endloop
   endfacet
   facet normal 1.000000e+00 -0.000000e+00 0.000000e+00
      outer loop
         vertex 6.000000e+00 3.762222e+00 -1.033662e+01
         vertex 6.000000e+00 6.544144e+00 -1.725731e+01
         vertex 6.000000e+00 5.500000e+00 -9.526280e+00
      endloop
   endfacet
   facet normal 1.000000e+00 0.000000e+00 0.000000e+00
      outer loop
         vertex 6.000000e+00 5.500000e+00 -9.526280e+00
         vertex 6.000000e+00 6.544144e+00 -1.725731e+01
         vertex 6.000000e+00 8.450575e+00 -1.434901e+01
      endloop
   endfacet
   facet normal 1.000000e+00 -0.000000e+00 0.000000e+00
      outer loop
         vertex 6.000000e+00 5.500000e+00 -9.526280e+00
         vertex 6.000000e+00 8.450575e+00 -1.434901e+01
         vertex 6.000000e+00 7.070664e+00 -8.426489e+00
      endloop
   endfacet
   facet normal 1.000000e+00 0.000000e+00 0.000000e+00
      outer loop
         vertex 6.000000e+00 7.070664e+00 -8.426489e+00
         vertex 6.000000e+00 8.450575e+00 -1.434901e+01
         vertex 6.000000e+00 1.081081e+01 -1.179518e+01
      endloop
   endfacet
   facet normal 1.000000e+00 -0.000000e+00 0.000000e+00
      outer loop
         vertex 6.000000e+00 7.070664e+00 -8.426489e+00
         vertex 6.000000e+00 1.081081e+01 -1.179518e+01
         vertex 6.000000e+00 8.426489e+00 -7.070664e+00
      endloop
   endfacet
   facet normal 1.000000e+00 0.000000e+00 0.000000e+00
      outer loop
         vertex 6.000000e+00 8.426489e+00 -7.070664e+00
         vertex 6.000000e+00 1.081081e+01 -1.179518e+01
         vertex 6.000000e+00 1.254871e+01 -9.926226e+00
      endloop
   endfacet
   facet normal 1.000000e+00 -0.000000e+00 0.000000e+00
      outer loop
         vertex 6.000000e+00 8.426489e+00 -7.070664e+00
         vertex 6.000000e+00 1.254871e+01 -9.926226e+00
         vertex 6.000000e+00 9.526280e+00 -5.500000e+00
      endloop
   endfacet
   facet normal 1.000000e+00 0.000000e+00 0.000000e+00
      outer loop
         vertex 6.000000e+00 9.526280e+00 -5.500000e+00
         vertex 6.000000e+00 1.254871e+01 -9.926226e+00
         vertex 6.000000e+00 1.396733e+01 -7.804719e+00
      endloop
   endfacet
   facet normal 1.000000e+00 -0.000000e+00 0.000000e+00
      outer loop
         vertex 6.000000e+00 9.526280e+00 -5.500000e+00
         vertex 6.000000e+00 1.396733e+01 -7.804719e+00
         vertex 6.000000e+00 1.033662e+01 -3.762222e+00
      endloop
   endfacet
   facet normal 1.000000e+00 0.000000e+00 0.000000e+00
      outer loop
         vertex 6.000000e+00 1.033662e+01 -3.762222e+00
         vertex 6.000000e+00 1.396733e+01 -7.804719e+00
         vertex 6.000000e+00 1.510425e+01 -5.278417e+00
      endloop
   endfacet
   facet normal 1.000000e+00 -0.000000e+00 0.000000e+00
      outer loop
         vertex 6.000000e+00 1.033662e+01 -3.762222e+00
         vertex 6.000000e+00 1.510425e+01 -5.278417e+00
         vertex 6.000000e+00 1.083289e+01 -1.910130e+00
      endloop
   endfacet
   facet normal 1.000000e+00 0.000000e+00 0.000000e+00
      outer loop
         vertex 6.000000e+00 1.083289e+01 -1.910130e+00
         vertex 6.000000e+00 1.510425e+01 -5.278417e+00
         vertex 6.000000e+00 1.578834e+01 -2.593871e+00
      endloop
   endfacet
   facet normal 1.000000e+00 -0.000000e+00 0.000000e+00
      outer loop
         vertex 6.000000e+00 1.083289e+01 -1.910130e+00
         vertex 6.000000e+00 1.578834e+01 -2.593871e+00
         vertex 6.000000e+00 1.100000e+01 6.735558e-16
      endloop
   endfacet
   facet normal 1.000000e+00 -0.000000e+00 0.000000e+00
      outer loop
         vertex 6.000000e+00 1.100000e+01 6.735558e-16
         vertex 6.000000e+00 1.578834e+01 -2.593871e+00
         vertex 6.000000e+00 1.599911e+01 1.684385e-01
      endloop
   endfacet
   facet normal 1.000000e+00 0.000000e+00 -0.000000e+00
      outer loop
         vertex 6.000000e+00 1.100000e+01 6.735558e-16
         vertex 6.000000e+00 1.599911e+01 1.684385e-01
         vertex 6.000000e+00 1.083289e+01 1.910130e+00
      endloop
   endfacet
   facet normal 1.000000e+00 -0.000000e+00 0.000000e+00
      outer loop
         vertex 6.000000e+00 1.083289e+01 1.910130e+00
         vertex 6.000000e+00 1.599911e+01 1.684385e-01
         vertex 6.000000e+00 1.573024e+01 2.925698e+00
      endloop
   endfacet
   facet normal 1.000000e+00 0.000000e+00 -0.000000e+00
      outer loop
         vertex 6.000000e+00 1.083289e+01 1.910130e+00
         vertex 6.000000e+00 1.573024e+01 2.925698e+00
         vertex 6.000000e+00 1.033662e+01 3.762222e+00
      endloop
   endfacet
   facet normal 1.000000e+00 -0.000000e+00 0.000000e+00
      outer loop
         vertex 6.000000e+00 1.033662e+01 3.762222e+00
         vertex 6.000000e+00 1.573024e+01 2.925698e+00
         vertex 6.000000e+00 1.498977e+01 5.595247e+00
      endloop
   endfacet
   facet normal 1.000000e+00 0.000000e+00 -0.000000e+00
      outer loop
         vertex 6.000000e+00 1.033662e+01 3.762222e+00
         vertex 6.000000e+00 1.498977e+01 5.595247e+00
         vertex 6.000000e+00 9.526280e+00 5.500000e+00
      endloop
   endfacet
   facet normal 1.000000e+00 0.000000e+00 0.000000e+00
      outer loop
         vertex 6.000000e+00 9.526280e+00 5.500000e+00
         vertex 6.000000e+00 1.498977e+01 5.595247e+00
         vertex 6.000000e+00 1.379992e+01 8.097052e+00
      endloop
   endfacet
   facet normal 1.000000e+00 0.000000e+00 -0.000000e+00
      outer loop
         vertex 6.000000e+00 9.526280e+00 5.500000e+00
         vertex 6.000000e+00 1.379992e+01 8.097052e+00
         vertex 6.000000e+00 8.426489e+00 7.070664e+00
      endloop
   endfacet
   facet normal 1.000000e+00 0.000000e+00 0.000000e+00
      outer loop
         vertex 6.000000e+00 8.426489e+00 7.070664e+00
         vertex 6.000000e+00 1.379992e+01 8.097052e+00
         vertex 6.000000e+00 1.219635e+01 1.035611e+01
      endloop
   endfacet
   facet normal 1.000000e+00 0.000000e+00 -0.000000e+00
      outer loop
         vertex 6.000000e+00 8.426489e+00 7.070664e+00
         vertex 6.000000e+00 1.219635e+01 1.035611e+01
         vertex 6.000000e+00 7.070664e+00 8.426489e+00
      endloop
   endfacet
   facet normal 1.000000e+00 0.000000e+00 0.000000e+00
      outer loop
         vertex 6.000000e+00 7.070664e+00 8.426489e+00
         vertex 6.000000e+00 1.219635e+01 1.035611e+01
         vertex 6.000000e+00 1.022714e+01 1.230470e+01
      endloop
   endfacet
   facet normal 1.000000e+00 0.000000e+00 -0.000000e+00
      outer loop
         vertex 6.000000e+00 7.070664e+00 8.426489e+00
         vertex 6.000000e+00 1.022714e+01 1.230470e+01
         vertex 6.000000e+00 5.500000e+00 9.526280e+00
      endloop
   endfacet
   facet normal 1.000000e+00 0.000000e+00 0.000000e+00
      outer loop
         vertex 6.000000e+00 5.500000e+00 9.526280e+00
         vertex 6.000000e+00 1.022714e+01 1.230470e+01
         vertex 6.000000e+00 7.951326e+00 1.388439e+01
      endloop
   endfacet
   facet normal 1.000000e+00 0.000000e+00 -0.000000e+00
      outer loop
         vertex 6.000000e+00 5.500000e+00 9.526280e+00
         vertex 6.000000e+00 7.951326e+00 1.388439e+01
         vertex 6.000000e+00 3.762222e+00 1.033662e+01
      endloop
   endfacet
   facet normal 1.000000e+00 0.000000e+00 0.000000e+00
      outer loop
         vertex 6.000000e+00 3.762222e+00 1.033662e+01
         vertex 6.000000e+00 7.951326e+00 1.388439e+01
         vertex 6.000000e+00 5.437133e+00 1.504784e+01
      endloop
   endfacet
   facet normal 1.000000e+00 0.000000e+00 -0.000000e+00
      outer loop
         vertex 6.000000e+00 3.762222e+00 1.033662e+01
         vertex 6.000000e+00 5.437133e+00 1.504784e+01
         vertex 6.000000e+00 1.910130e+00 1.083289e+01
      endloop
   endfacet
   facet normal 1.000000e+00 0.000000e+00 0.000000e+00
      outer loop
         vertex 6.000000e+00 1.910130e+00 1.083289e+01
         vertex 6.000000e+00 5.437133e+00 1.504784e+01
         vertex 6.000000e+00 2.759937e+00 1.576016e+01
      endloop
   endfacet
   facet normal 1.000000e+00 0.000000e+00 -0.000000e+00
      outer loop
         vertex 6.000000e+00 1.910130e+00 1.083289e+01
         vertex 6.000000e+00 2.759937e+00 1.576016e+01
         vertex 6.000000e+00 0.000000e+00 1.100000e+01
      endloop
   endfacet
   facet normal 1.000000e+00 0.000000e+00 -0.000000e+00
      outer loop
         vertex 6.000000e+00 0.000000e+00 1.100000e+01
         vertex 6.000000e+00 2.759937e+00 1.576016e+01
         vertex 6.000000e+00 -3.918870e-15 1.600000e+01
      endloop
   endfacet
   facet normal 1.000000e+00 0.000000e+00 0.000000e+00
      outer loop
         vertex 6.000000e+00 0.000000e+00 1.100000e+01
         vertex 6.000000e+00 -3.918870e-15 1.600000e+01
         vertex 6.000000e+00 -1.910130e+00 1.083289e+01
      endloop
   endfacet
   facet normal 1.000000e+00 0.000000e+00 -0.000000e+00
      outer loop
         vertex 6.000000e+00 -1.910130e+00 1.083289e+01
         vertex 6.000000e+00 -3.918870e-15 1.600000e+01
         vertex 6.000000e+00 -2.759937e+00 1.576016e+01
      endloop
   endfacet
   facet normal 1.000000e+00 0.000000e+00 0.000000e+00
      outer loop
         vertex 6.000000e+00 -1.910130e+00 1.083289e+01
         vertex 6.000000e+00 -2.759937e+00 1.576016e+01
         vertex 6.000000e+00 -3.762222e+00 1.033662e+01
      endloop
   endfacet
   facet normal 1.000000e+00 0.000000e+00 -0.000000e+00
      outer loop
         vertex 6.000000e+00 -3.762222e+00 1.033662e+01
         vertex 6.000000e+00 -2.759937e+00 1.576016e+01
         vertex 6.000000e+00 -5.437133e+00 1.504784e+01
      endloop
   endfacet
   facet normal 1.000000e+00 0.000000e+00 0.000000e+00
      outer loop
         vertex 6.000000e+00 -3.762222e+00 1.033662e+01
         vertex 6.000000e+00 -5.437133e+00 1.504784e+01
         vertex 6.000000e+00 -5.500000e+00 9.526280e+00
      endloop
   endfacet
   facet normal 1.000000e+00 0.000000e+00 -0.000000e+00
      outer loop
         vertex 6.000000e+00 -5.500000e+00 9.526280e+00
         vertex 6.000000e+00 -5.437133e+00 1.504784e+01
         vertex 6.000000e+00 -7.951326e+00 1.388439e+01
      endloop
   endfacet
   facet normal 1.000000e+00 0.000000e+00 0.000000e+00
      outer loop
         vertex 6.000000e+00 -5.500000e+00 9.526280e+00
         vertex 6.000000e+00 -7.951326e+00 1.388439e+01
         vertex 6.000000e+00 -7.070664e+00 8.426489e+00
      endloop
   endfacet
   facet normal 1.000000e+00 0.000000e+00 0.000000e+00
      outer loop
         vertex 6.000000e+00 -7.070664e+00 8.426489e+00
         vertex 6.000000e+00 -7.951326e+00 1.388439e+01
         vertex 6.000000e+00 -1.022714e+01 1.230470e+01
      endloop
   endfacet
   facet normal 1.000000e+00 0.000000e+00 0.000000e+00
      outer loop
         vertex 6.000000e+00 -7.070664e+00 8.426489e+00
         vertex 6.000000e+00 -1.022714e+01 1.230470e+01
         vertex 6.000000e+00 -8.426489e+00 7.070664e+00
      endloop
   endfacet
   facet normal 1.000000e+00 0.000000e+00 0.000000e+00
      outer loop
         vertex 6.000000e+00 -8.426489e+00 7.070664e+00
         vertex 6.000000e+00 -1.022714e+01 1.230470e+01
         vertex 6.000000e+00 -1.219635e+01 1.035611e+01
      endloop
   endfacet
   facet normal 1.000000e+00 0.000000e+00 0.000000e+00
      outer loop
         vertex 6.000000e+00 -8.426489e+00 7.070664e+00
         vertex 6.000000e+00 -1.219635e+01 1.035611e+01
         vertex 6.000000e+00 -9.526280e+00 5.500000e+00
      endloop
   endfacet
   facet normal 1.000000e+00 0.000000e+00 0.000000e+00
      outer loop
         vertex 6.000000e+00 -9.526280e+00 5.500000e+00
         vertex 6.000000e+00 -1.219635e+01 1.035611e+01
         vertex 6.000000e+00 -1.379992e+01 8.097052e+00
      endloop
   endfacet
   facet normal 1.000000e+00 0.000000e+00 0.000000e+00
      outer loop
         vertex 6.000000e+00 -9.526280e+00 5.500000e+00
         vertex 6.000000e+00 -1.379992e+01 8.097052e+00
         vertex 6.000000e+00 -1.033662e+01 3.762222e+00
      endloop
   endfacet
   facet normal 1.000000e+00 0.000000e+00 0.000000e+00
      outer loop
         vertex 6.000000e+00 -1.033662e+01 3.762222e+00
         vertex 6.000000e+00 -1.379992e+01 8.097052e+00
         vertex 6.000000e+00 -1.498977e+01 5.595247e+00
      endloop
   endfacet
   facet normal 1.000000e+00 0.000000e+00 0.000000e+00
      outer loop
         vertex 6.000000e+00 -1.033662e+01 3.762222e+00
         vertex 6.000000e+00 -1.498977e+01 5.595247e+00
         vertex 6.000000e+00 -1.083289e+01 1.910130e+00
      endloop
   endfacet
   facet normal 1.000000e+00 0.000000e+00 0.000000e+00
      outer loop
         vertex 6.000000e+00 -1.083289e+01 1.910130e+00
         vertex 6.000000e+00 -1.498977e+01 5.595247e+00
         vertex 6.000000e+00 -1.573024e+01 2.925698e+00
      endloop
   endfacet
   facet normal 1.000000e+00 0.000000e+00 0.000000e+00
      outer loop
         vertex 6.000000e+00 -1.083289e+01 1.910130e+00
         vertex 6.000000e+00 -1.573024e+01 2.925698e+00
         vertex 6.000000e+00 -1.100000e+01 -2.020667e-15
      endloop
   endfacet
   facet normal 1.000000e+00 0.000000e+00 0.000000e+00
      outer loop
         vertex 6.000000e+00 -1.100000e+01 -2.020667e-15
         vertex 6.000000e+00 -1.573024e+01 2.925698e+00
         vertex 6.000000e+00 -1.599911e+01 1.684385e-01
      endloop
   endfacet
   facet normal 1.000000e+00 0.000000e+00 0.000000e+00
      outer loop
         vertex 6.000000e+00 -1.100000e+01 -2.020667e-15
         vertex 6.000000e+00 -1.599911e+01 1.684385e-01
         vertex 6.000000e+00 -1.083289e+01 -1.910130e+00
      endloop
   endfacet
   facet normal 1.000000e+00 0.000000e+00 0.000000e+00
      outer loop
         vertex 6.000000e+00 -1.083289e+01 -1.910130e+00
         vertex 6.000000e+00 -1.599911e+01 1.684385e-01
         vertex 6.000000e+00 -1.578834e+01 -2.593871e+00
      endloop
   endfacet
   facet normal 1.000000e+00 0.000000e+00 0.000000e+00
      outer loop
         vertex 6.000000e+00 -1.083289e+01 -1.910130e+00
         vertex 6.000000e+00 -1.578834e+01 -2.593871e+00
         vertex 6.000000e+00 -1.033662e+01 -3.762222e+00
      endloop
   endfacet
   facet normal 1.000000e+00 0.000000e+00 0.000000e+00
      outer loop
         vertex 6.000000e+00 -1.033662e+01 -3.762222e+00
         vertex 6.000000e+00 -1.578834e+01 -2.593871e+00
         vertex 6.000000e+00 -1.510425e+01 -5.278417e+00
      endloop
   endfacet
   facet normal 1.000000e+00 0.000000e+00 0.000000e+00
      outer loop
         vertex 6.000000e+00 -1.033662e+01 -3.762222e+00
         vertex 6.000000e+00 -1.510425e+01 -5.278417e+00
         vertex 6.000000e+00 -9.526280e+00 -5.500000e+00
      endloop
   endfacet
   facet normal 1.000000e+00 0.000000e+00 0.000000e+00
      outer loop
         vertex 6.000000e+00 -9.526280e+00 -5.500000e+00
         vertex 6.000000e+00 -1.510425e+01 -5.278417e+00
         vertex 6.000000e+00 -1.396733e+01 -7.804719e+00
      endloop
   endfacet
   facet normal 1.000000e+00 0.000000e+00 0.000000e+00
      outer loop
         vertex 6.000000e+00 -9.526280e+00 -5.500000e+00
         vertex 6.000000e+00 -1.396733e+01 -7.804719e+00
         vertex 6.000000e+00 -8.426489e+00 -7.070664e+00
      endloop
   endfacet
   facet normal 1.000000e+00 0.000000e+00 0.000000e+00
      outer loop
         vertex 6.000000e+00 -8.426489e+00 -7.070664e+00
         vertex 6.000000e+00 -1.396733e+01 -7.804719e+00
         vertex 6.000000e+00 -1.254871e+01 -9.926226e+00
      endloop
   endfacet
   facet normal 1.000000e+00 0.000000e+00 0.000000e+00
      outer loop
         vertex 6.000000e+00 -8.426489e+00 -7.070664e+00
         vertex 6.000000e+00 -1.254871e+01 -9.926226e+00
         vertex 6.000000e+00 -7.070664e+00 -8.426489e+00
      endloop
   endfacet
   facet normal 1.000000e+00 0.000000e+00 0.000000e+00
      outer loop
         vertex 6.000000e+00 -7.070664e+00 -8.426489e+00
         vertex 6.000000e+00 -1.254871e+01 -9.926226e+00
         vertex 6.000000e+00 -1.081081e+01 -1.179518e+01
      endloop
   endfacet
   facet normal 1.000000e+00 0.000000e+00 0.000000e+00
      outer loop
         vertex 6.000000e+00 -7.070664e+00 -8.426489e+00
         vertex 6.000000e+00 -1.081081e+01 -1.179518e+01
         vertex 6.000000e+00 -5.500000e+00 -9.526280e+00
      endloop
   endfacet
   facet normal 1.000000e+00 0.000000e+00 0.000000e+00
      outer loop
         vertex 6.000000e+00 -5.500000e+00 -9.526280e+00
         vertex 6.000000e+00 -1.081081e+01 -1.179518e+01
         vertex 6.000000e+00 -8.450575e+00 -1.434901e+01
      endloop
   endfacet
   facet normal 1.000000e+00 0.000000e+00 0.000000e+00
      outer loop
         vertex 6.000000e+00 -5.500000e+00 -9.526280e+00
         vertex 6.000000e+00 -8.450575e+00 -1.434901e+01
         vertex 6.000000e+00 -3.762222e+00 -1.033662e+01
      endloop
   endfacet
   facet normal 1.000000e+00 0.000000e+00 0.000000e+00
      outer loop
         vertex 6.000000e+00 -3.762222e+00 -1.033662e+01
         vertex 6.000000e+00 -8.450575e+00 -1.434901e+01
         vertex 6.000000e+00 -6.544144e+00 -1.725731e+01
      endloop
   endfacet
   facet normal 1.000000e+00 0.000000e+00 0.000000e+00
      outer loop
         vertex 6.000000e+00 -3.762222e+00 -1.033662e+01
         vertex 6.000000e+00 -6.544144e+00 -1.725731e+01
         vertex 6.000000e+00 -1.910130e+00 -1.083289e+01
      endloop
   endfacet
   facet normal 1.000000e+00 0.000000e+00 0.000000e+00
      outer loop
         vertex 6.000000e+00 -1.910130e+00 -1.083289e+01
         vertex 6.000000e+00 -6.544144e+00 -1.725731e+01
         vertex 6.000000e+00 -5.143793e+00 -2.044035e+01
      endloop
   endfacet
   facet normal 1.000000e+00 0.000000e+00 0.000000e+00
      outer loop
         vertex 6.000000e+00 -1.910130e+00 -1.083289e+01
         vertex 6.000000e+00 -5.143793e+00 -2.044035e+01
         vertex 6.000000e+00 -4.287922e+00 -2.381084e+01
      endloop
   endfacet
   facet normal 0.000000e+00 -1.000000e+00 0.000000e+00
      outer loop
         vertex -2.000000e+00 -1.000000e+01 -2.016225e+02
         vertex 1.214306e-14 -1.000000e+01 -2.016225e+02
         vertex -2.000000e+00 -1.000000e+01 -2.687750e+01
      endloop
   endfacet
   facet normal 0.000000e+00 -1.000000e+00 0.000000e+00
      outer loop
         vertex -2.000000e+00 -1.000000e+01 -2.687750e+01
         vertex 1.214306e-14 -1.000000e+01 -2.016225e+02
         vertex 1.734723e-15 -1.000000e+01 -2.687750e+01
      endloop
   endfacet
   facet normal -0.000000e+00 1.000000e+00 0.000000e+00
      outer loop
         vertex -2.000000e+00 1.000000e+01 -2.687750e+01
         vertex 1.734723e-15 1.000000e+01 -2.687750e+01
         vertex -2.000000e+00 1.000000e+01 -2.016225e+02
      endloop
   endfacet
   facet normal 0.000000e+00 1.000000e+00 0.000000e+00
      outer loop
         vertex -2.000000e+00 1.000000e+01 -2.016225e+02
         vertex 1.734723e-15 1.000000e+01 -2.687750e+01
         vertex 1.214306e-14 1.000000e+01 -2.016225e+02
      endloop
   endfacet
   facet normal -1.000000e+00 0.000000e+00 0.000000e+00
      outer loop
         vertex -6.000000e+00 -9.000000e+00 -2.687750e+01
         vertex -6.000000e+00 -1.910130e+00 -2.176671e+02
         vertex -6.000000e+00 -9.000000e+00 -2.016225e+02
      endloop
   endfacet
   facet normal -1.000000e+00 0.000000e+00 0.000000e+00
      outer loop
         vertex -6.000000e+00 -9.000000e+00 -2.016225e+02
         vertex -6.000000e+00 -1.910130e+00 -2.176671e+02
         vertex -6.000000e+00 -3.762222e+00 -2.181634e+02
      endloop
   endfacet
   facet normal -1.000000e+00 0.000000e+00 0.000000e+00
      outer loop
         vertex -6.000000e+00 -1.182079e+01 -2.162043e+02
         vertex -6.000000e+00 -1.026221e+01 -2.114770e+02
         vertex -6.000000e+00 -5.500000e+00 -2.189737e+02
      endloop
   endfacet
   facet normal -1.000000e+00 0.000000e+00 0.000000e+00
      outer loop
         vertex -6.000000e+00 -5.500000e+00 -2.189737e+02
         vertex -6.000000e+00 -1.026221e+01 -2.114770e+02
         vertex -6.000000e+00 -3.762222e+00 -2.181634e+02
      endloop
   endfacet
   facet normal -1.000000e+00 0.000000e+00 0.000000e+00
      outer loop
         vertex -6.000000e+00 -3.762222e+00 -2.181634e+02
         vertex -6.000000e+00 -1.026221e+01 -2.114770e+02
         vertex -6.000000e+00 -9.316836e+00 -2.065900e+02
      endloop
   endfacet
   facet normal -1.000000e+00 0.000000e+00 0.000000e+00
      outer loop
         vertex -6.000000e+00 -3.762222e+00 -2.181634e+02
         vertex -6.000000e+00 -9.316836e+00 -2.065900e+02
         vertex -6.000000e+00 -9.000000e+00 -2.016225e+02
      endloop
   endfacet
   facet normal -1.000000e+00 -0.000000e+00 0.000000e+00
      outer loop
         vertex -6.000000e+00 1.182079e+01 -1.229570e+01
         vertex -6.000000e+00 1.026221e+01 -1.702299e+01
         vertex -6.000000e+00 5.500000e+00 -9.526280e+00
      endloop
   endfacet
   facet normal -1.000000e+00 -0.000000e+00 0.000000e+00
      outer loop
         vertex -6.000000e+00 -5.500000e+00 -2.189737e+02
         vertex -6.000000e+00 -7.070664e+00 -2.200735e+02
         vertex -6.000000e+00 -1.182079e+01 -2.162043e+02
      endloop
   endfacet
   facet normal -1.000000e+00 0.000000e+00 0.000000e+00
      outer loop
         vertex -6.000000e+00 -1.182079e+01 -2.162043e+02
         vertex -6.000000e+00 -7.070664e+00 -2.200735e+02
         vertex -6.000000e+00 -8.426489e+00 -2.214293e+02
      endloop
   endfacet
   facet normal -1.000000e+00 0.000000e+00 -0.000000e+00
      outer loop
         vertex -6.000000e+00 -1.182079e+01 -2.162043e+02
         vertex -6.000000e+00 -8.426489e+00 -2.214293e+02
         vertex -6.000000e+00 -1.396733e+01 -2.206953e+02
      endloop
   endfacet
   facet normal -1.000000e+00 0.000000e+00 0.000000e+00
      outer loop
         vertex -6.000000e+00 -1.396733e+01 -2.206953e+02
         vertex -6.000000e+00 -8.426489e+00 -2.214293e+02
         vertex -6.000000e+00 -9.526280e+00 -2.230000e+02
      endloop
   endfacet
   facet normal -1.000000e+00 0.000000e+00 -0.000000e+00
      outer loop
         vertex -6.000000e+00 -1.396733e+01 -2.206953e+02
         vertex -6.000000e+00 -9.526280e+00 -2.230000e+02
         vertex -6.000000e+00 -1.510425e+01 -2.232216e+02
      endloop
   endfacet
   facet normal -1.000000e+00 0.000000e+00 0.000000e+00
      outer loop
         vertex -6.000000e+00 -1.510425e+01 -2.232216e+02
         vertex -6.000000e+00 -9.526280e+00 -2.230000e+02
         vertex -6.000000e+00 -1.033662e+01 -2.247378e+02
      endloop
   endfacet
   facet normal -1.000000e+00 0.000000e+00 -0.000000e+00
      outer loop
         vertex -6.000000e+00 -1.510425e+01 -2.232216e+02
         vertex -6.000000e+00 -1.033662e+01 -2.247378e+02
         vertex -6.000000e+00 -1.578834e+01 -2.259061e+02
      endloop
   endfacet
   facet normal -1.000000e+00 0.000000e+00 0.000000e+00
      outer loop
         vertex -6.000000e+00 -1.578834e+01 -2.259061e+02
         vertex -6.000000e+00 -1.033662e+01 -2.247378e+02
         vertex -6.000000e+00 -1.083289e+01 -2.265899e+02
      endloop
   endfacet
   facet normal -1.000000e+00 0.000000e+00 -0.000000e+00
      outer loop
         vertex -6.000000e+00 -1.578834e+01 -2.259061e+02
         vertex -6.000000e+00 -1.083289e+01 -2.265899e+02
         vertex -6.000000e+00 -1.599911e+01 -2.286684e+02
      endloop
   endfacet
   facet normal -1.000000e+00 0.000000e+00 0.000000e+00
      outer loop
         vertex -6.000000e+00 -1.599911e+01 -2.286684e+02
         vertex -6.000000e+00 -1.083289e+01 -2.265899e+02
         vertex -6.000000e+00 -1.100000e+01 -2.285000e+02
      endloop
   endfacet
   facet normal -1.000000e+00 0.000000e+00 0.000000e+00
      outer loop
         vertex -6.000000e+00 -1.599911e+01 -2.286684e+02
         vertex -6.000000e+00 -1.100000e+01 -2.285000e+02
         vertex -6.000000e+00 -1.573024e+01 -2.314257e+02
      endloop
   endfacet
   facet normal -1.000000e+00 0.000000e+00 0.000000e+00
      outer loop
         vertex -6.000000e+00 -1.573024e+01 -2.314257e+02
         vertex -6.000000e+00 -1.100000e+01 -2.285000e+02
         vertex -6.000000e+00 -1.083289e+01 -2.304101e+02
      endloop
   endfacet
   facet normal -1.000000e+00 0.000000e+00 0.000000e+00
      outer loop
         vertex -6.000000e+00 -1.573024e+01 -2.314257e+02
         vertex -6.000000e+00 -1.083289e+01 -2.304101e+02
         vertex -6.000000e+00 -1.498977e+01 -2.340952e+02
      endloop
   endfacet
   facet normal -1.000000e+00 0.000000e+00 0.000000e+00
      outer loop
         vertex -6.000000e+00 -1.498977e+01 -2.340952e+02
         vertex -6.000000e+00 -1.083289e+01 -2.304101e+02
         vertex -6.000000e+00 -1.033662e+01 -2.322622e+02
      endloop
   endfacet
   facet normal -1.000000e+00 0.000000e+00 0.000000e+00
      outer loop
         vertex -6.000000e+00 -1.498977e+01 -2.340952e+02
         vertex -6.000000e+00 -1.033662e+01 -2.322622e+02
         vertex -6.000000e+00 -1.379992e+01 -2.365970e+02
      endloop
   endfacet
   facet normal -1.000000e+00 0.000000e+00 0.000000e+00
      outer loop
         vertex -6.000000e+00 -1.379992e+01 -2.365970e+02
         vertex -6.000000e+00 -1.033662e+01 -2.322622e+02
         vertex -6.000000e+00 -9.526280e+00 -2.340000e+02
      endloop
   endfacet
   facet normal -1.000000e+00 0.000000e+00 0.000000e+00
      outer loop
         vertex -6.000000e+00 -1.379992e+01 -2.365970e+02
         vertex -6.000000e+00 -9.526280e+00 -2.340000e+02
         vertex -6.000000e+00 -1.219635e+01 -2.388561e+02
      endloop
   endfacet
   facet normal -1.000000e+00 0.000000e+00 0.000000e+00
      outer loop
         vertex -6.000000e+00 -1.219635e+01 -2.388561e+02
         vertex -6.000000e+00 -9.526280e+00 -2.340000e+02
         vertex -6.000000e+00 -8.426489e+00 -2.355707e+02
      endloop
   endfacet
   facet normal -1.000000e+00 0.000000e+00 0.000000e+00
      outer loop
         vertex -6.000000e+00 -1.219635e+01 -2.388561e+02
         vertex -6.000000e+00 -8.426489e+00 -2.355707e+02
         vertex -6.000000e+00 -1.022714e+01 -2.408047e+02
      endloop
   endfacet
   facet normal -1.000000e+00 0.000000e+00 0.000000e+00
      outer loop
         vertex -6.000000e+00 -1.022714e+01 -2.408047e+02
         vertex -6.000000e+00 -8.426489e+00 -2.355707e+02
         vertex -6.000000e+00 -7.070664e+00 -2.369265e+02
      endloop
   endfacet
   facet normal -1.000000e+00 0.000000e+00 0.000000e+00
      outer loop
         vertex -6.000000e+00 -1.022714e+01 -2.408047e+02
         vertex -6.000000e+00 -7.070664e+00 -2.369265e+02
         vertex -6.000000e+00 -7.951326e+00 -2.423844e+02
      endloop
   endfacet
   facet normal -1.000000e+00 0.000000e+00 0.000000e+00
      outer loop
         vertex -6.000000e+00 -7.951326e+00 -2.423844e+02
         vertex -6.000000e+00 -7.070664e+00 -2.369265e+02
         vertex -6.000000e+00 -5.500000e+00 -2.380263e+02
      endloop
   endfacet
   facet normal -1.000000e+00 0.000000e+00 0.000000e+00
      outer loop
         vertex -6.000000e+00 -7.951326e+00 -2.423844e+02
         vertex -6.000000e+00 -5.500000e+00 -2.380263e+02
         vertex -6.000000e+00 -5.437133e+00 -2.435478e+02
      endloop
   endfacet
   facet normal -1.000000e+00 0.000000e+00 0.000000e+00
      outer loop
         vertex -6.000000e+00 -5.437133e+00 -2.435478e+02
         vertex -6.000000e+00 -5.500000e+00 -2.380263e+02
         vertex -6.000000e+00 -3.762222e+00 -2.388366e+02
      endloop
   endfacet
   facet normal -1.000000e+00 0.000000e+00 0.000000e+00
      outer loop
         vertex -6.000000e+00 -5.437133e+00 -2.435478e+02
         vertex -6.000000e+00 -3.762222e+00 -2.388366e+02
         vertex -6.000000e+00 -2.759937e+00 -2.442602e+02
      endloop
   endfacet
   facet normal -1.000000e+00 0.000000e+00 0.000000e+00
      outer loop
         vertex -6.000000e+00 -2.759937e+00 -2.442602e+02
         vertex -6.000000e+00 -3.762222e+00 -2.388366e+02
         vertex -6.000000e+00 -1.910130e+00 -2.393329e+02
      endloop
   endfacet
   facet normal -1.000000e+00 0.000000e+00 0.000000e+00
      outer loop
         vertex -6.000000e+00 -2.759937e+00 -2.442602e+02
         vertex -6.000000e+00 -1.910130e+00 -2.393329e+02
         vertex -6.000000e+00 2.450284e-14 -2.445000e+02
      endloop
   endfacet
   facet normal -1.000000e+00 0.000000e+00 0.000000e+00
      outer loop
         vertex -6.000000e+00 2.450284e-14 -2.445000e+02
         vertex -6.000000e+00 -1.910130e+00 -2.393329e+02
         vertex -6.000000e+00 1.347112e-15 -2.395000e+02
      endloop
   endfacet
   facet normal -1.000000e+00 0.000000e+00 0.000000e+00
      outer loop
         vertex -6.000000e+00 2.450284e-14 -2.445000e+02
         vertex -6.000000e+00 1.347112e-15 -2.395000e+02
         vertex -6.000000e+00 2.759937e+00 -2.442602e+02
      endloop
   endfacet
   facet normal -1.000000e+00 0.000000e+00 0.000000e+00
      outer loop
         vertex -6.000000e+00 2.759937e+00 -2.442602e+02
         vertex -6.000000e+00 1.347112e-15 -2.395000e+02
         vertex -6.000000e+00 1.910130e+00 -2.393329e+02
      endloop
   endfacet
   facet normal -1.000000e+00 0.000000e+00 0.000000e+00
      outer loop
         vertex -6.000000e+00 2.759937e+00 -2.442602e+02
         vertex -6.000000e+00 1.910130e+00 -2.393329e+02
         vertex -6.000000e+00 5.437133e+00 -2.435478e+02
      endloop
   endfacet
   facet normal -1.000000e+00 0.000000e+00 0.000000e+00
      outer loop
         vertex -6.000000e+00 5.437133e+00 -2.435478e+02
         vertex -6.000000e+00 1.910130e+00 -2.393329e+02
         vertex -6.000000e+00 3.762222e+00 -2.388366e+02
      endloop
   endfacet
   facet normal -1.000000e+00 0.000000e+00 0.000000e+00
      outer loop
         vertex -6.000000e+00 5.437133e+00 -2.435478e+02
         vertex -6.000000e+00 3.762222e+00 -2.388366e+02
         vertex -6.000000e+00 7.951326e+00 -2.423844e+02
      endloop
   endfacet
   facet normal -1.000000e+00 0.000000e+00 0.000000e+00
      outer loop
         vertex -6.000000e+00 7.951326e+00 -2.423844e+02
         vertex -6.000000e+00 3.762222e+00 -2.388366e+02
         vertex -6.000000e+00 5.500000e+00 -2.380263e+02
      endloop
   endfacet
   facet normal -1.000000e+00 0.000000e+00 0.000000e+00
      outer loop
         vertex -6.000000e+00 7.951326e+00 -2.423844e+02
         vertex -6.000000e+00 5.500000e+00 -2.380263e+02
         vertex -6.000000e+00 1.022714e+01 -2.408047e+02
      endloop
   endfacet
   facet normal -1.000000e+00 0.000000e+00 0.000000e+00
      outer loop
         vertex -6.000000e+00 1.022714e+01 -2.408047e+02
         vertex -6.000000e+00 5.500000e+00 -2.380263e+02
         vertex -6.000000e+00 7.070664e+00 -2.369265e+02
      endloop
   endfacet
   facet normal -1.000000e+00 0.000000e+00 0.000000e+00
      outer loop
         vertex -6.000000e+00 1.022714e+01 -2.408047e+02
         vertex -6.000000e+00 7.070664e+00 -2.369265e+02
         vertex -6.000000e+00 1.219635e+01 -2.388561e+02
      endloop
   endfacet
   facet normal -1.000000e+00 0.000000e+00 0.000000e+00
      outer loop
         vertex -6.000000e+00 1.219635e+01 -2.388561e+02
         vertex -6.000000e+00 7.070664e+00 -2.369265e+02
         vertex -6.000000e+00 8.426489e+00 -2.355707e+02
      endloop
   endfacet
   facet normal -1.000000e+00 0.000000e+00 0.000000e+00
      outer loop
         vertex -6.000000e+00 1.219635e+01 -2.388561e+02
         vertex -6.000000e+00 8.426489e+00 -2.355707e+02
         vertex -6.000000e+00 1.379992e+01 -2.365970e+02
      endloop
   endfacet
   facet normal -1.000000e+00 0.000000e+00 0.000000e+00
      outer loop
         vertex -6.000000e+00 1.379992e+01 -2.365970e+02
         vertex -6.000000e+00 8.426489e+00 -2.355707e+02
         vertex -6.000000e+00 9.526280e+00 -2.340000e+02
      endloop
   endfacet
   facet normal -1.000000e+00 0.000000e+00 0.000000e+00
      outer loop
         vertex -6.000000e+00 1.379992e+01 -2.365970e+02
         vertex -6.000000e+00 9.526280e+00 -2.340000e+02
         vertex -6.000000e+00 1.498977e+01 -2.340952e+02
      endloop
   endfacet
   facet normal -1.000000e+00 0.000000e+00 0.000000e+00
      outer loop
         vertex -6.000000e+00 1.498977e+01 -2.340952e+02
         vertex -6.000000e+00 9.526280e+00 -2.340000e+02
         vertex -6.000000e+00 1.033662e+01 -2.322622e+02
      endloop
   endfacet
   facet normal -1.000000e+00 0.000000e+00 0.000000e+00
      outer loop
         vertex -6.000000e+00 1.498977e+01 -2.340952e+02
         vertex -6.000000e+00 1.033662e+01 -2.322622e+02
         vertex -6.000000e+00 1.573024e+01 -2.314257e+02
      endloop
   endfacet
   facet normal -1.000000e+00 -0.000000e+00 0.000000e+00
      outer loop
         vertex -6.000000e+00 1.573024e+01 -2.314257e+02
         vertex -6.000000e+00 1.033662e+01 -2.322622e+02
         vertex -6.000000e+00 1.083289e+01 -2.304101e+02
      endloop
   endfacet
   facet normal -1.000000e+00 0.000000e+00 0.000000e+00
      outer loop
         vertex -6.000000e+00 1.573024e+01 -2.314257e+02
         vertex -6.000000e+00 1.083289e+01 -2.304101e+02
         vertex -6.000000e+00 1.599911e+01 -2.286684e+02
      endloop
   endfacet
   facet normal -1.000000e+00 -0.000000e+00 0.000000e+00
      outer loop
         vertex -6.000000e+00 1.599911e+01 -2.286684e+02
         vertex -6.000000e+00 1.083289e+01 -2.304101e+02
         vertex -6.000000e+00 1.100000e+01 -2.285000e+02
      endloop
   endfacet
   facet normal -1.000000e+00 0.000000e+00 0.000000e+00
      outer loop
         vertex -6.000000e+00 1.599911e+01 -2.286684e+02
         vertex -6.000000e+00 1.100000e+01 -2.285000e+02
         vertex -6.000000e+00 1.578834e+01 -2.259061e+02
      endloop
   endfacet
   facet normal -1.000000e+00 0.000000e+00 0.000000e+00
      outer loop
         vertex -6.000000e+00 1.578834e+01 -2.259061e+02
         vertex -6.000000e+00 1.100000e+01 -2.285000e+02
         vertex -6.000000e+00 1.083289e+01 -2.265899e+02
      endloop
   endfacet
   facet normal -1.000000e+00 -0.000000e+00 0.000000e+00
      outer loop
         vertex -6.000000e+00 1.578834e+01 -2.259061e+02
         vertex -6.000000e+00 1.083289e+01 -2.265899e+02
         vertex -6.000000e+00 1.510425e+01 -2.232216e+02
      endloop
   endfacet
   facet normal -1.000000e+00 0.000000e+00 0.000000e+00
      outer loop
         vertex -6.000000e+00 1.510425e+01 -2.232216e+02
         vertex -6.000000e+00 1.083289e+01 -2.265899e+02
         vertex -6.000000e+00 1.033662e+01 -2.247378e+02
      endloop
   endfacet
   facet normal -1.000000e+00 -0.000000e+00 0.000000e+00
      outer loop
         vertex -6.000000e+00 1.510425e+01 -2.232216e+02
         vertex -6.000000e+00 1.033662e+01 -2.247378e+02
         vertex -6.000000e+00 1.396733e+01 -2.206953e+02
      endloop
   endfacet
   facet normal -1.000000e+00 0.000000e+00 0.000000e+00
      outer loop
         vertex -6.000000e+00 1.396733e+01 -2.206953e+02
         vertex -6.000000e+00 1.033662e+01 -2.247378e+02
         vertex -6.000000e+00 9.526280e+00 -2.230000e+02
      endloop
   endfacet
   facet normal -1.000000e+00 -0.000000e+00 0.000000e+00
      outer loop
         vertex -6.000000e+00 1.396733e+01 -2.206953e+02
         vertex -6.000000e+00 9.526280e+00 -2.230000e+02
         vertex -6.000000e+00 1.182079e+01 -2.162043e+02
      endloop
   endfacet
   facet normal -1.000000e+00 0.000000e+00 -0.000000e+00
      outer loop
         vertex -6.000000e+00 5.500000e+00 -9.526280e+00
         vertex -6.000000e+00 1.026221e+01 -1.702299e+01
         vertex -6.000000e+00 3.762222e+00 -1.033662e+01
      endloop
   endfacet
   facet normal -1.000000e+00 0.000000e+00 0.000000e+00
      outer loop
         vertex -6.000000e+00 3.762222e+00 -1.033662e+01
         vertex -6.000000e+00 1.026221e+01 -1.702299e+01
         vertex -6.000000e+00 9.316836e+00 -2.190999e+01
      endloop
   endfacet
   facet normal -1.000000e+00 0.000000e+00 0.000000e+00
      outer loop
         vertex -6.000000e+00 3.762222e+00 -1.033662e+01
         vertex -6.000000e+00 9.316836e+00 -2.190999e+01
         vertex -6.000000e+00 9.000000e+00 -2.687750e+01
      endloop
   endfacet
   facet normal -1.000000e+00 0.000000e+00 0.000000e+00
      outer loop
         vertex -6.000000e+00 -3.762222e+00 -1.033662e+01
         vertex -6.000000e+00 -1.910130e+00 -1.083289e+01
         vertex -6.000000e+00 0.000000e+00 -2.175000e+02
      endloop
   endfacet
   facet normal -1.000000e+00 0.000000e+00 0.000000e+00
      outer loop
         vertex -6.000000e+00 0.000000e+00 -2.175000e+02
         vertex -6.000000e+00 -1.910130e+00 -1.083289e+01
         vertex -6.000000e+00 1.347112e-15 -1.100000e+01
      endloop
   endfacet
   facet normal -1.000000e+00 0.000000e+00 0.000000e+00
      outer loop
         vertex -6.000000e+00 0.000000e+00 -2.175000e+02
         vertex -6.000000e+00 1.347112e-15 -1.100000e+01
         vertex -6.000000e+00 1.910130e+00 -2.176671e+02
      endloop
   endfacet
   facet normal -1.000000e+00 0.000000e+00 0.000000e+00
      outer loop
         vertex -6.000000e+00 1.910130e+00 -2.176671e+02
         vertex -6.000000e+00 1.347112e-15 -1.100000e+01
         vertex -6.000000e+00 1.910130e+00 -1.083289e+01
      endloop
   endfacet
   facet normal -1.000000e+00 0.000000e+00 0.000000e+00
      outer loop
         vertex -6.000000e+00 9.526280e+00 -2.230000e+02
         vertex -6.000000e+00 8.426489e+00 -2.214293e+02
         vertex -6.000000e+00 1.182079e+01 -2.162043e+02
      endloop
   endfacet
   facet normal -1.000000e+00 0.000000e+00 0.000000e+00
      outer loop
         vertex -6.000000e+00 1.182079e+01 -2.162043e+02
         vertex -6.000000e+00 8.426489e+00 -2.214293e+02
         vertex -6.000000e+00 7.070664e+00 -2.200735e+02
      endloop
   endfacet
   facet normal -1.000000e+00 -0.000000e+00 0.000000e+00
      outer loop
         vertex -6.000000e+00 1.182079e+01 -2.162043e+02
         vertex -6.000000e+00 7.070664e+00 -2.200735e+02
         vertex -6.000000e+00 1.026221e+01 -2.114770e+02
      endloop
   endfacet
   facet normal -1.000000e+00 0.000000e+00 0.000000e+00
      outer loop
         vertex -6.000000e+00 1.026221e+01 -2.114770e+02
         vertex -6.000000e+00 7.070664e+00 -2.200735e+02
         vertex -6.000000e+00 5.500000e+00 -2.189737e+02
      endloop
   endfacet
   facet normal -1.000000e+00 -0.000000e+00 0.000000e+00
      outer loop
         vertex -6.000000e+00 1.026221e+01 -2.114770e+02
         vertex -6.000000e+00 5.500000e+00 -2.189737e+02
         vertex -6.000000e+00 9.316836e+00 -2.065900e+02
      endloop
   endfacet
   facet normal -1.000000e+00 0.000000e+00 0.000000e+00
      outer loop
         vertex -6.000000e+00 9.316836e+00 -2.065900e+02
         vertex -6.000000e+00 5.500000e+00 -2.189737e+02
         vertex -6.000000e+00 3.762222e+00 -2.181634e+02
      endloop
   endfacet
   facet normal -1.000000e+00 -0.000000e+00 0.000000e+00
      outer loop
         vertex -6.000000e+00 9.316836e+00 -2.065900e+02
         vertex -6.000000e+00 3.762222e+00 -2.181634e+02
         vertex -6.000000e+00 9.000000e+00 -2.016225e+02
      endloop
   endfacet
   facet normal -1.000000e+00 0.000000e+00 0.000000e+00
      outer loop
         vertex -6.000000e+00 9.000000e+00 -2.016225e+02
         vertex -6.000000e+00 3.762222e+00 -2.181634e+02
         vertex -6.000000e+00 1.910130e+00 -2.176671e+02
      endloop
   endfacet
   facet normal -1.000000e+00 -0.000000e+00 0.000000e+00
      outer loop
         vertex -6.000000e+00 9.000000e+00 -2.016225e+02
         vertex -6.000000e+00 1.910130e+00 -2.176671e+02
         vertex -6.000000e+00 9.000000e+00 -2.687750e+01
      endloop
   endfacet
   facet normal -1.000000e+00 -0.000000e+00 0.000000e+00
      outer loop
         vertex -6.000000e+00 9.000000e+00 -2.687750e+01
         vertex -6.000000e+00 1.910130e+00 -2.176671e+02
         vertex -6.000000e+00 1.910130e+00 -1.083289e+01
      endloop
   endfacet
   facet normal -1.000000e+00 0.000000e+00 0.000000e+00
      outer loop
         vertex -6.000000e+00 9.000000e+00 -2.687750e+01
         vertex -6.000000e+00 1.910130e+00 -1.083289e+01
         vertex -6.000000e+00 3.762222e+00 -1.033662e+01
      endloop
   endfacet
   facet normal -1.000000e+00 0.000000e+00 0.000000e+00
      outer loop
         vertex -6.000000e+00 5.500000e+00 -9.526280e+00
         vertex -6.000000e+00 7.070664e+00 -8.426489e+00
         vertex -6.000000e+00 1.182079e+01 -1.229570e+01
      endloop
   endfacet
   facet normal -1.000000e+00 0.000000e+00 0.000000e+00
      outer loop
         vertex -6.000000e+00 1.182079e+01 -1.229570e+01
         vertex -6.000000e+00 7.070664e+00 -8.426489e+00
         vertex -6.000000e+00 8.426489e+00 -7.070664e+00
      endloop
   endfacet
   facet normal -1.000000e+00 0.000000e+00 0.000000e+00
      outer loop
         vertex -6.000000e+00 1.182079e+01 -1.229570e+01
         vertex -6.000000e+00 8.426489e+00 -7.070664e+00
         vertex -6.000000e+00 1.396733e+01 -7.804719e+00
      endloop
   endfacet
   facet normal -1.000000e+00 0.000000e+00 0.000000e+00
      outer loop
         vertex -6.000000e+00 1.396733e+01 -7.804719e+00
         vertex -6.000000e+00 8.426489e+00 -7.070664e+00
         vertex -6.000000e+00 9.526280e+00 -5.500000e+00
      endloop
   endfacet
   facet normal -1.000000e+00 0.000000e+00 0.000000e+00
      outer loop
         vertex -6.000000e+00 1.396733e+01 -7.804719e+00
         vertex -6.000000e+00 9.526280e+00 -5.500000e+00
         vertex -6.000000e+00 1.510425e+01 -5.278417e+00
      endloop
   endfacet
   facet normal -1.000000e+00 -0.000000e+00 0.000000e+00
      outer loop
         vertex -6.000000e+00 1.510425e+01 -5.278417e+00
         vertex -6.000000e+00 9.526280e+00 -5.500000e+00
         vertex -6.000000e+00 1.033662e+01 -3.762222e+00
      endloop
   endfacet
   facet normal -1.000000e+00 0.000000e+00 0.000000e+00
      outer loop
         vertex -6.000000e+00 1.510425e+01 -5.278417e+00
         vertex -6.000000e+00 1.033662e+01 -3.762222e+00
         vertex -6.000000e+00 1.578834e+01 -2.593871e+00
      endloop
   endfacet
   facet normal -1.000000e+00 -0.000000e+00 0.000000e+00
      outer loop
         vertex -6.000000e+00 1.578834e+01 -2.593871e+00
         vertex -6.000000e+00 1.033662e+01 -3.762222e+00
         vertex -6.000000e+00 1.083289e+01 -1.910130e+00
      endloop
   endfacet
   facet normal -1.000000e+00 0.000000e+00 0.000000e+00
      outer loop
         vertex -6.000000e+00 1.578834e+01 -2.593871e+00
         vertex -6.000000e+00 1.083289e+01 -1.910130e+00
         vertex -6.000000e+00 1.599911e+01 1.684385e-01
      endloop
   endfacet
   facet normal -1.000000e+00 0.000000e+00 0.000000e+00
      outer loop
         vertex -6.000000e+00 1.599911e+01 1.684385e-01
         vertex -6.000000e+00 1.083289e+01 -1.910130e+00
         vertex -6.000000e+00 1.100000e+01 6.735558e-16
      endloop
   endfacet
   facet normal -1.000000e+00 -0.000000e+00 0.000000e+00
      outer loop
         vertex -6.000000e+00 1.599911e+01 1.684385e-01
         vertex -6.000000e+00 1.100000e+01 6.735558e-16
         vertex -6.000000e+00 1.573024e+01 2.925698e+00
      endloop
   endfacet
   facet normal -1.000000e+00 0.000000e+00 0.000000e+00
      outer loop
         vertex -6.000000e+00 1.573024e+01 2.925698e+00
         vertex -6.000000e+00 1.100000e+01 6.735558e-16
         vertex -6.000000e+00 1.083289e+01 1.910130e+00
      endloop
   endfacet
   facet normal -1.000000e+00 -0.000000e+00 0.000000e+00
      outer loop
         vertex -6.000000e+00 1.573024e+01 2.925698e+00
         vertex -6.000000e+00 1.083289e+01 1.910130e+00
         vertex -6.000000e+00 1.498977e+01 5.595247e+00
      endloop
   endfacet
   facet normal -1.000000e+00 0.000000e+00 0.000000e+00
      outer loop
         vertex -6.000000e+00 1.498977e+01 5.595247e+00
         vertex -6.000000e+00 1.083289e+01 1.910130e+00
         vertex -6.000000e+00 1.033662e+01 3.762222e+00
      endloop
   endfacet
   facet normal -1.000000e+00 -0.000000e+00 0.000000e+00
      outer loop
         vertex -6.000000e+00 1.498977e+01 5.595247e+00
         vertex -6.000000e+00 1.033662e+01 3.762222e+00
         vertex -6.000000e+00 1.379992e+01 8.097052e+00
      endloop
   endfacet
   facet normal -1.000000e+00 0.000000e+00 0.000000e+00
      outer loop
         vertex -6.000000e+00 1.379992e+01 8.097052e+00
         vertex -6.000000e+00 1.033662e+01 3.762222e+00
         vertex -6.000000e+00 9.526280e+00 5.500000e+00
      endloop
   endfacet
   facet normal -1.000000e+00 -0.000000e+00 0.000000e+00
      outer loop
         vertex -6.000000e+00 1.379992e+01 8.097052e+00
         vertex -6.000000e+00 9.526280e+00 5.500000e+00
         vertex -6.000000e+00 1.219635e+01 1.035611e+01
      endloop
   endfacet
   facet normal -1.000000e+00 0.000000e+00 0.000000e+00
      outer loop
         vertex -6.000000e+00 1.219635e+01 1.035611e+01
         vertex -6.000000e+00 9.526280e+00 5.500000e+00
         vertex -6.000000e+00 8.426489e+00 7.070664e+00
      endloop
   endfacet
   facet normal -1.000000e+00 -0.000000e+00 0.000000e+00
      outer loop
         vertex -6.000000e+00 1.219635e+01 1.035611e+01
         vertex -6.000000e+00 8.426489e+00 7.070664e+00
         vertex -6.000000e+00 1.022714e+01 1.230470e+01
      endloop
   endfacet
   facet normal -1.000000e+00 0.000000e+00 0.000000e+00
      outer loop
         vertex -6.000000e+00 1.022714e+01 1.230470e+01
         vertex -6.000000e+00 8.426489e+00 7.070664e+00
         vertex -6.000000e+00 7.070664e+00 8.426489e+00
      endloop
   endfacet
   facet normal -1.000000e+00 -0.000000e+00 0.000000e+00
      outer loop
         vertex -6.000000e+00 1.022714e+01 1.230470e+01
         vertex -6.000000e+00 7.070664e+00 8.426489e+00
         vertex -6.000000e+00 7.951326e+00 1.388439e+01
      endloop
   endfacet
   facet normal -1.000000e+00 0.000000e+00 0.000000e+00
      outer loop
         vertex -6.000000e+00 7.951326e+00 1.388439e+01
         vertex -6.000000e+00 7.070664e+00 8.426489e+00
         vertex -6.000000e+00 5.500000e+00 9.526280e+00
      endloop
   endfacet
   facet normal -1.000000e+00 -0.000000e+00 0.000000e+00
      outer loop
         vertex -6.000000e+00 7.951326e+00 1.388439e+01
         vertex -6.000000e+00 5.500000e+00 9.526280e+00
         vertex -6.000000e+00 5.437133e+00 1.504784e+01
      endloop
   endfacet
   facet normal -1.000000e+00 0.000000e+00 -0.000000e+00
      outer loop
         vertex -6.000000e+00 5.437133e+00 1.504784e+01
         vertex -6.000000e+00 5.500000e+00 9.526280e+00
         vertex -6.000000e+00 3.762222e+00 1.033662e+01
      endloop
   endfacet
   facet normal -1.000000e+00 -0.000000e+00 0.000000e+00
      outer loop
         vertex -6.000000e+00 5.437133e+00 1.504784e+01
         vertex -6.000000e+00 3.762222e+00 1.033662e+01
         vertex -6.000000e+00 2.759937e+00 1.576016e+01
      endloop
   endfacet
   facet normal -1.000000e+00 0.000000e+00 -0.000000e+00
      outer loop
         vertex -6.000000e+00 2.759937e+00 1.576016e+01
         vertex -6.000000e+00 3.762222e+00 1.033662e+01
         vertex -6.000000e+00 1.910130e+00 1.083289e+01
      endloop
   endfacet
   facet normal -1.000000e+00 -0.000000e+00 0.000000e+00
      outer loop
         vertex -6.000000e+00 2.759937e+00 1.576016e+01
         vertex -6.000000e+00 1.910130e+00 1.083289e+01
         vertex -6.000000e+00 -1.225142e-14 1.600000e+01
      endloop
   endfacet
   facet normal -1.000000e+00 0.000000e+00 0.000000e+00
      outer loop
         vertex -6.000000e+00 -1.225142e-14 1.600000e+01
         vertex -6.000000e+00 1.910130e+00 1.083289e+01
         vertex -6.000000e+00 0.000000e+00 1.100000e+01
      endloop
   endfacet
   facet normal -1.000000e+00 0.000000e+00 -0.000000e+00
      outer loop
         vertex -6.000000e+00 -1.225142e-14 1.600000e+01
         vertex -6.000000e+00 0.000000e+00 1.100000e+01
         vertex -6.000000e+00 -2.759937e+00 1.576016e+01
      endloop
   endfacet
   facet normal -1.000000e+00 0.000000e+00 0.000000e+00
      outer loop
         vertex -6.000000e+00 -2.759937e+00 1.576016e+01
         vertex -6.000000e+00 0.000000e+00 1.100000e+01
         vertex -6.000000e+00 -1.910130e+00 1.083289e+01
      endloop
   endfacet
   facet normal -1.000000e+00 0.000000e+00 -0.000000e+00
      outer loop
         vertex -6.000000e+00 -2.759937e+00 1.576016e+01
         vertex -6.000000e+00 -1.910130e+00 1.083289e+01
         vertex -6.000000e+00 -5.437133e+00 1.504784e+01
      endloop
   endfacet
   facet normal -1.000000e+00 0.000000e+00 0.000000e+00
      outer loop
         vertex -6.000000e+00 -5.437133e+00 1.504784e+01
         vertex -6.000000e+00 -1.910130e+00 1.083289e+01
         vertex -6.000000e+00 -3.762222e+00 1.033662e+01
      endloop
   endfacet
   facet normal -1.000000e+00 0.000000e+00 -0.000000e+00
      outer loop
         vertex -6.000000e+00 -5.437133e+00 1.504784e+01
         vertex -6.000000e+00 -3.762222e+00 1.033662e+01
         vertex -6.000000e+00 -7.951326e+00 1.388439e+01
      endloop
   endfacet
   facet normal -1.000000e+00 0.000000e+00 0.000000e+00
      outer loop
         vertex -6.000000e+00 -7.951326e+00 1.388439e+01
         vertex -6.000000e+00 -3.762222e+00 1.033662e+01
         vertex -6.000000e+00 -5.500000e+00 9.526280e+00
      endloop
   endfacet
   facet normal -1.000000e+00 0.000000e+00 -0.000000e+00
      outer loop
         vertex -6.000000e+00 -7.951326e+00 1.388439e+01
         vertex -6.000000e+00 -5.500000e+00 9.526280e+00
         vertex -6.000000e+00 -1.022714e+01 1.230470e+01
      endloop
   endfacet
   facet normal -1.000000e+00 0.000000e+00 0.000000e+00
      outer loop
         vertex -6.000000e+00 -1.022714e+01 1.230470e+01
         vertex -6.000000e+00 -5.500000e+00 9.526280e+00
         vertex -6.000000e+00 -7.070664e+00 8.426489e+00
      endloop
   endfacet
   facet normal -1.000000e+00 0.000000e+00 -0.000000e+00
      outer loop
         vertex -6.000000e+00 -1.022714e+01 1.230470e+01
         vertex -6.000000e+00 -7.070664e+00 8.426489e+00
         vertex -6.000000e+00 -1.219635e+01 1.035611e+01
      endloop
   endfacet
   facet normal -1.000000e+00 0.000000e+00 0.000000e+00
      outer loop
         vertex -6.000000e+00 -1.219635e+01 1.035611e+01
         vertex -6.000000e+00 -7.070664e+00 8.426489e+00
         vertex -6.000000e+00 -8.426489e+00 7.070664e+00
      endloop
   endfacet
   facet normal -1.000000e+00 0.000000e+00 -0.000000e+00
      outer loop
         vertex -6.000000e+00 -1.219635e+01 1.035611e+01
         vertex -6.000000e+00 -8.426489e+00 7.070664e+00
         vertex -6.000000e+00 -1.379992e+01 8.097052e+00
      endloop
   endfacet
   facet normal -1.000000e+00 0.000000e+00 0.000000e+00
      outer loop
         vertex -6.000000e+00 -1.379992e+01 8.097052e+00
         vertex -6.000000e+00 -8.426489e+00 7.070664e+00
         vertex -6.000000e+00 -9.526280e+00 5.500000e+00
      endloop
   endfacet
   facet normal -1.000000e+00 0.000000e+00 -0.000000e+00
      outer loop
         vertex -6.000000e+00 -1.379992e+01 8.097052e+00
         vertex -6.000000e+00 -9.526280e+00 5.500000e+00
         vertex -6.000000e+00 -1.498977e+01 5.595247e+00
      endloop
   endfacet
   facet normal -1.000000e+00 0.000000e+00 0.000000e+00
      outer loop
         vertex -6.000000e+00 -1.498977e+01 5.595247e+00
         vertex -6.000000e+00 -9.526280e+00 5.500000e+00
         vertex -6.000000e+00 -1.033662e+01 3.762222e+00
      endloop
   endfacet
   facet normal -1.000000e+00 0.000000e+00 -0.000000e+00
      outer loop
         vertex -6.000000e+00 -1.498977e+01 5.595247e+00
         vertex -6.000000e+00 -1.033662e+01 3.762222e+00
         vertex -6.000000e+00 -1.573024e+01 2.925698e+00
      endloop
   endfacet
   facet normal -1.000000e+00 0.000000e+00 0.000000e+00
      outer loop
         vertex -6.000000e+00 -1.573024e+01 2.925698e+00
         vertex -6.000000e+00 -1.033662e+01 3.762222e+00
         vertex -6.000000e+00 -1.083289e+01 1.910130e+00
      endloop
   endfacet
   facet normal -1.000000e+00 0.000000e+00 -0.000000e+00
      outer loop
         vertex -6.000000e+00 -1.573024e+01 2.925698e+00
         vertex -6.000000e+00 -1.083289e+01 1.910130e+00
         vertex -6.000000e+00 -1.599911e+01 1.684385e-01
      endloop
   endfacet
   facet normal -1.000000e+00 0.000000e+00 0.000000e+00
      outer loop
         vertex -6.000000e+00 -1.599911e+01 1.684385e-01
         vertex -6.000000e+00 -1.083289e+01 1.910130e+00
         vertex -6.000000e+00 -1.100000e+01 -2.020667e-15
      endloop
   endfacet
   facet normal -1.000000e+00 0.000000e+00 0.000000e+00
      outer loop
         vertex -6.000000e+00 -1.599911e+01 1.684385e-01
         vertex -6.000000e+00 -1.100000e+01 -2.020667e-15
         vertex -6.000000e+00 -1.578834e+01 -2.593871e+00
      endloop
   endfacet
   facet normal -1.000000e+00 0.000000e+00 0.000000e+00
      outer loop
         vertex -6.000000e+00 -1.578834e+01 -2.593871e+00
         vertex -6.000000e+00 -1.100000e+01 -2.020667e-15
         vertex -6.000000e+00 -1.083289e+01 -1.910130e+00
      endloop
   endfacet
   facet normal -1.000000e+00 0.000000e+00 0.000000e+00
      outer loop
         vertex -6.000000e+00 -1.578834e+01 -2.593871e+00
         vertex -6.000000e+00 -1.083289e+01 -1.910130e+00
         vertex -6.000000e+00 -1.510425e+01 -5.278417e+00
      endloop
   endfacet
   facet normal -1.000000e+00 0.000000e+00 0.000000e+00
      outer loop
         vertex -6.000000e+00 -1.510425e+01 -5.278417e+00
         vertex -6.000000e+00 -1.083289e+01 -1.910130e+00
         vertex -6.000000e+00 -1.033662e+01 -3.762222e+00
      endloop
   endfacet
   facet normal -1.000000e+00 0.000000e+00 0.000000e+00
      outer loop
         vertex -6.000000e+00 -1.510425e+01 -5.278417e+00
         vertex -6.000000e+00 -1.033662e+01 -3.762222e+00
         vertex -6.000000e+00 -1.396733e+01 -7.804719e+00
      endloop
   endfacet
   facet normal -1.000000e+00 0.000000e+00 0.000000e+00
      outer loop
         vertex -6.000000e+00 -1.396733e+01 -7.804719e+00
         vertex -6.000000e+00 -1.033662e+01 -3.762222e+00
         vertex -6.000000e+00 -9.526280e+00 -5.500000e+00
      endloop
   endfacet
   facet normal -1.000000e+00 0.000000e+00 0.000000e+00
      outer loop
         vertex -6.000000e+00 -1.396733e+01 -7.804719e+00
         vertex -6.000000e+00 -9.526280e+00 -5.500000e+00
         vertex -6.000000e+00 -1.182079e+01 -1.229570e+01
      endloop
   endfacet
   facet normal -1.000000e+00 0.000000e+00 -0.000000e+00
      outer loop
         vertex -6.000000e+00 -9.526280e+00 -5.500000e+00
         vertex -6.000000e+00 -8.426489e+00 -7.070664e+00
         vertex -6.000000e+00 -1.182079e+01 -1.229570e+01
      endloop
   endfacet
   facet normal -1.000000e+00 0.000000e+00 0.000000e+00
      outer loop
         vertex -6.000000e+00 -1.182079e+01 -1.229570e+01
         vertex -6.000000e+00 -8.426489e+00 -7.070664e+00
         vertex -6.000000e+00 -7.070664e+00 -8.426489e+00
      endloop
   endfacet
   facet normal -1.000000e+00 0.000000e+00 0.000000e+00
      outer loop
         vertex -6.000000e+00 -1.182079e+01 -1.229570e+01
         vertex -6.000000e+00 -7.070664e+00 -8.426489e+00
         vertex -6.000000e+00 -1.026221e+01 -1.702299e+01
      endloop
   endfacet
   facet normal -1.000000e+00 0.000000e+00 0.000000e+00
      outer loop
         vertex -6.000000e+00 -1.026221e+01 -1.702299e+01
         vertex -6.000000e+00 -7.070664e+00 -8.426489e+00
         vertex -6.000000e+00 -5.500000e+00 -9.526280e+00
      endloop
   endfacet
   facet normal -1.000000e+00 0.000000e+00 0.000000e+00
      outer loop
         vertex -6.000000e+00 -1.026221e+01 -1.702299e+01
         vertex -6.000000e+00 -5.500000e+00 -9.526280e+00
         vertex -6.000000e+00 -9.316836e+00 -2.190999e+01
      endloop
   endfacet
   facet normal -1.000000e+00 0.000000e+00 0.000000e+00
      outer loop
         vertex -6.000000e+00 -9.316836e+00 -2.190999e+01
         vertex -6.000000e+00 -5.500000e+00 -9.526280e+00
         vertex -6.000000e+00 -3.762222e+00 -1.033662e+01
      endloop
   endfacet
   facet normal -1.000000e+00 0.000000e+00 0.000000e+00
      outer loop
         vertex -6.000000e+00 -9.316836e+00 -2.190999e+01
         vertex -6.000000e+00 -3.762222e+00 -1.033662e+01
         vertex -6.000000e+00 -9.000000e+00 -2.687750e+01
      endloop
   endfacet
   facet normal -1.000000e+00 0.000000e+00 0.000000e+00
      outer loop
         vertex -6.000000e+00 -9.000000e+00 -2.687750e+01
         vertex -6.000000e+00 -3.762222e+00 -1.033662e+01
         vertex -6.000000e+00 0.000000e+00 -2.175000e+02
      endloop
   endfacet
   facet normal -1.000000e+00 0.000000e+00 0.000000e+00
      outer loop
         vertex -6.000000e+00 -9.000000e+00 -2.687750e+01
         vertex -6.000000e+00 0.000000e+00 -2.175000e+02
         vertex -6.000000e+00 -1.910130e+00 -2.176671e+02
      endloop
   endfacet
   facet normal 0.000000e+00 9.119106e-01 -4.103889e-01
      outer loop
         vertex 2.000000e+00 1.484029e+01 -8.292514e+00
         vertex -2.000000e+00 1.484029e+01 -8.292514e+00
         vertex -2.000000e+00 1.604826e+01 -5.608318e+00
      endloop
   endfacet
   facet normal 0.000000e+00 9.119106e-01 -4.103889e-01
      outer loop
         vertex 2.000000e+00 1.484029e+01 -8.292514e+00
         vertex -2.000000e+00 1.604826e+01 -5.608318e+00
         vertex 2.000000e+00 1.604826e+01 -5.608318e+00
      endloop
   endfacet
   facet normal 0.000000e+00 9.690318e-01 -2.469361e-01
      outer loop
         vertex 2.000000e+00 1.604826e+01 -5.608318e+00
         vertex -2.000000e+00 1.604826e+01 -5.608318e+00
         vertex -2.000000e+00 1.677512e+01 -2.755988e+00
      endloop
   endfacet
   facet normal 0.000000e+00 9.690318e-01 -2.469361e-01
      outer loop
         vertex 2.000000e+00 1.604826e+01 -5.608318e+00
         vertex -2.000000e+00 1.677512e+01 -2.755988e+00
         vertex 2.000000e+00 1.677512e+01 -2.755988e+00
      endloop
   endfacet
   facet normal 0.000000e+00 9.971017e-01 -7.608060e-02
      outer loop
         vertex 2.000000e+00 1.677512e+01 -2.755988e+00
         vertex -2.000000e+00 1.677512e+01 -2.755988e+00
         vertex -2.000000e+00 1.699906e+01 1.789659e-01
      endloop
   endfacet
   facet normal 0.000000e+00 9.971017e-01 -7.608060e-02
      outer loop
         vertex 2.000000e+00 1.677512e+01 -2.755988e+00
         vertex -2.000000e+00 1.699906e+01 1.789659e-01
         vertex 2.000000e+00 1.699906e+01 1.789659e-01
      endloop
   endfacet
   facet normal 0.000000e+00 9.952789e-01 9.705611e-02
      outer loop
         vertex 2.000000e+00 1.699906e+01 1.789659e-01
         vertex -2.000000e+00 1.699906e+01 1.789659e-01
         vertex -2.000000e+00 1.671338e+01 3.108554e+00
      endloop
   endfacet
   facet normal 0.000000e+00 9.952789e-01 9.705611e-02
      outer loop
         vertex 2.000000e+00 1.699906e+01 1.789659e-01
         vertex -2.000000e+00 1.671338e+01 3.108554e+00
         vertex 2.000000e+00 1.671338e+01 3.108554e+00
      endloop
   endfacet
   facet normal 0.000000e+00 9.636180e-01 2.672832e-01
      outer loop
         vertex 2.000000e+00 1.671338e+01 3.108554e+00
         vertex -2.000000e+00 1.671338e+01 3.108554e+00
         vertex -2.000000e+00 1.592663e+01 5.944950e+00
      endloop
   endfacet
   facet normal 0.000000e+00 9.636180e-01 2.672832e-01
      outer loop
         vertex 2.000000e+00 1.671338e+01 3.108554e+00
         vertex -2.000000e+00 1.592663e+01 5.944950e+00
         vertex 2.000000e+00 1.592663e+01 5.944950e+00
      endloop
   endfacet
   facet normal 0.000000e+00 9.030682e-01 4.294971e-01
      outer loop
         vertex 2.000000e+00 1.592663e+01 5.944950e+00
         vertex -2.000000e+00 1.592663e+01 5.944950e+00
         vertex -2.000000e+00 1.466241e+01 8.603117e+00
      endloop
   endfacet
   facet normal 0.000000e+00 9.030682e-01 4.294971e-01
      outer loop
         vertex 2.000000e+00 1.592663e+01 5.944950e+00
         vertex -2.000000e+00 1.466241e+01 8.603117e+00
         vertex 2.000000e+00 1.466241e+01 8.603117e+00
      endloop
   endfacet
   facet normal 0.000000e+00 8.154451e-01 5.788345e-01
      outer loop
         vertex 2.000000e+00 1.466241e+01 8.603117e+00
         vertex -2.000000e+00 1.466241e+01 8.603117e+00
         vertex -2.000000e+00 1.295862e+01 1.100337e+01
      endloop
   endfacet
   facet normal 0.000000e+00 8.154451e-01 5.788345e-01
      outer loop
         vertex 2.000000e+00 1.466241e+01 8.603117e+00
         vertex -2.000000e+00 1.295862e+01 1.100337e+01
         vertex 2.000000e+00 1.295862e+01 1.100337e+01
      endloop
   endfacet
   facet normal 0.000000e+00 7.033750e-01 7.108190e-01
      outer loop
         vertex 2.000000e+00 1.295862e+01 1.100337e+01
         vertex -2.000000e+00 1.295862e+01 1.100337e+01
         vertex -2.000000e+00 1.086634e+01 1.307374e+01
      endloop
   endfacet
   facet normal 0.000000e+00 7.033750e-01 7.108190e-01
      outer loop
         vertex 2.000000e+00 1.295862e+01 1.100337e+01
         vertex -2.000000e+00 1.086634e+01 1.307374e+01
         vertex 2.000000e+00 1.086634e+01 1.307374e+01
      endloop
   endfacet
   facet normal 0.000000e+00 5.702179e-01 8.214935e-01
      outer loop
         vertex 2.000000e+00 1.086634e+01 1.307374e+01
         vertex -2.000000e+00 1.086634e+01 1.307374e+01
         vertex -2.000000e+00 8.448284e+00 1.475217e+01
      endloop
   endfacet
   facet normal 0.000000e+00 5.702179e-01 8.214935e-01
      outer loop
         vertex 2.000000e+00 1.086634e+01 1.307374e+01
         vertex -2.000000e+00 8.448284e+00 1.475217e+01
         vertex 2.000000e+00 8.448284e+00 1.475217e+01
      endloop
   endfacet
   facet normal 0.000000e+00 4.199661e-01 9.075398e-01
      outer loop
         vertex 2.000000e+00 8.448284e+00 1.475217e+01
         vertex -2.000000e+00 8.448284e+00 1.475217e+01
         vertex -2.000000e+00 5.776954e+00 1.598833e+01
      endloop
   endfacet
   facet normal 0.000000e+00 4.199661e-01 9.075398e-01
      outer loop
         vertex 2.000000e+00 8.448284e+00 1.475217e+01
         vertex -2.000000e+00 5.776954e+00 1.598833e+01
         vertex 2.000000e+00 5.776954e+00 1.598833e+01
      endloop
   endfacet
   facet normal 0.000000e+00 2.571242e-01 9.663784e-01
      outer loop
         vertex 2.000000e+00 5.776954e+00 1.598833e+01
         vertex -2.000000e+00 5.776954e+00 1.598833e+01
         vertex -2.000000e+00 2.932434e+00 1.674517e+01
      endloop
   endfacet
   facet normal 0.000000e+00 2.571242e-01 9.663784e-01
      outer loop
         vertex 2.000000e+00 5.776954e+00 1.598833e+01
         vertex -2.000000e+00 2.932434e+00 1.674517e+01
         vertex 2.000000e+00 2.932434e+00 1.674517e+01
      endloop
   endfacet
   facet normal 0.000000e+00 8.657310e-02 9.962455e-01
      outer loop
         vertex 2.000000e+00 2.932434e+00 1.674517e+01
         vertex -2.000000e+00 2.932434e+00 1.674517e+01
         vertex -2.000000e+00 -4.163799e-15 1.700000e+01
      endloop
   endfacet
   facet normal 0.000000e+00 8.657310e-02 9.962455e-01
      outer loop
         vertex 2.000000e+00 2.932434e+00 1.674517e+01
         vertex -2.000000e+00 -4.163799e-15 1.700000e+01
         vertex 2.000000e+00 -4.163799e-15 1.700000e+01
      endloop
   endfacet
   facet normal 0.000000e+00 -8.657310e-02 9.962455e-01
      outer loop
         vertex 2.000000e+00 -4.163799e-15 1.700000e+01
         vertex -2.000000e+00 -4.163799e-15 1.700000e+01
         vertex -2.000000e+00 -2.932434e+00 1.674517e+01
      endloop
   endfacet
   facet normal 0.000000e+00 -8.657310e-02 9.962455e-01
      outer loop
         vertex 2.000000e+00 -4.163799e-15 1.700000e+01
         vertex -2.000000e+00 -2.932434e+00 1.674517e+01
         vertex 2.000000e+00 -2.932434e+00 1.674517e+01
      endloop
   endfacet
   facet normal 0.000000e+00 -2.571242e-01 9.663784e-01
      outer loop
         vertex 2.000000e+00 -2.932434e+00 1.674517e+01
         vertex -2.000000e+00 -2.932434e+00 1.674517e+01
         vertex -2.000000e+00 -5.776954e+00 1.598833e+01
      endloop
   endfacet
   facet normal 0.000000e+00 -2.571242e-01 9.663784e-01
      outer loop
         vertex 2.000000e+00 -2.932434e+00 1.674517e+01
         vertex -2.000000e+00 -5.776954e+00 1.598833e+01
         vertex 2.000000e+00 -5.776954e+00 1.598833e+01
      endloop
   endfacet
   facet normal 0.000000e+00 -4.199661e-01 9.075398e-01
      outer loop
         vertex 2.000000e+00 -5.776954e+00 1.598833e+01
         vertex -2.000000e+00 -5.776954e+00 1.598833e+01
         vertex -2.000000e+00 -8.448284e+00 1.475217e+01
      endloop
   endfacet
   facet normal 0.000000e+00 -4.199661e-01 9.075398e-01
      outer loop
         vertex 2.000000e+00 -5.776954e+00 1.598833e+01
         vertex -2.000000e+00 -8.448284e+00 1.475217e+01
         vertex 2.000000e+00 -8.448284e+00 1.475217e+01
      endloop
   endfacet
   facet normal 0.000000e+00 -5.702179e-01 8.214935e-01
      outer loop
         vertex 2.000000e+00 -8.448284e+00 1.475217e+01
         vertex -2.000000e+00 -8.448284e+00 1.475217e+01
         vertex -2.000000e+00 -1.086634e+01 1.307374e+01
      endloop
   endfacet
   facet normal 0.000000e+00 -5.702179e-01 8.214935e-01
      outer loop
         vertex 2.000000e+00 -8.448284e+00 1.475217e+01
         vertex -2.000000e+00 -1.086634e+01 1.307374e+01
         vertex 2.000000e+00 -1.086634e+01 1.307374e+01
      endloop
   endfacet
   facet normal 0.000000e+00 -7.033750e-01 7.108190e-01
      outer loop
         vertex 2.000000e+00 -1.086634e+01 1.307374e+01
         vertex -2.000000e+00 -1.086634e+01 1.307374e+01
         vertex -2.000000e+00 -1.295862e+01 1.100337e+01
      endloop
   endfacet
   facet normal 0.000000e+00 -7.033750e-01 7.108190e-01
      outer loop
         vertex 2.000000e+00 -1.086634e+01 1.307374e+01
         vertex -2.000000e+00 -1.295862e+01 1.100337e+01
         vertex 2.000000e+00 -1.295862e+01 1.100337e+01
      endloop
   endfacet
   facet normal 0.000000e+00 -8.154451e-01 5.788345e-01
      outer loop
         vertex 2.000000e+00 -1.295862e+01 1.100337e+01
         vertex -2.000000e+00 -1.295862e+01 1.100337e+01
         vertex -2.000000e+00 -1.466241e+01 8.603117e+00
      endloop
   endfacet
   facet normal 0.000000e+00 -8.154451e-01 5.788345e-01
      outer loop
         vertex 2.000000e+00 -1.295862e+01 1.100337e+01
         vertex -2.000000e+00 -1.466241e+01 8.603117e+00
         vertex 2.000000e+00 -1.466241e+01 8.603117e+00
      endloop
   endfacet
   facet normal 0.000000e+00 -9.030682e-01 4.294971e-01
      outer loop
         vertex 2.000000e+00 -1.466241e+01 8.603117e+00
         vertex -2.000000e+00 -1.466241e+01 8.603117e+00
         vertex -2.000000e+00 -1.592663e+01 5.944950e+00
      endloop
   endfacet
   facet normal 0.000000e+00 -9.030682e-01 4.294971e-01
      outer loop
         vertex 2.000000e+00 -1.466241e+01 8.603117e+00
         vertex -2.000000e+00 -1.592663e+01 5.944950e+00
         vertex 2.000000e+00 -1.592663e+01 5.944950e+00
      endloop
   endfacet
   facet normal 0.000000e+00 -9.636180e-01 2.672832e-01
      outer loop
         vertex 2.000000e+00 -1.592663e+01 5.944950e+00
         vertex -2.000000e+00 -1.592663e+01 5.944950e+00
         vertex -2.000000e+00 -1.671338e+01 3.108554e+00
      endloop
   endfacet
   facet normal 0.000000e+00 -9.636180e-01 2.672832e-01
      outer loop
         vertex 2.000000e+00 -1.592663e+01 5.944950e+00
         vertex -2.000000e+00 -1.671338e+01 3.108554e+00
         vertex 2.000000e+00 -1.671338e+01 3.108554e+00
      endloop
   endfacet
   facet normal 0.000000e+00 -9.952789e-01 9.705611e-02
      outer loop
         vertex 2.000000e+00 -1.671338e+01 3.108554e+00
         vertex -2.000000e+00 -1.671338e+01 3.108554e+00
         vertex -2.000000e+00 -1.699906e+01 1.789659e-01
      endloop
   endfacet
   facet normal 0.000000e+00 -9.952789e-01 9.705611e-02
      outer loop
         vertex 2.000000e+00 -1.671338e+01 3.108554e+00
         vertex -2.000000e+00 -1.699906e+01 1.789659e-01
         vertex 2.000000e+00 -1.699906e+01 1.789659e-01
      endloop
   endfacet
   facet normal -0.000000e+00 -9.971017e-01 -7.608060e-02
      outer loop
         vertex 2.000000e+00 -1.699906e+01 1.789659e-01
         vertex -2.000000e+00 -1.699906e+01 1.789659e-01
         vertex -2.000000e+00 -1.677512e+01 -2.755988e+00
      endloop
   endfacet
   facet normal 0.000000e+00 -9.971017e-01 -7.608060e-02
      outer loop
         vertex 2.000000e+00 -1.699906e+01 1.789659e-01
         vertex -2.000000e+00 -1.677512e+01 -2.755988e+00
         vertex 2.000000e+00 -1.677512e+01 -2.755988e+00
      endloop
   endfacet
   facet normal -0.000000e+00 -9.690318e-01 -2.469361e-01
      outer loop
         vertex 2.000000e+00 -1.677512e+01 -2.755988e+00
         vertex -2.000000e+00 -1.677512e+01 -2.755988e+00
         vertex -2.000000e+00 -1.604826e+01 -5.608318e+00
      endloop
   endfacet
   facet normal 0.000000e+00 -9.690318e-01 -2.469361e-01
      outer loop
         vertex 2.000000e+00 -1.677512e+01 -2.755988e+00
         vertex -2.000000e+00 -1.604826e+01 -5.608318e+00
         vertex 2.000000e+00 -1.604826e+01 -5.608318e+00
      endloop
   endfacet
   facet normal -0.000000e+00 -9.119106e-01 -4.103889e-01
      outer loop
         vertex 2.000000e+00 -1.604826e+01 -5.608318e+00
         vertex -2.000000e+00 -1.604826e+01 -5.608318e+00
         vertex -2.000000e+00 -1.484029e+01 -8.292514e+00
      endloop
   endfacet
   facet normal 0.000000e+00 -9.119106e-01 -4.103889e-01
      outer loop
         vertex 2.000000e+00 -1.604826e+01 -5.608318e+00
         vertex -2.000000e+00 -1.484029e+01 -8.292514e+00
         vertex 2.000000e+00 -1.484029e+01 -8.292514e+00
      endloop
   endfacet
   facet normal 0.000000e+00 -9.119112e-01 4.103876e-01
      outer loop
         vertex 2.000000e+00 -1.484029e+01 -2.202075e+02
         vertex -2.000000e+00 -1.484029e+01 -2.202075e+02
         vertex -2.000000e+00 -1.604826e+01 -2.228917e+02
      endloop
   endfacet
   facet normal 0.000000e+00 -9.119112e-01 4.103876e-01
      outer loop
         vertex 2.000000e+00 -1.484029e+01 -2.202075e+02
         vertex -2.000000e+00 -1.604826e+01 -2.228917e+02
         vertex 2.000000e+00 -1.604826e+01 -2.228917e+02
      endloop
   endfacet
   facet normal 0.000000e+00 -9.690316e-01 2.469369e-01
      outer loop
         vertex 2.000000e+00 -1.604826e+01 -2.228917e+02
         vertex -2.000000e+00 -1.604826e+01 -2.228917e+02
         vertex -2.000000e+00 -1.677512e+01 -2.257440e+02
      endloop
   endfacet
   facet normal 0.000000e+00 -9.690316e-01 2.469369e-01
      outer loop
         vertex 2.000000e+00 -1.604826e+01 -2.228917e+02
         vertex -2.000000e+00 -1.677512e+01 -2.257440e+02
         vertex 2.000000e+00 -1.677512e+01 -2.257440e+02
      endloop
   endfacet
   facet normal 0.000000e+00 -9.971017e-01 7.608037e-02
      outer loop
         vertex 2.000000e+00 -1.677512e+01 -2.257440e+02
         vertex -2.000000e+00 -1.677512e+01 -2.257440e+02
         vertex -2.000000e+00 -1.699906e+01 -2.286790e+02
      endloop
   endfacet
   facet normal 0.000000e+00 -9.971017e-01 7.608037e-02
      outer loop
         vertex 2.000000e+00 -1.677512e+01 -2.257440e+02
         vertex -2.000000e+00 -1.699906e+01 -2.286790e+02
         vertex 2.000000e+00 -1.699906e+01 -2.286790e+02
      endloop
   endfacet
   facet normal -0.000000e+00 -9.952789e-01 -9.705628e-02
      outer loop
         vertex 2.000000e+00 -1.699906e+01 -2.286790e+02
         vertex -2.000000e+00 -1.699906e+01 -2.286790e+02
         vertex -2.000000e+00 -1.671338e+01 -2.316086e+02
      endloop
   endfacet
   facet normal 0.000000e+00 -9.952789e-01 -9.705628e-02
      outer loop
         vertex 2.000000e+00 -1.699906e+01 -2.286790e+02
         vertex -2.000000e+00 -1.671338e+01 -2.316086e+02
         vertex 2.000000e+00 -1.671338e+01 -2.316086e+02
      endloop
   endfacet
   facet normal -0.000000e+00 -9.636179e-01 -2.672835e-01
      outer loop
         vertex 2.000000e+00 -1.671338e+01 -2.316086e+02
         vertex -2.000000e+00 -1.671338e+01 -2.316086e+02
         vertex -2.000000e+00 -1.592663e+01 -2.344449e+02
      endloop
   endfacet
   facet normal 0.000000e+00 -9.636179e-01 -2.672835e-01
      outer loop
         vertex 2.000000e+00 -1.671338e+01 -2.316086e+02
         vertex -2.000000e+00 -1.592663e+01 -2.344449e+02
         vertex 2.000000e+00 -1.592663e+01 -2.344449e+02
      endloop
   endfacet
   facet normal -0.000000e+00 -9.030686e-01 -4.294963e-01
      outer loop
         vertex 2.000000e+00 -1.592663e+01 -2.344449e+02
         vertex -2.000000e+00 -1.592663e+01 -2.344449e+02
         vertex -2.000000e+00 -1.466241e+01 -2.371031e+02
      endloop
   endfacet
   facet normal 0.000000e+00 -9.030686e-01 -4.294963e-01
      outer loop
         vertex 2.000000e+00 -1.592663e+01 -2.344449e+02
         vertex -2.000000e+00 -1.466241e+01 -2.371031e+02
         vertex 2.000000e+00 -1.466241e+01 -2.371031e+02
      endloop
   endfacet
   facet normal -0.000000e+00 -8.154450e-01 -5.788346e-01
      outer loop
         vertex 2.000000e+00 -1.466241e+01 -2.371031e+02
         vertex -2.000000e+00 -1.466241e+01 -2.371031e+02
         vertex -2.000000e+00 -1.295862e+01 -2.395034e+02
      endloop
   endfacet
   facet normal 0.000000e+00 -8.154450e-01 -5.788346e-01
      outer loop
         vertex 2.000000e+00 -1.466241e+01 -2.371031e+02
         vertex -2.000000e+00 -1.295862e+01 -2.395034e+02
         vertex 2.000000e+00 -1.295862e+01 -2.395034e+02
      endloop
   endfacet
   facet normal -0.000000e+00 -7.033739e-01 -7.108201e-01
      outer loop
         vertex 2.000000e+00 -1.295862e+01 -2.395034e+02
         vertex -2.000000e+00 -1.295862e+01 -2.395034e+02
         vertex -2.000000e+00 -1.086634e+01 -2.415737e+02
      endloop
   endfacet
   facet normal 0.000000e+00 -7.033739e-01 -7.108201e-01
      outer loop
         vertex 2.000000e+00 -1.295862e+01 -2.395034e+02
         vertex -2.000000e+00 -1.086634e+01 -2.415737e+02
         vertex 2.000000e+00 -1.086634e+01 -2.415737e+02
      endloop
   endfacet
   facet normal -0.000000e+00 -5.702201e-01 -8.214920e-01
      outer loop
         vertex 2.000000e+00 -1.086634e+01 -2.415737e+02
         vertex -2.000000e+00 -1.086634e+01 -2.415737e+02
         vertex -2.000000e+00 -8.448284e+00 -2.432522e+02
      endloop
   endfacet
   facet normal 0.000000e+00 -5.702201e-01 -8.214920e-01
      outer loop
         vertex 2.000000e+00 -1.086634e+01 -2.415737e+02
         vertex -2.000000e+00 -8.448284e+00 -2.432522e+02
         vertex 2.000000e+00 -8.448284e+00 -2.432522e+02
      endloop
   endfacet
   facet normal -0.000000e+00 -4.199637e-01 -9.075409e-01
      outer loop
         vertex 2.000000e+00 -8.448284e+00 -2.432522e+02
         vertex -2.000000e+00 -8.448284e+00 -2.432522e+02
         vertex -2.000000e+00 -5.776954e+00 -2.444883e+02
      endloop
   endfacet
   facet normal 0.000000e+00 -4.199637e-01 -9.075409e-01
      outer loop
         vertex 2.000000e+00 -8.448284e+00 -2.432522e+02
         vertex -2.000000e+00 -5.776954e+00 -2.444883e+02
         vertex 2.000000e+00 -5.776954e+00 -2.444883e+02
      endloop
   endfacet
   facet normal -0.000000e+00 -2.571254e-01 -9.663781e-01
      outer loop
         vertex 2.000000e+00 -5.776954e+00 -2.444883e+02
         vertex -2.000000e+00 -5.776954e+00 -2.444883e+02
         vertex -2.000000e+00 -2.932434e+00 -2.452452e+02
      endloop
   endfacet
   facet normal 0.000000e+00 -2.571254e-01 -9.663781e-01
      outer loop
         vertex 2.000000e+00 -5.776954e+00 -2.444883e+02
         vertex -2.000000e+00 -2.932434e+00 -2.452452e+02
         vertex 2.000000e+00 -2.932434e+00 -2.452452e+02
      endloop
   endfacet
   facet normal -0.000000e+00 -8.657247e-02 -9.962456e-01
      outer loop
         vertex 2.000000e+00 -2.932434e+00 -2.452452e+02
         vertex -2.000000e+00 -2.932434e+00 -2.452452e+02
         vertex -2.000000e+00 9.631416e-15 -2.455000e+02
      endloop
   endfacet
   facet normal 0.000000e+00 -8.657247e-02 -9.962456e-01
      outer loop
         vertex 2.000000e+00 -2.932434e+00 -2.452452e+02
         vertex -2.000000e+00 9.631416e-15 -2.455000e+02
         vertex 2.000000e+00 9.631416e-15 -2.455000e+02
      endloop
   endfacet
   facet normal 0.000000e+00 8.657247e-02 -9.962456e-01
      outer loop
         vertex 2.000000e+00 9.631416e-15 -2.455000e+02
         vertex -2.000000e+00 9.631416e-15 -2.455000e+02
         vertex -2.000000e+00 2.932434e+00 -2.452452e+02
      endloop
   endfacet
   facet normal 0.000000e+00 8.657247e-02 -9.962456e-01
      outer loop
         vertex 2.000000e+00 9.631416e-15 -2.455000e+02
         vertex -2.000000e+00 2.932434e+00 -2.452452e+02
         vertex 2.000000e+00 2.932434e+00 -2.452452e+02
      endloop
   endfacet
   facet normal 0.000000e+00 2.571254e-01 -9.663781e-01
      outer loop
         vertex 2.000000e+00 2.932434e+00 -2.452452e+02
         vertex -2.000000e+00 2.932434e+00 -2.452452e+02
         vertex -2.000000e+00 5.776954e+00 -2.444883e+02
      endloop
   endfacet
   facet normal 0.000000e+00 2.571254e-01 -9.663781e-01
      outer loop
         vertex 2.000000e+00 2.932434e+00 -2.452452e+02
         vertex -2.000000e+00 5.776954e+00 -2.444883e+02
         vertex 2.000000e+00 5.776954e+00 -2.444883e+02
      endloop
   endfacet
   facet normal 0.000000e+00 4.199637e-01 -9.075409e-01
      outer loop
         vertex 2.000000e+00 5.776954e+00 -2.444883e+02
         vertex -2.000000e+00 5.776954e+00 -2.444883e+02
         vertex -2.000000e+00 8.448284e+00 -2.432522e+02
      endloop
   endfacet
   facet normal 0.000000e+00 4.199637e-01 -9.075409e-01
      outer loop
         vertex 2.000000e+00 5.776954e+00 -2.444883e+02
         vertex -2.000000e+00 8.448284e+00 -2.432522e+02
         vertex 2.000000e+00 8.448284e+00 -2.432522e+02
      endloop
   endfacet
   facet normal 0.000000e+00 5.702201e-01 -8.214920e-01
      outer loop
         vertex 2.000000e+00 8.448284e+00 -2.432522e+02
         vertex -2.000000e+00 8.448284e+00 -2.432522e+02
         vertex -2.000000e+00 1.086634e+01 -2.415737e+02
      endloop
   endfacet
   facet normal 0.000000e+00 5.702201e-01 -8.214920e-01
      outer loop
         vertex 2.000000e+00 8.448284e+00 -2.432522e+02
         vertex -2.000000e+00 1.086634e+01 -2.415737e+02
         vertex 2.000000e+00 1.086634e+01 -2.415737e+02
      endloop
   endfacet
   facet normal 0.000000e+00 7.033739e-01 -7.108201e-01
      outer loop
         vertex 2.000000e+00 1.086634e+01 -2.415737e+02
         vertex -2.000000e+00 1.086634e+01 -2.415737e+02
         vertex -2.000000e+00 1.295862e+01 -2.395034e+02
      endloop
   endfacet
   facet normal 0.000000e+00 7.033739e-01 -7.108201e-01
      outer loop
         vertex 2.000000e+00 1.086634e+01 -2.415737e+02
         vertex -2.000000e+00 1.295862e+01 -2.395034e+02
         vertex 2.000000e+00 1.295862e+01 -2.395034e+02
      endloop
   endfacet
   facet normal 0.000000e+00 8.154450e-01 -5.788346e-01
      outer loop
         vertex 2.000000e+00 1.295862e+01 -2.395034e+02
         vertex -2.000000e+00 1.295862e+01 -2.395034e+02
         vertex -2.000000e+00 1.466241e+01 -2.371031e+02
      endloop
   endfacet
   facet normal 0.000000e+00 8.154450e-01 -5.788346e-01
      outer loop
         vertex 2.000000e+00 1.295862e+01 -2.395034e+02
         vertex -2.000000e+00 1.466241e+01 -2.371031e+02
         vertex 2.000000e+00 1.466241e+01 -2.371031e+02
      endloop
   endfacet
   facet normal 0.000000e+00 9.030686e-01 -4.294963e-01
      outer loop
         vertex 2.000000e+00 1.466241e+01 -2.371031e+02
         vertex -2.000000e+00 1.466241e+01 -2.371031e+02
         vertex -2.000000e+00 1.592663e+01 -2.344449e+02
      endloop
   endfacet
   facet normal 0.000000e+00 9.030686e-01 -4.294963e-01
      outer loop
         vertex 2.000000e+00 1.466241e+01 -2.371031e+02
         vertex -2.000000e+00 1.592663e+01 -2.344449e+02
         vertex 2.000000e+00 1.592663e+01 -2.344449e+02
      endloop
   endfacet
   facet normal 0.000000e+00 9.636179e-01 -2.672835e-01
      outer loop
         vertex 2.000000e+00 1.592663e+01 -2.344449e+02
         vertex -2.000000e+00 1.592663e+01 -2.344449e+02
         vertex -2.000000e+00 1.671338e+01 -2.316086e+02
      endloop
   endfacet
   facet normal 0.000000e+00 9.636179e-01 -2.672835e-01
      outer loop
         vertex 2.000000e+00 1.592663e+01 -2.344449e+02
         vertex -2.000000e+00 1.671338e+01 -2.316086e+02
         vertex 2.000000e+00 1.671338e+01 -2.316086e+02
      endloop
   endfacet
   facet normal 0.000000e+00 9.952789e-01 -9.705628e-02
      outer loop
         vertex 2.000000e+00 1.671338e+01 -2.316086e+02
         vertex -2.000000e+00 1.671338e+01 -2.316086e+02
         vertex -2.000000e+00 1.699906e+01 -2.286790e+02
      endloop
   endfacet
   facet normal 0.000000e+00 9.952789e-01 -9.705628e-02
      outer loop
         vertex 2.000000e+00 1.671338e+01 -2.316086e+02
         vertex -2.000000e+00 1.699906e+01 -2.286790e+02
         vertex 2.000000e+00 1.699906e+01 -2.286790e+02
      endloop
   endfacet
   facet normal 0.000000e+00 9.971017e-01 7.608037e-02
      outer loop
         vertex 2.000000e+00 1.699906e+01 -2.286790e+02
         vertex -2.000000e+00 1.699906e+01 -2.286790e+02
         vertex -2.000000e+00 1.677512e+01 -2.257440e+02
      endloop
   endfacet
   facet normal 0.000000e+00 9.971017e-01 7.608037e-02
      outer loop
         vertex 2.000000e+00 1.699906e+01 -2.286790e+02
         vertex -2.000000e+00 1.677512e+01 -2.257440e+02
         vertex 2.000000e+00 1.677512e+01 -2.257440e+02
      endloop
   endfacet
   facet normal 0.000000e+00 9.690316e-01 2.469369e-01
      outer loop
         vertex 2.000000e+00 1.677512e+01 -2.257440e+02
         vertex -2.000000e+00 1.677512e+01 -2.257440e+02
         vertex -2.000000e+00 1.604826e+01 -2.228917e+02
      endloop
   endfacet
   facet normal 0.000000e+00 9.690316e-01 2.469369e-01
      outer loop
         vertex 2.000000e+00 1.677512e+01 -2.257440e+02
         vertex -2.000000e+00 1.604826e+01 -2.228917e+02
         vertex 2.000000e+00 1.604826e+01 -2.228917e+02
      endloop
   endfacet
   facet normal 0.000000e+00 9.119112e-01 4.103876e-01
      outer loop
         vertex 2.000000e+00 1.604826e+01 -2.228917e+02
         vertex -2.000000e+00 1.604826e+01 -2.228917e+02
         vertex -2.000000e+00 1.484029e+01 -2.202075e+02
      endloop
   endfacet
   facet normal 0.000000e+00 9.119112e-01 4.103876e-01
      outer loop
         vertex 2.000000e+00 1.604826e+01 -2.228917e+02
         vertex -2.000000e+00 1.484029e+01 -2.202075e+02
         vertex 2.000000e+00 1.484029e+01 -2.202075e+02
      endloop
   endfacet
   facet normal -0.000000e+00 -8.715572e-02 -9.961947e-01
      outer loop
         vertex 6.000000e+00 -2.694223e-15 1.100000e+01
         vertex -6.000000e+00 -2.694223e-15 1.100000e+01
         vertex 6.000000e+00 1.910130e+00 1.083289e+01
      endloop
   endfacet
   facet normal -0.000000e+00 -8.715572e-02 -9.961947e-01
      outer loop
         vertex 6.000000e+00 1.910130e+00 1.083289e+01
         vertex -6.000000e+00 -2.694223e-15 1.100000e+01
         vertex -6.000000e+00 1.910130e+00 1.083289e+01
      endloop
   endfacet
   facet normal -0.000000e+00 -2.588190e-01 -9.659258e-01
      outer loop
         vertex 6.000000e+00 1.910130e+00 1.083289e+01
         vertex -6.000000e+00 1.910130e+00 1.083289e+01
         vertex 6.000000e+00 3.762222e+00 1.033662e+01
      endloop
   endfacet
   facet normal -0.000000e+00 -2.588190e-01 -9.659258e-01
      outer loop
         vertex 6.000000e+00 3.762222e+00 1.033662e+01
         vertex -6.000000e+00 1.910130e+00 1.083289e+01
         vertex -6.000000e+00 3.762222e+00 1.033662e+01
      endloop
   endfacet
   facet normal -0.000000e+00 -4.226182e-01 -9.063078e-01
      outer loop
         vertex 6.000000e+00 3.762222e+00 1.033662e+01
         vertex -6.000000e+00 3.762222e+00 1.033662e+01
         vertex 6.000000e+00 5.500000e+00 9.526280e+00
      endloop
   endfacet
   facet normal -0.000000e+00 -4.226182e-01 -9.063078e-01
      outer loop
         vertex 6.000000e+00 5.500000e+00 9.526280e+00
         vertex -6.000000e+00 3.762222e+00 1.033662e+01
         vertex -6.000000e+00 5.500000e+00 9.526280e+00
      endloop
   endfacet
   facet normal -0.000000e+00 -5.735764e-01 -8.191521e-01
      outer loop
         vertex 6.000000e+00 5.500000e+00 9.526280e+00
         vertex -6.000000e+00 5.500000e+00 9.526280e+00
         vertex 6.000000e+00 7.070664e+00 8.426489e+00
      endloop
   endfacet
   facet normal -0.000000e+00 -5.735764e-01 -8.191521e-01
      outer loop
         vertex 6.000000e+00 7.070664e+00 8.426489e+00
         vertex -6.000000e+00 5.500000e+00 9.526280e+00
         vertex -6.000000e+00 7.070664e+00 8.426489e+00
      endloop
   endfacet
   facet normal -0.000000e+00 -7.071068e-01 -7.071068e-01
      outer loop
         vertex 6.000000e+00 7.070664e+00 8.426489e+00
         vertex -6.000000e+00 7.070664e+00 8.426489e+00
         vertex 6.000000e+00 8.426489e+00 7.070664e+00
      endloop
   endfacet
   facet normal -0.000000e+00 -7.071068e-01 -7.071068e-01
      outer loop
         vertex 6.000000e+00 8.426489e+00 7.070664e+00
         vertex -6.000000e+00 7.070664e+00 8.426489e+00
         vertex -6.000000e+00 8.426489e+00 7.070664e+00
      endloop
   endfacet
   facet normal -0.000000e+00 -8.191521e-01 -5.735764e-01
      outer loop
         vertex 6.000000e+00 8.426489e+00 7.070664e+00
         vertex -6.000000e+00 8.426489e+00 7.070664e+00
         vertex 6.000000e+00 9.526280e+00 5.500000e+00
      endloop
   endfacet
   facet normal -0.000000e+00 -8.191521e-01 -5.735764e-01
      outer loop
         vertex 6.000000e+00 9.526280e+00 5.500000e+00
         vertex -6.000000e+00 8.426489e+00 7.070664e+00
         vertex -6.000000e+00 9.526280e+00 5.500000e+00
      endloop
   endfacet
   facet normal -0.000000e+00 -9.063078e-01 -4.226182e-01
      outer loop
         vertex 6.000000e+00 9.526280e+00 5.500000e+00
         vertex -6.000000e+00 9.526280e+00 5.500000e+00
         vertex 6.000000e+00 1.033662e+01 3.762222e+00
      endloop
   endfacet
   facet normal -0.000000e+00 -9.063078e-01 -4.226182e-01
      outer loop
         vertex 6.000000e+00 1.033662e+01 3.762222e+00
         vertex -6.000000e+00 9.526280e+00 5.500000e+00
         vertex -6.000000e+00 1.033662e+01 3.762222e+00
      endloop
   endfacet
   facet normal -0.000000e+00 -9.659258e-01 -2.588190e-01
      outer loop
         vertex 6.000000e+00 1.033662e+01 3.762222e+00
         vertex -6.000000e+00 1.033662e+01 3.762222e+00
         vertex 6.000000e+00 1.083289e+01 1.910130e+00
      endloop
   endfacet
   facet normal -0.000000e+00 -9.659258e-01 -2.588190e-01
      outer loop
         vertex 6.000000e+00 1.083289e+01 1.910130e+00
         vertex -6.000000e+00 1.033662e+01 3.762222e+00
         vertex -6.000000e+00 1.083289e+01 1.910130e+00
      endloop
   endfacet
   facet normal -0.000000e+00 -9.961947e-01 -8.715572e-02
      outer loop
         vertex 6.000000e+00 1.083289e+01 1.910130e+00
         vertex -6.000000e+00 1.083289e+01 1.910130e+00
         vertex 6.000000e+00 1.100000e+01 6.735558e-16
      endloop
   endfacet
   facet normal -0.000000e+00 -9.961947e-01 -8.715572e-02
      outer loop
         vertex 6.000000e+00 1.100000e+01 6.735558e-16
         vertex -6.000000e+00 1.083289e+01 1.910130e+00
         vertex -6.000000e+00 1.100000e+01 6.735558e-16
      endloop
   endfacet
   facet normal 0.000000e+00 -9.961947e-01 8.715572e-02
      outer loop
         vertex 6.000000e+00 1.100000e+01 6.735558e-16
         vertex -6.000000e+00 1.100000e+01 6.735558e-16
         vertex 6.000000e+00 1.083289e+01 -1.910130e+00
      endloop
   endfacet
   facet normal 0.000000e+00 -9.961947e-01 8.715572e-02
      outer loop
         vertex 6.000000e+00 1.083289e+01 -1.910130e+00
         vertex -6.000000e+00 1.100000e+01 6.735558e-16
         vertex -6.000000e+00 1.083289e+01 -1.910130e+00
      endloop
   endfacet
   facet normal 0.000000e+00 -9.659258e-01 2.588190e-01
      outer loop
         vertex 6.000000e+00 1.083289e+01 -1.910130e+00
         vertex -6.000000e+00 1.083289e+01 -1.910130e+00
         vertex 6.000000e+00 1.033662e+01 -3.762222e+00
      endloop
   endfacet
   facet normal 0.000000e+00 -9.659258e-01 2.588190e-01
      outer loop
         vertex 6.000000e+00 1.033662e+01 -3.762222e+00
         vertex -6.000000e+00 1.083289e+01 -1.910130e+00
         vertex -6.000000e+00 1.033662e+01 -3.762222e+00
      endloop
   endfacet
   facet normal 0.000000e+00 -9.063078e-01 4.226182e-01
      outer loop
         vertex 6.000000e+00 1.033662e+01 -3.762222e+00
         vertex -6.000000e+00 1.033662e+01 -3.762222e+00
         vertex 6.000000e+00 9.526280e+00 -5.500000e+00
      endloop
   endfacet
   facet normal 0.000000e+00 -9.063078e-01 4.226182e-01
      outer loop
         vertex 6.000000e+00 9.526280e+00 -5.500000e+00
         vertex -6.000000e+00 1.033662e+01 -3.762222e+00
         vertex -6.000000e+00 9.526280e+00 -5.500000e+00
      endloop
   endfacet
   facet normal 0.000000e+00 -8.191521e-01 5.735764e-01
      outer loop
         vertex 6.000000e+00 9.526280e+00 -5.500000e+00
         vertex -6.000000e+00 9.526280e+00 -5.500000e+00
         vertex 6.000000e+00 8.426489e+00 -7.070664e+00
      endloop
   endfacet
   facet normal 0.000000e+00 -8.191521e-01 5.735764e-01
      outer loop
         vertex 6.000000e+00 8.426489e+00 -7.070664e+00
         vertex -6.000000e+00 9.526280e+00 -5.500000e+00
         vertex -6.000000e+00 8.426489e+00 -7.070664e+00
      endloop
   endfacet
   facet normal 0.000000e+00 -7.071068e-01 7.071068e-01
      outer loop
         vertex 6.000000e+00 8.426489e+00 -7.070664e+00
         vertex -6.000000e+00 8.426489e+00 -7.070664e+00
         vertex 6.000000e+00 7.070664e+00 -8.426489e+00
      endloop
   endfacet
   facet normal 0.000000e+00 -7.071068e-01 7.071068e-01
      outer loop
         vertex 6.000000e+00 7.070664e+00 -8.426489e+00
         vertex -6.000000e+00 8.426489e+00 -7.070664e+00
         vertex -6.000000e+00 7.070664e+00 -8.426489e+00
      endloop
   endfacet
   facet normal 0.000000e+00 -5.735764e-01 8.191521e-01
      outer loop
         vertex 6.000000e+00 7.070664e+00 -8.426489e+00
         vertex -6.000000e+00 7.070664e+00 -8.426489e+00
         vertex 6.000000e+00 5.500000e+00 -9.526280e+00
      endloop
   endfacet
   facet normal 0.000000e+00 -5.735764e-01 8.191521e-01
      outer loop
         vertex 6.000000e+00 5.500000e+00 -9.526280e+00
         vertex -6.000000e+00 7.070664e+00 -8.426489e+00
         vertex -6.000000e+00 5.500000e+00 -9.526280e+00
      endloop
   endfacet
   facet normal 0.000000e+00 -4.226182e-01 9.063078e-01
      outer loop
         vertex 6.000000e+00 5.500000e+00 -9.526280e+00
         vertex -6.000000e+00 5.500000e+00 -9.526280e+00
         vertex 6.000000e+00 3.762222e+00 -1.033662e+01
      endloop
   endfacet
   facet normal 0.000000e+00 -4.226182e-01 9.063078e-01
      outer loop
         vertex 6.000000e+00 3.762222e+00 -1.033662e+01
         vertex -6.000000e+00 5.500000e+00 -9.526280e+00
         vertex -6.000000e+00 3.762222e+00 -1.033662e+01
      endloop
   endfacet
   facet normal 0.000000e+00 -2.588190e-01 9.659258e-01
      outer loop
         vertex 6.000000e+00 3.762222e+00 -1.033662e+01
         vertex -6.000000e+00 3.762222e+00 -1.033662e+01
         vertex 6.000000e+00 1.910130e+00 -1.083289e+01
      endloop
   endfacet
   facet normal 0.000000e+00 -2.588190e-01 9.659258e-01
      outer loop
         vertex 6.000000e+00 1.910130e+00 -1.083289e+01
         vertex -6.000000e+00 3.762222e+00 -1.033662e+01
         vertex -6.000000e+00 1.910130e+00 -1.083289e+01
      endloop
   endfacet
   facet normal 0.000000e+00 -8.715572e-02 9.961947e-01
      outer loop
         vertex 6.000000e+00 1.910130e+00 -1.083289e+01
         vertex -6.000000e+00 1.910130e+00 -1.083289e+01
         vertex 6.000000e+00 1.347112e-15 -1.100000e+01
      endloop
   endfacet
   facet normal 0.000000e+00 -8.715572e-02 9.961947e-01
      outer loop
         vertex 6.000000e+00 1.347112e-15 -1.100000e+01
         vertex -6.000000e+00 1.910130e+00 -1.083289e+01
         vertex -6.000000e+00 1.347112e-15 -1.100000e+01
      endloop
   endfacet
   facet normal 0.000000e+00 8.715572e-02 9.961947e-01
      outer loop
         vertex 6.000000e+00 1.347112e-15 -1.100000e+01
         vertex -6.000000e+00 1.347112e-15 -1.100000e+01
         vertex 6.000000e+00 -1.910130e+00 -1.083289e+01
      endloop
   endfacet
   facet normal 0.000000e+00 8.715572e-02 9.961947e-01
      outer loop
         vertex 6.000000e+00 -1.910130e+00 -1.083289e+01
         vertex -6.000000e+00 1.347112e-15 -1.100000e+01
         vertex -6.000000e+00 -1.910130e+00 -1.083289e+01
      endloop
   endfacet
   facet normal 0.000000e+00 2.588190e-01 9.659258e-01
      outer loop
         vertex 6.000000e+00 -1.910130e+00 -1.083289e+01
         vertex -6.000000e+00 -1.910130e+00 -1.083289e+01
         vertex 6.000000e+00 -3.762222e+00 -1.033662e+01
      endloop
   endfacet
   facet normal 0.000000e+00 2.588190e-01 9.659258e-01
      outer loop
         vertex 6.000000e+00 -3.762222e+00 -1.033662e+01
         vertex -6.000000e+00 -1.910130e+00 -1.083289e+01
         vertex -6.000000e+00 -3.762222e+00 -1.033662e+01
      endloop
   endfacet
   facet normal 0.000000e+00 4.226182e-01 9.063078e-01
      outer loop
         vertex 6.000000e+00 -3.762222e+00 -1.033662e+01
         vertex -6.000000e+00 -3.762222e+00 -1.033662e+01
         vertex 6.000000e+00 -5.500000e+00 -9.526280e+00
      endloop
   endfacet
   facet normal 0.000000e+00 4.226182e-01 9.063078e-01
      outer loop
         vertex 6.000000e+00 -5.500000e+00 -9.526280e+00
         vertex -6.000000e+00 -3.762222e+00 -1.033662e+01
         vertex -6.000000e+00 -5.500000e+00 -9.526280e+00
      endloop
   endfacet
   facet normal 0.000000e+00 5.735764e-01 8.191521e-01
      outer loop
         vertex 6.000000e+00 -5.500000e+00 -9.526280e+00
         vertex -6.000000e+00 -5.500000e+00 -9.526280e+00
         vertex 6.000000e+00 -7.070664e+00 -8.426489e+00
      endloop
   endfacet
   facet normal 0.000000e+00 5.735764e-01 8.191521e-01
      outer loop
         vertex 6.000000e+00 -7.070664e+00 -8.426489e+00
         vertex -6.000000e+00 -5.500000e+00 -9.526280e+00
         vertex -6.000000e+00 -7.070664e+00 -8.426489e+00
      endloop
   endfacet
   facet normal 0.000000e+00 7.071068e-01 7.071068e-01
      outer loop
         vertex 6.000000e+00 -7.070664e+00 -8.426489e+00
         vertex -6.000000e+00 -7.070664e+00 -8.426489e+00
         vertex 6.000000e+00 -8.426489e+00 -7.070664e+00
      endloop
   endfacet
   facet normal 0.000000e+00 7.071068e-01 7.071068e-01
      outer loop
         vertex 6.000000e+00 -8.426489e+00 -7.070664e+00
         vertex -6.000000e+00 -7.070664e+00 -8.426489e+00
         vertex -6.000000e+00 -8.426489e+00 -7.070664e+00
      endloop
   endfacet
   facet normal 0.000000e+00 8.191521e-01 5.735764e-01
      outer loop
         vertex 6.000000e+00 -8.426489e+00 -7.070664e+00
         vertex -6.000000e+00 -8.426489e+00 -7.070664e+00
         vertex 6.000000e+00 -9.526280e+00 -5.500000e+00
      endloop
   endfacet
   facet normal 0.000000e+00 8.191521e-01 5.735764e-01
      outer loop
         vertex 6.000000e+00 -9.526280e+00 -5.500000e+00
         vertex -6.000000e+00 -8.426489e+00 -7.070664e+00
         vertex -6.000000e+00 -9.526280e+00 -5.500000e+00
      endloop
   endfacet
   facet normal 0.000000e+00 9.063078e-01 4.226182e-01
      outer loop
         vertex 6.000000e+00 -9.526280e+00 -5.500000e+00
         vertex -6.000000e+00 -9.526280e+00 -5.500000e+00
         vertex 6.000000e+00 -1.033662e+01 -3.762222e+00
      endloop
   endfacet
   facet normal 0.000000e+00 9.063078e-01 4.226182e-01
      outer loop
         vertex 6.000000e+00 -1.033662e+01 -3.762222e+00
         vertex -6.000000e+00 -9.526280e+00 -5.500000e+00
         vertex -6.000000e+00 -1.033662e+01 -3.762222e+00
      endloop
   endfacet
   facet normal 0.000000e+00 9.659258e-01 2.588190e-01
      outer loop
         vertex 6.000000e+00 -1.033662e+01 -3.762222e+00
         vertex -6.000000e+00 -1.033662e+01 -3.762222e+00
         vertex 6.000000e+00 -1.083289e+01 -1.910130e+00
      endloop
   endfacet
   facet normal 0.000000e+00 9.659258e-01 2.588190e-01
      outer loop
         vertex 6.000000e+00 -1.083289e+01 -1.910130e+00
         vertex -6.000000e+00 -1.033662e+01 -3.762222e+00
         vertex -6.000000e+00 -1.083289e+01 -1.910130e+00
      endloop
   endfacet
   facet normal 0.000000e+00 9.961947e-01 8.715572e-02
      outer loop
         vertex 6.000000e+00 -1.083289e+01 -1.910130e+00
         vertex -6.000000e+00 -1.083289e+01 -1.910130e+00
         vertex 6.000000e+00 -1.100000e+01 -2.020667e-15
      endloop
   endfacet
   facet normal 0.000000e+00 9.961947e-01 8.715572e-02
      outer loop
         vertex 6.000000e+00 -1.100000e+01 -2.020667e-15
         vertex -6.000000e+00 -1.083289e+01 -1.910130e+00
         vertex -6.000000e+00 -1.100000e+01 -2.020667e-15
      endloop
   endfacet
   facet normal 0.000000e+00 9.961947e-01 -8.715572e-02
      outer loop
         vertex 6.000000e+00 -1.100000e+01 -2.020667e-15
         vertex -6.000000e+00 -1.100000e+01 -2.020667e-15
         vertex 6.000000e+00 -1.083289e+01 1.910130e+00
      endloop
   endfacet
   facet normal 0.000000e+00 9.961947e-01 -8.715572e-02
      outer loop
         vertex 6.000000e+00 -1.083289e+01 1.910130e+00
         vertex -6.000000e+00 -1.100000e+01 -2.020667e-15
         vertex -6.000000e+00 -1.083289e+01 1.910130e+00
      endloop
   endfacet
   facet normal 0.000000e+00 9.659258e-01 -2.588190e-01
      outer loop
         vertex 6.000000e+00 -1.083289e+01 1.910130e+00
         vertex -6.000000e+00 -1.083289e+01 1.910130e+00
         vertex 6.000000e+00 -1.033662e+01 3.762222e+00
      endloop
   endfacet
   facet normal 0.000000e+00 9.659258e-01 -2.588190e-01
      outer loop
         vertex 6.000000e+00 -1.033662e+01 3.762222e+00
         vertex -6.000000e+00 -1.083289e+01 1.910130e+00
         vertex -6.000000e+00 -1.033662e+01 3.762222e+00
      endloop
   endfacet
   facet normal 0.000000e+00 9.063078e-01 -4.226182e-01
      outer loop
         vertex 6.000000e+00 -1.033662e+01 3.762222e+00
         vertex -6.000000e+00 -1.033662e+01 3.762222e+00
         vertex 6.000000e+00 -9.526280e+00 5.500000e+00
      endloop
   endfacet
   facet normal 0.000000e+00 9.063078e-01 -4.226182e-01
      outer loop
         vertex 6.000000e+00 -9.526280e+00 5.500000e+00
         vertex -6.000000e+00 -1.033662e+01 3.762222e+00
         vertex -6.000000e+00 -9.526280e+00 5.500000e+00
      endloop
   endfacet
   facet normal 0.000000e+00 8.191521e-01 -5.735764e-01
      outer loop
         vertex 6.000000e+00 -9.526280e+00 5.500000e+00
         vertex -6.000000e+00 -9.526280e+00 5.500000e+00
         vertex 6.000000e+00 -8.426489e+00 7.070664e+00
      endloop
   endfacet
   facet normal 0.000000e+00 8.191521e-01 -5.735764e-01
      outer loop
         vertex 6.000000e+00 -8.426489e+00 7.070664e+00
         vertex -6.000000e+00 -9.526280e+00 5.500000e+00
         vertex -6.000000e+00 -8.426489e+00 7.070664e+00
      endloop
   endfacet
   facet normal 0.000000e+00 7.071068e-01 -7.071068e-01
      outer loop
         vertex 6.000000e+00 -8.426489e+00 7.070664e+00
         vertex -6.000000e+00 -8.426489e+00 7.070664e+00
         vertex 6.000000e+00 -7.070664e+00 8.426489e+00
      endloop
   endfacet
   facet normal 0.000000e+00 7.071068e-01 -7.071068e-01
      outer loop
         vertex 6.000000e+00 -7.070664e+00 8.426489e+00
         vertex -6.000000e+00 -8.426489e+00 7.070664e+00
         vertex -6.000000e+00 -7.070664e+00 8.426489e+00
      endloop
   endfacet
   facet normal 0.000000e+00 5.735764e-01 -8.191521e-01
      outer loop
         vertex 6.000000e+00 -7.070664e+00 8.426489e+00
         vertex -6.000000e+00 -7.070664e+00 8.426489e+00
         vertex 6.000000e+00 -5.500000e+00 9.526280e+00
      endloop
   endfacet
   facet normal 0.000000e+00 5.735764e-01 -8.191521e-01
      outer loop
         vertex 6.000000e+00 -5.500000e+00 9.526280e+00
         vertex -6.000000e+00 -7.070664e+00 8.426489e+00
         vertex -6.000000e+00 -5.500000e+00 9.526280e+00
      endloop
   endfacet
   facet normal 0.000000e+00 4.226182e-01 -9.063078e-01
      outer loop
         vertex 6.000000e+00 -5.500000e+00 9.526280e+00
         vertex -6.000000e+00 -5.500000e+00 9.526280e+00
         vertex 6.000000e+00 -3.762222e+00 1.033662e+01
      endloop
   endfacet
   facet normal 0.000000e+00 4.226182e-01 -9.063078e-01
      outer loop
         vertex 6.000000e+00 -3.762222e+00 1.033662e+01
         vertex -6.000000e+00 -5.500000e+00 9.526280e+00
         vertex -6.000000e+00 -3.762222e+00 1.033662e+01
      endloop
   endfacet
   facet normal 0.000000e+00 2.588190e-01 -9.659258e-01
      outer loop
         vertex 6.000000e+00 -3.762222e+00 1.033662e+01
         vertex -6.000000e+00 -3.762222e+00 1.033662e+01
         vertex 6.000000e+00 -1.910130e+00 1.083289e+01
      endloop
   endfacet
   facet normal 0.000000e+00 2.588190e-01 -9.659258e-01
      outer loop
         vertex 6.000000e+00 -1.910130e+00 1.083289e+01
         vertex -6.000000e+00 -3.762222e+00 1.033662e+01
         vertex -6.000000e+00 -1.910130e+00 1.083289e+01
      endloop
   endfacet
   facet normal 0.000000e+00 8.715572e-02 -9.961947e-01
      outer loop
         vertex 6.000000e+00 -1.910130e+00 1.083289e+01
         vertex -6.000000e+00 -1.910130e+00 1.083289e+01
         vertex 6.000000e+00 -2.694223e-15 1.100000e+01
      endloop
   endfacet
   facet normal 0.000000e+00 8.715572e-02 -9.961947e-01
      outer loop
         vertex 6.000000e+00 -2.694223e-15 1.100000e+01
         vertex -6.000000e+00 -1.910130e+00 1.083289e+01
         vertex -6.000000e+00 -2.694223e-15 1.100000e+01
      endloop
   endfacet
   facet normal -0.000000e+00 -8.715668e-02 -9.961946e-01
      outer loop
         vertex 6.000000e+00 -2.694223e-15 -2.175000e+02
         vertex -6.000000e+00 -2.694223e-15 -2.175000e+02
         vertex 6.000000e+00 1.910130e+00 -2.176671e+02
      endloop
   endfacet
   facet normal -0.000000e+00 -8.715668e-02 -9.961946e-01
      outer loop
         vertex 6.000000e+00 1.910130e+00 -2.176671e+02
         vertex -6.000000e+00 -2.694223e-15 -2.175000e+02
         vertex -6.000000e+00 1.910130e+00 -2.176671e+02
      endloop
   endfacet
   facet normal -0.000000e+00 -2.588199e-01 -9.659256e-01
      outer loop
         vertex 6.000000e+00 1.910130e+00 -2.176671e+02
         vertex -6.000000e+00 1.910130e+00 -2.176671e+02
         vertex 6.000000e+00 3.762222e+00 -2.181634e+02
      endloop
   endfacet
   facet normal -0.000000e+00 -2.588199e-01 -9.659256e-01
      outer loop
         vertex 6.000000e+00 3.762222e+00 -2.181634e+02
         vertex -6.000000e+00 1.910130e+00 -2.176671e+02
         vertex -6.000000e+00 3.762222e+00 -2.181634e+02
      endloop
   endfacet
   facet normal -0.000000e+00 -4.226186e-01 -9.063076e-01
      outer loop
         vertex 6.000000e+00 3.762222e+00 -2.181634e+02
         vertex -6.000000e+00 3.762222e+00 -2.181634e+02
         vertex 6.000000e+00 5.500000e+00 -2.189737e+02
      endloop
   endfacet
   facet normal -0.000000e+00 -4.226186e-01 -9.063076e-01
      outer loop
         vertex 6.000000e+00 5.500000e+00 -2.189737e+02
         vertex -6.000000e+00 3.762222e+00 -2.181634e+02
         vertex -6.000000e+00 5.500000e+00 -2.189737e+02
      endloop
   endfacet
   facet normal -0.000000e+00 -5.735728e-01 -8.191546e-01
      outer loop
         vertex 6.000000e+00 5.500000e+00 -2.189737e+02
         vertex -6.000000e+00 5.500000e+00 -2.189737e+02
         vertex 6.000000e+00 7.070664e+00 -2.200735e+02
      endloop
   endfacet
   facet normal -0.000000e+00 -5.735728e-01 -8.191546e-01
      outer loop
         vertex 6.000000e+00 7.070664e+00 -2.200735e+02
         vertex -6.000000e+00 5.500000e+00 -2.189737e+02
         vertex -6.000000e+00 7.070664e+00 -2.200735e+02
      endloop
   endfacet
   facet normal -0.000000e+00 -7.071071e-01 -7.071064e-01
      outer loop
         vertex 6.000000e+00 7.070664e+00 -2.200735e+02
         vertex -6.000000e+00 7.070664e+00 -2.200735e+02
         vertex 6.000000e+00 8.426489e+00 -2.214293e+02
      endloop
   endfacet
   facet normal -0.000000e+00 -7.071071e-01 -7.071064e-01
      outer loop
         vertex 6.000000e+00 8.426489e+00 -2.214293e+02
         vertex -6.000000e+00 7.070664e+00 -2.200735e+02
         vertex -6.000000e+00 8.426489e+00 -2.214293e+02
      endloop
   endfacet
   facet normal -0.000000e+00 -8.191535e-01 -5.735744e-01
      outer loop
         vertex 6.000000e+00 8.426489e+00 -2.214293e+02
         vertex -6.000000e+00 8.426489e+00 -2.214293e+02
         vertex 6.000000e+00 9.526280e+00 -2.230000e+02
      endloop
   endfacet
   facet normal -0.000000e+00 -8.191535e-01 -5.735744e-01
      outer loop
         vertex 6.000000e+00 9.526280e+00 -2.230000e+02
         vertex -6.000000e+00 8.426489e+00 -2.214293e+02
         vertex -6.000000e+00 9.526280e+00 -2.230000e+02
      endloop
   endfacet
   facet normal -0.000000e+00 -9.063074e-01 -4.226191e-01
      outer loop
         vertex 6.000000e+00 9.526280e+00 -2.230000e+02
         vertex -6.000000e+00 9.526280e+00 -2.230000e+02
         vertex 6.000000e+00 1.033662e+01 -2.247378e+02
      endloop
   endfacet
   facet normal -0.000000e+00 -9.063074e-01 -4.226191e-01
      outer loop
         vertex 6.000000e+00 1.033662e+01 -2.247378e+02
         vertex -6.000000e+00 9.526280e+00 -2.230000e+02
         vertex -6.000000e+00 1.033662e+01 -2.247378e+02
      endloop
   endfacet
   facet normal -0.000000e+00 -9.659260e-01 -2.588186e-01
      outer loop
         vertex 6.000000e+00 1.033662e+01 -2.247378e+02
         vertex -6.000000e+00 1.033662e+01 -2.247378e+02
         vertex 6.000000e+00 1.083289e+01 -2.265899e+02
      endloop
   endfacet
   facet normal -0.000000e+00 -9.659260e-01 -2.588186e-01
      outer loop
         vertex 6.000000e+00 1.083289e+01 -2.265899e+02
         vertex -6.000000e+00 1.033662e+01 -2.247378e+02
         vertex -6.000000e+00 1.083289e+01 -2.265899e+02
      endloop
   endfacet
   facet normal -0.000000e+00 -9.961947e-01 -8.715615e-02
      outer loop
         vertex 6.000000e+00 1.083289e+01 -2.265899e+02
         vertex -6.000000e+00 1.083289e+01 -2.265899e+02
         vertex 6.000000e+00 1.100000e+01 -2.285000e+02
      endloop
   endfacet
   facet normal -0.000000e+00 -9.961947e-01 -8.715615e-02
      outer loop
         vertex 6.000000e+00 1.100000e+01 -2.285000e+02
         vertex -6.000000e+00 1.083289e+01 -2.265899e+02
         vertex -6.000000e+00 1.100000e+01 -2.285000e+02
      endloop
   endfacet
   facet normal 0.000000e+00 -9.961947e-01 8.715548e-02
      outer loop
         vertex 6.000000e+00 1.100000e+01 -2.285000e+02
         vertex -6.000000e+00 1.100000e+01 -2.285000e+02
         vertex 6.000000e+00 1.083289e+01 -2.304101e+02
      endloop
   endfacet
   facet normal 0.000000e+00 -9.961947e-01 8.715548e-02
      outer loop
         vertex 6.000000e+00 1.083289e+01 -2.304101e+02
         vertex -6.000000e+00 1.100000e+01 -2.285000e+02
         vertex -6.000000e+00 1.083289e+01 -2.304101e+02
      endloop
   endfacet
   facet normal 0.000000e+00 -9.659260e-01 2.588186e-01
      outer loop
         vertex 6.000000e+00 1.083289e+01 -2.304101e+02
         vertex -6.000000e+00 1.083289e+01 -2.304101e+02
         vertex 6.000000e+00 1.033662e+01 -2.322622e+02
      endloop
   endfacet
   facet normal 0.000000e+00 -9.659260e-01 2.588186e-01
      outer loop
         vertex 6.000000e+00 1.033662e+01 -2.322622e+02
         vertex -6.000000e+00 1.083289e+01 -2.304101e+02
         vertex -6.000000e+00 1.033662e+01 -2.322622e+02
      endloop
   endfacet
   facet normal 0.000000e+00 -9.063074e-01 4.226191e-01
      outer loop
         vertex 6.000000e+00 1.033662e+01 -2.322622e+02
         vertex -6.000000e+00 1.033662e+01 -2.322622e+02
         vertex 6.000000e+00 9.526280e+00 -2.340000e+02
      endloop
   endfacet
   facet normal 0.000000e+00 -9.063074e-01 4.226191e-01
      outer loop
         vertex 6.000000e+00 9.526280e+00 -2.340000e+02
         vertex -6.000000e+00 1.033662e+01 -2.322622e+02
         vertex -6.000000e+00 9.526280e+00 -2.340000e+02
      endloop
   endfacet
   facet normal 0.000000e+00 -8.191535e-01 5.735744e-01
      outer loop
         vertex 6.000000e+00 9.526280e+00 -2.340000e+02
         vertex -6.000000e+00 9.526280e+00 -2.340000e+02
         vertex 6.000000e+00 8.426489e+00 -2.355707e+02
      endloop
   endfacet
   facet normal 0.000000e+00 -8.191535e-01 5.735744e-01
      outer loop
         vertex 6.000000e+00 8.426489e+00 -2.355707e+02
         vertex -6.000000e+00 9.526280e+00 -2.340000e+02
         vertex -6.000000e+00 8.426489e+00 -2.355707e+02
      endloop
   endfacet
   facet normal 0.000000e+00 -7.071071e-01 7.071064e-01
      outer loop
         vertex 6.000000e+00 8.426489e+00 -2.355707e+02
         vertex -6.000000e+00 8.426489e+00 -2.355707e+02
         vertex 6.000000e+00 7.070664e+00 -2.369265e+02
      endloop
   endfacet
   facet normal 0.000000e+00 -7.071071e-01 7.071064e-01
      outer loop
         vertex 6.000000e+00 7.070664e+00 -2.369265e+02
         vertex -6.000000e+00 8.426489e+00 -2.355707e+02
         vertex -6.000000e+00 7.070664e+00 -2.369265e+02
      endloop
   endfacet
   facet normal 0.000000e+00 -5.735728e-01 8.191546e-01
      outer loop
         vertex 6.000000e+00 7.070664e+00 -2.369265e+02
         vertex -6.000000e+00 7.070664e+00 -2.369265e+02
         vertex 6.000000e+00 5.500000e+00 -2.380263e+02
      endloop
   endfacet
   facet normal 0.000000e+00 -5.735728e-01 8.191546e-01
      outer loop
         vertex 6.000000e+00 5.500000e+00 -2.380263e+02
         vertex -6.000000e+00 7.070664e+00 -2.369265e+02
         vertex -6.000000e+00 5.500000e+00 -2.380263e+02
      endloop
   endfacet
   facet normal 0.000000e+00 -4.226186e-01 9.063076e-01
      outer loop
         vertex 6.000000e+00 5.500000e+00 -2.380263e+02
         vertex -6.000000e+00 5.500000e+00 -2.380263e+02
         vertex 6.000000e+00 3.762222e+00 -2.388366e+02
      endloop
   endfacet
   facet normal 0.000000e+00 -4.226186e-01 9.063076e-01
      outer loop
         vertex 6.000000e+00 3.762222e+00 -2.388366e+02
         vertex -6.000000e+00 5.500000e+00 -2.380263e+02
         vertex -6.000000e+00 3.762222e+00 -2.388366e+02
      endloop
   endfacet
   facet normal 0.000000e+00 -2.588199e-01 9.659256e-01
      outer loop
         vertex 6.000000e+00 3.762222e+00 -2.388366e+02
         vertex -6.000000e+00 3.762222e+00 -2.388366e+02
         vertex 6.000000e+00 1.910130e+00 -2.393329e+02
      endloop
   endfacet
   facet normal 0.000000e+00 -2.588199e-01 9.659256e-01
      outer loop
         vertex 6.000000e+00 1.910130e+00 -2.393329e+02
         vertex -6.000000e+00 3.762222e+00 -2.388366e+02
         vertex -6.000000e+00 1.910130e+00 -2.393329e+02
      endloop
   endfacet
   facet normal 0.000000e+00 -8.715668e-02 9.961946e-01
      outer loop
         vertex 6.000000e+00 1.910130e+00 -2.393329e+02
         vertex -6.000000e+00 1.910130e+00 -2.393329e+02
         vertex 6.000000e+00 1.347112e-15 -2.395000e+02
      endloop
   endfacet
   facet normal 0.000000e+00 -8.715668e-02 9.961946e-01
      outer loop
         vertex 6.000000e+00 1.347112e-15 -2.395000e+02
         vertex -6.000000e+00 1.910130e+00 -2.393329e+02
         vertex -6.000000e+00 1.347112e-15 -2.395000e+02
      endloop
   endfacet
   facet normal 0.000000e+00 8.715668e-02 9.961946e-01
      outer loop
         vertex 6.000000e+00 1.347112e-15 -2.395000e+02
         vertex -6.000000e+00 1.347112e-15 -2.395000e+02
         vertex 6.000000e+00 -1.910130e+00 -2.393329e+02
      endloop
   endfacet
   facet normal 0.000000e+00 8.715668e-02 9.961946e-01
      outer loop
         vertex 6.000000e+00 -1.910130e+00 -2.393329e+02
         vertex -6.000000e+00 1.347112e-15 -2.395000e+02
         vertex -6.000000e+00 -1.910130e+00 -2.393329e+02
      endloop
   endfacet
   facet normal 0.000000e+00 2.588199e-01 9.659256e-01
      outer loop
         vertex 6.000000e+00 -1.910130e+00 -2.393329e+02
         vertex -6.000000e+00 -1.910130e+00 -2.393329e+02
         vertex 6.000000e+00 -3.762222e+00 -2.388366e+02
      endloop
   endfacet
   facet normal 0.000000e+00 2.588199e-01 9.659256e-01
      outer loop
         vertex 6.000000e+00 -3.762222e+00 -2.388366e+02
         vertex -6.000000e+00 -1.910130e+00 -2.393329e+02
         vertex -6.000000e+00 -3.762222e+00 -2.388366e+02
      endloop
   endfacet
   facet normal 0.000000e+00 4.226186e-01 9.063076e-01
      outer loop
         vertex 6.000000e+00 -3.762222e+00 -2.388366e+02
         vertex -6.000000e+00 -3.762222e+00 -2.388366e+02
         vertex 6.000000e+00 -5.500000e+00 -2.380263e+02
      endloop
   endfacet
   facet normal 0.000000e+00 4.226186e-01 9.063076e-01
      outer loop
         vertex 6.000000e+00 -5.500000e+00 -2.380263e+02
         vertex -6.000000e+00 -3.762222e+00 -2.388366e+02
         vertex -6.000000e+00 -5.500000e+00 -2.380263e+02
      endloop
   endfacet
   facet normal 0.000000e+00 5.735728e-01 8.191546e-01
      outer loop
         vertex 6.000000e+00 -5.500000e+00 -2.380263e+02
         vertex -6.000000e+00 -5.500000e+00 -2.380263e+02
         vertex 6.000000e+00 -7.070664e+00 -2.369265e+02
      endloop
   endfacet
   facet normal 0.000000e+00 5.735728e-01 8.191546e-01
      outer loop
         vertex 6.000000e+00 -7.070664e+00 -2.369265e+02
         vertex -6.000000e+00 -5.500000e+00 -2.380263e+02
         vertex -6.000000e+00 -7.070664e+00 -2.369265e+02
      endloop
   endfacet
   facet normal 0.000000e+00 7.071071e-01 7.071064e-01
      outer loop
         vertex 6.000000e+00 -7.070664e+00 -2.369265e+02
         vertex -6.000000e+00 -7.070664e+00 -2.369265e+02
         vertex 6.000000e+00 -8.426489e+00 -2.355707e+02
      endloop
   endfacet
   facet normal 0.000000e+00 7.071071e-01 7.071064e-01
      outer loop
         vertex 6.000000e+00 -8.426489e+00 -2.355707e+02
         vertex -6.000000e+00 -7.070664e+00 -2.369265e+02
         vertex -6.000000e+00 -8.426489e+00 -2.355707e+02
      endloop
   endfacet
   facet normal 0.000000e+00 8.191535e-01 5.735744e-01
      outer loop
         vertex 6.000000e+00 -8.426489e+00 -2.355707e+02
         vertex -6.000000e+00 -8.426489e+00 -2.355707e+02
         vertex 6.000000e+00 -9.526280e+00 -2.340000e+02
      endloop
   endfacet
   facet normal 0.000000e+00 8.191535e-01 5.735744e-01
      outer loop
         vertex 6.000000e+00 -9.526280e+00 -2.340000e+02
         vertex -6.000000e+00 -8.426489e+00 -2.355707e+02
         vertex -6.000000e+00 -9.526280e+00 -2.340000e+02
      endloop
   endfacet
   facet normal 0.000000e+00 9.063074e-01 4.226191e-01
      outer loop
         vertex 6.000000e+00 -9.526280e+00 -2.340000e+02
         vertex -6.000000e+00 -9.526280e+00 -2.340000e+02
         vertex 6.000000e+00 -1.033662e+01 -2.322622e+02
      endloop
   endfacet
   facet normal 0.000000e+00 9.063074e-01 4.226191e-01
      outer loop
         vertex 6.000000e+00 -1.033662e+01 -2.322622e+02
         vertex -6.000000e+00 -9.526280e+00 -2.340000e+02
         vertex -6.000000e+00 -1.033662e+01 -2.322622e+02
      endloop
   endfacet
   facet normal 0.000000e+00 9.659260e-01 2.588186e-01
      outer loop
         vertex 6.000000e+00 -1.033662e+01 -2.322622e+02
         vertex -6.000000e+00 -1.033662e+01 -2.322622e+02
         vertex 6.000000e+00 -1.083289e+01 -2.304101e+02
      endloop
   endfacet
   facet normal 0.000000e+00 9.659260e-01 2.588186e-01
      outer loop
         vertex 6.000000e+00 -1.083289e+01 -2.304101e+02
         vertex -6.000000e+00 -1.033662e+01 -2.322622e+02
         vertex -6.000000e+00 -1.083289e+01 -2.304101e+02
      endloop
   endfacet
   facet normal 0.000000e+00 9.961947e-01 8.715548e-02
      outer loop
         vertex 6.000000e+00 -1.083289e+01 -2.304101e+02
         vertex -6.000000e+00 -1.083289e+01 -2.304101e+02
         vertex 6.000000e+00 -1.100000e+01 -2.285000e+02
      endloop
   endfacet
   facet normal 0.000000e+00 9.961947e-01 8.715548e-02
      outer loop
         vertex 6.000000e+00 -1.100000e+01 -2.285000e+02
         vertex -6.000000e+00 -1.083289e+01 -2.304101e+02
         vertex -6.000000e+00 -1.100000e+01 -2.285000e+02
      endloop
   endfacet
   facet normal 0.000000e+00 9.961947e-01 -8.715615e-02
      outer loop
         vertex 6.000000e+00 -1.100000e+01 -2.285000e+02
         vertex -6.000000e+00 -1.100000e+01 -2.285000e+02
         vertex 6.000000e+00 -1.083289e+01 -2.265899e+02
      endloop
   endfacet
   facet normal 0.000000e+00 9.961947e-01 -8.715615e-02
      outer loop
         vertex 6.000000e+00 -1.083289e+01 -2.265899e+02
         vertex -6.000000e+00 -1.100000e+01 -2.285000e+02
         vertex -6.000000e+00 -1.083289e+01 -2.265899e+02
      endloop
   endfacet
   facet normal 0.000000e+00 9.659260e-01 -2.588186e-01
      outer loop
         vertex 6.000000e+00 -1.083289e+01 -2.265899e+02
         vertex -6.000000e+00 -1.083289e+01 -2.265899e+02
         vertex 6.000000e+00 -1.033662e+01 -2.247378e+02
      endloop
   endfacet
   facet normal 0.000000e+00 9.659260e-01 -2.588186e-01
      outer loop
         vertex 6.000000e+00 -1.033662e+01 -2.247378e+02
         vertex -6.000000e+00 -1.083289e+01 -2.265899e+02
         vertex -6.000000e+00 -1.033662e+01 -2.247378e+02
      endloop
   endfacet
   facet normal 0.000000e+00 9.063074e-01 -4.226191e-01
      outer loop
         vertex 6.000000e+00 -1.033662e+01 -2.247378e+02
         vertex -6.000000e+00 -1.033662e+01 -2.247378e+02
         vertex 6.000000e+00 -9.526280e+00 -2.230000e+02
      endloop
   endfacet
   facet normal 0.000000e+00 9.063074e-01 -4.226191e-01
      outer loop
         vertex 6.000000e+00 -9.526280e+00 -2.230000e+02
         vertex -6.000000e+00 -1.033662e+01 -2.247378e+02
         vertex -6.000000e+00 -9.526280e+00 -2.230000e+02
      endloop
   endfacet
   facet normal 0.000000e+00 8.191535e-01 -5.735744e-01
      outer loop
         vertex 6.000000e+00 -9.526280e+00 -2.230000e+02
         vertex -6.000000e+00 -9.526280e+00 -2.230000e+02
         vertex 6.000000e+00 -8.426489e+00 -2.214293e+02
      endloop
   endfacet
   facet normal 0.000000e+00 8.191535e-01 -5.735744e-01
      outer loop
         vertex 6.000000e+00 -8.426489e+00 -2.214293e+02
         vertex -6.000000e+00 -9.526280e+00 -2.230000e+02
         vertex -6.000000e+00 -8.426489e+00 -2.214293e+02
      endloop
   endfacet
   facet normal 0.000000e+00 7.071071e-01 -7.071064e-01
      outer loop
         vertex 6.000000e+00 -8.426489e+00 -2.214293e+02
         vertex -6.000000e+00 -8.426489e+00 -2.214293e+02
         vertex 6.000000e+00 -7.070664e+00 -2.200735e+02
      endloop
   endfacet
   facet normal 0.000000e+00 7.071071e-01 -7.071064e-01
      outer loop
         vertex 6.000000e+00 -7.070664e+00 -2.200735e+02
         vertex -6.000000e+00 -8.426489e+00 -2.214293e+02
         vertex -6.000000e+00 -7.070664e+00 -2.200735e+02
      endloop
   endfacet
   facet normal 0.000000e+00 5.735728e-01 -8.191546e-01
      outer loop
         vertex 6.000000e+00 -7.070664e+00 -2.200735e+02
         vertex -6.000000e+00 -7.070664e+00 -2.200735e+02
         vertex 6.000000e+00 -5.500000e+00 -2.189737e+02
      endloop
   endfacet
   facet normal 0.000000e+00 5.735728e-01 -8.191546e-01
      outer loop
         vertex 6.000000e+00 -5.500000e+00 -2.189737e+02
         vertex -6.000000e+00 -7.070664e+00 -2.200735e+02
         vertex -6.000000e+00 -5.500000e+00 -2.189737e+02
      endloop
   endfacet
   facet normal 0.000000e+00 4.226186e-01 -9.063076e-01
      outer loop
         vertex 6.000000e+00 -5.500000e+00 -2.189737e+02
         vertex -6.000000e+00 -5.500000e+00 -2.189737e+02
         vertex 6.000000e+00 -3.762222e+00 -2.181634e+02
      endloop
   endfacet
   facet normal 0.000000e+00 4.226186e-01 -9.063076e-01
      outer loop
         vertex 6.000000e+00 -3.762222e+00 -2.181634e+02
         vertex -6.000000e+00 -5.500000e+00 -2.189737e+02
         vertex -6.000000e+00 -3.762222e+00 -2.181634e+02
      endloop
   endfacet
   facet normal 0.000000e+00 2.588199e-01 -9.659256e-01
      outer loop
         vertex 6.000000e+00 -3.762222e+00 -2.181634e+02
         vertex -6.000000e+00 -3.762222e+00 -2.181634e+02
         vertex 6.000000e+00 -1.910130e+00 -2.176671e+02
      endloop
   endfacet
   facet normal 0.000000e+00 2.588199e-01 -9.659256e-01
      outer loop
         vertex 6.000000e+00 -1.910130e+00 -2.176671e+02
         vertex -6.000000e+00 -3.762222e+00 -2.181634e+02
         vertex -6.000000e+00 -1.910130e+00 -2.176671e+02
      endloop
   endfacet
   facet normal 0.000000e+00 8.715668e-02 -9.961946e-01
      outer loop
         vertex 6.000000e+00 -1.910130e+00 -2.176671e+02
         vertex -6.000000e+00 -1.910130e+00 -2.176671e+02
         vertex 6.000000e+00 -2.694223e-15 -2.175000e+02
      endloop
   endfacet
   facet normal 0.000000e+00 8.715668e-02 -9.961946e-01
      outer loop
         vertex 6.000000e+00 -2.694223e-15 -2.175000e+02
         vertex -6.000000e+00 -1.910130e+00 -2.176671e+02
         vertex -6.000000e+00 -2.694223e-15 -2.175000e+02
      endloop
   endfacet
   facet normal 1.000000e+00 -1.607042e-22 6.123240e-17
      outer loop
         vertex 1.302249e-14 1.193255e+01 -2.136027e+02
         vertex 1.287690e-14 1.122992e+01 -2.112250e+02
         vertex 1.296672e-14 1.112632e+01 -2.126919e+02
      endloop
   endfacet
   facet normal 1.000000e+00 -3.004857e-22 6.123241e-17
      outer loop
         vertex 1.296672e-14 1.112632e+01 -2.126919e+02
         vertex 1.287690e-14 1.122992e+01 -2.112250e+02
         vertex 1.284304e-14 9.679169e+00 -2.106720e+02
      endloop
   endfacet
   facet normal 1.000000e+00 -5.203041e-22 6.123180e-17
      outer loop
         vertex 1.284304e-14 9.679169e+00 -2.106720e+02
         vertex 1.287690e-14 1.122992e+01 -2.112250e+02
         vertex 1.270833e-14 8.523974e+00 -2.084721e+02
      endloop
   endfacet
   facet normal 1.000000e+00 1.719667e-22 6.123248e-17
      outer loop
         vertex 1.270833e-14 8.523974e+00 -2.084721e+02
         vertex 1.287690e-14 1.122992e+01 -2.112250e+02
         vertex 1.258531e-14 1.030873e+01 -2.064630e+02
      endloop
   endfacet
   facet normal 1.000000e+00 2.369725e-22 6.123242e-17
      outer loop
         vertex 1.270833e-14 8.523974e+00 -2.084721e+02
         vertex 1.258531e-14 1.030873e+01 -2.064630e+02
         vertex 1.256517e-14 7.682741e+00 -2.061341e+02
      endloop
   endfacet
   facet normal 1.000000e+00 2.264268e-22 6.123234e-17
      outer loop
         vertex 1.256517e-14 7.682741e+00 -2.061341e+02
         vertex 1.258531e-14 1.030873e+01 -2.064630e+02
         vertex 1.241628e-14 7.171502e+00 -2.037025e+02
      endloop
   endfacet
   facet normal 1.000000e+00 2.391434e-22 6.123235e-17
      outer loop
         vertex 1.241628e-14 7.171502e+00 -2.037025e+02
         vertex 1.258531e-14 1.030873e+01 -2.064630e+02
         vertex 1.228892e-14 1.000000e+01 -2.016225e+02
      endloop
   endfacet
   facet normal 1.000000e+00 -3.042298e-23 6.123272e-17
      outer loop
         vertex 1.241628e-14 7.171502e+00 -2.037025e+02
         vertex 1.228892e-14 1.000000e+01 -2.016225e+02
         vertex 1.226449e-14 7.000000e+00 -2.012236e+02
      endloop
   endfacet
   facet normal 1.000000e+00 -8.103738e-23 6.123234e-17
      outer loop
         vertex 1.226449e-14 7.000000e+00 -2.012236e+02
         vertex 1.228892e-14 1.000000e+01 -2.016225e+02
         vertex 1.613295e-15 7.000000e+00 -2.727636e+01
      endloop
   endfacet
   facet normal 1.000000e+00 4.804905e-24 6.123234e-17
      outer loop
         vertex 1.613295e-15 7.000000e+00 -2.727636e+01
         vertex 1.228892e-14 1.000000e+01 -2.016225e+02
         vertex 1.588871e-15 1.000000e+01 -2.687750e+01
      endloop
   endfacet
   facet normal 1.000000e+00 5.786789e-24 6.123233e-17
      outer loop
         vertex 1.613295e-15 7.000000e+00 -2.727636e+01
         vertex 1.588871e-15 1.000000e+01 -2.687750e+01
         vertex 1.461509e-15 7.171502e+00 -2.479752e+01
      endloop
   endfacet
   facet normal 1.000000e+00 1.042719e-23 6.123234e-17
      outer loop
         vertex 1.461509e-15 7.171502e+00 -2.479752e+01
         vertex 1.588871e-15 1.000000e+01 -2.687750e+01
         vertex 1.292478e-15 1.030873e+01 -2.203704e+01
      endloop
   endfacet
   facet normal 1.000000e+00 -1.263793e-23 6.123236e-17
      outer loop
         vertex 1.461509e-15 7.171502e+00 -2.479752e+01
         vertex 1.292478e-15 1.030873e+01 -2.203704e+01
         vertex 1.312616e-15 7.682741e+00 -2.236591e+01
      endloop
   endfacet
   facet normal 1.000000e+00 -6.311524e-23 6.123238e-17
      outer loop
         vertex 8.552941e-16 1.193255e+01 -1.489727e+01
         vertex 9.110664e-16 1.112632e+01 -1.580811e+01
         vertex 1.000889e-15 1.122992e+01 -1.727502e+01
      endloop
   endfacet
   facet normal 1.000000e+00 -4.898856e-23 6.123238e-17
      outer loop
         vertex 1.000889e-15 1.122992e+01 -1.727502e+01
         vertex 9.110664e-16 1.112632e+01 -1.580811e+01
         vertex 1.034747e-15 9.679169e+00 -1.782797e+01
      endloop
   endfacet
   facet normal 1.000000e+00 -3.246588e-23 6.123234e-17
      outer loop
         vertex 1.000889e-15 1.122992e+01 -1.727502e+01
         vertex 1.034747e-15 9.679169e+00 -1.782797e+01
         vertex 1.292478e-15 1.030873e+01 -2.203704e+01
      endloop
   endfacet
   facet normal 1.000000e+00 -1.575193e-23 6.123234e-17
      outer loop
         vertex 1.292478e-15 1.030873e+01 -2.203704e+01
         vertex 1.034747e-15 9.679169e+00 -1.782797e+01
         vertex 1.169453e-15 8.523974e+00 -2.002788e+01
      endloop
   endfacet
   facet normal 1.000000e+00 -1.015861e-23 6.123234e-17
      outer loop
         vertex 1.292478e-15 1.030873e+01 -2.203704e+01
         vertex 1.169453e-15 8.523974e+00 -2.002788e+01
         vertex 1.312616e-15 7.682741e+00 -2.236591e+01
      endloop
   endfacet
   facet normal 1.000000e+00 6.311524e-23 6.123238e-17
      outer loop
         vertex 8.552941e-16 -1.193255e+01 -1.489727e+01
         vertex 1.000889e-15 -1.122992e+01 -1.727502e+01
         vertex 9.110664e-16 -1.112632e+01 -1.580811e+01
      endloop
   endfacet
   facet normal 1.000000e+00 4.898856e-23 6.123238e-17
      outer loop
         vertex 9.110664e-16 -1.112632e+01 -1.580811e+01
         vertex 1.000889e-15 -1.122992e+01 -1.727502e+01
         vertex 1.034747e-15 -9.679169e+00 -1.782797e+01
      endloop
   endfacet
   facet normal 1.000000e+00 3.741301e-23 6.123235e-17
      outer loop
         vertex 1.034747e-15 -9.679169e+00 -1.782797e+01
         vertex 1.000889e-15 -1.122992e+01 -1.727502e+01
         vertex 1.169453e-15 -8.523974e+00 -2.002788e+01
      endloop
   endfacet
   facet normal 1.000000e+00 2.105183e-23 6.123233e-17
      outer loop
         vertex 1.169453e-15 -8.523974e+00 -2.002788e+01
         vertex 1.000889e-15 -1.122992e+01 -1.727502e+01
         vertex 1.292478e-15 -1.030873e+01 -2.203704e+01
      endloop
   endfacet
   facet normal 1.000000e+00 1.015861e-23 6.123234e-17
      outer loop
         vertex 1.169453e-15 -8.523974e+00 -2.002788e+01
         vertex 1.292478e-15 -1.030873e+01 -2.203704e+01
         vertex 1.312616e-15 -7.682741e+00 -2.236591e+01
      endloop
   endfacet
   facet normal 1.000000e+00 1.263793e-23 6.123236e-17
      outer loop
         vertex 1.312616e-15 -7.682741e+00 -2.236591e+01
         vertex 1.292478e-15 -1.030873e+01 -2.203704e+01
         vertex 1.461509e-15 -7.171502e+00 -2.479752e+01
      endloop
   endfacet
   facet normal 1.000000e+00 -1.042719e-23 6.123234e-17
      outer loop
         vertex 1.461509e-15 -7.171502e+00 -2.479752e+01
         vertex 1.292478e-15 -1.030873e+01 -2.203704e+01
         vertex 1.588871e-15 -1.000000e+01 -2.687750e+01
      endloop
   endfacet
   facet normal 1.000000e+00 -5.786789e-24 6.123233e-17
      outer loop
         vertex 1.461509e-15 -7.171502e+00 -2.479752e+01
         vertex 1.588871e-15 -1.000000e+01 -2.687750e+01
         vertex 1.613295e-15 -7.000000e+00 -2.727636e+01
      endloop
   endfacet
   facet normal 1.000000e+00 -5.001292e-24 6.123234e-17
      outer loop
         vertex 1.613295e-15 -7.000000e+00 -2.727636e+01
         vertex 1.588871e-15 -1.000000e+01 -2.687750e+01
         vertex 1.226449e-14 -7.000000e+00 -2.012236e+02
      endloop
   endfacet
   facet normal 1.000000e+00 8.084099e-23 6.123234e-17
      outer loop
         vertex 1.226449e-14 -7.000000e+00 -2.012236e+02
         vertex 1.588871e-15 -1.000000e+01 -2.687750e+01
         vertex 1.228892e-14 -1.000000e+01 -2.016225e+02
      endloop
   endfacet
   facet normal 1.000000e+00 3.042298e-23 6.123272e-17
      outer loop
         vertex 1.226449e-14 -7.000000e+00 -2.012236e+02
         vertex 1.228892e-14 -1.000000e+01 -2.016225e+02
         vertex 1.241628e-14 -7.171502e+00 -2.037025e+02
      endloop
   endfacet
   facet normal 1.000000e+00 -2.391434e-22 6.123235e-17
      outer loop
         vertex 1.241628e-14 -7.171502e+00 -2.037025e+02
         vertex 1.228892e-14 -1.000000e+01 -2.016225e+02
         vertex 1.258531e-14 -1.030873e+01 -2.064630e+02
      endloop
   endfacet
   facet normal 1.000000e+00 -2.264268e-22 6.123234e-17
      outer loop
         vertex 1.241628e-14 -7.171502e+00 -2.037025e+02
         vertex 1.258531e-14 -1.030873e+01 -2.064630e+02
         vertex 1.256517e-14 -7.682741e+00 -2.061341e+02
      endloop
   endfacet
   facet normal 1.000000e+00 1.607042e-22 6.123240e-17
      outer loop
         vertex 1.302249e-14 -1.193255e+01 -2.136027e+02
         vertex 1.296672e-14 -1.112632e+01 -2.126919e+02
         vertex 1.287690e-14 -1.122992e+01 -2.112250e+02
      endloop
   endfacet
   facet normal 1.000000e+00 3.004857e-22 6.123241e-17
      outer loop
         vertex 1.287690e-14 -1.122992e+01 -2.112250e+02
         vertex 1.296672e-14 -1.112632e+01 -2.126919e+02
         vertex 1.284304e-14 -9.679169e+00 -2.106720e+02
      endloop
   endfacet
   facet normal 1.000000e+00 3.109854e-22 6.123238e-17
      outer loop
         vertex 1.287690e-14 -1.122992e+01 -2.112250e+02
         vertex 1.284304e-14 -9.679169e+00 -2.106720e+02
         vertex 1.258531e-14 -1.030873e+01 -2.064630e+02
      endloop
   endfacet
   facet normal 1.000000e+00 -3.962156e-22 6.123228e-17
      outer loop
         vertex 1.258531e-14 -1.030873e+01 -2.064630e+02
         vertex 1.284304e-14 -9.679169e+00 -2.106720e+02
         vertex 1.270833e-14 -8.523974e+00 -2.084721e+02
      endloop
   endfacet
   facet normal 1.000000e+00 -2.369725e-22 6.123242e-17
      outer loop
         vertex 1.258531e-14 -1.030873e+01 -2.064630e+02
         vertex 1.270833e-14 -8.523974e+00 -2.084721e+02
         vertex 1.256517e-14 -7.682741e+00 -2.061341e+02
      endloop
   endfacet
   facet normal 1.826309e-03 -9.217898e-01 -3.876858e-01
      outer loop
         vertex -2.000000e+00 -1.274865e+01 -1.266863e+01
         vertex 3.871385e-01 -1.290556e+01 -1.228431e+01
         vertex 4.825796e-01 -1.303983e+01 -1.196460e+01
      endloop
   endfacet
   facet normal 1.646881e-02 -9.021149e-01 -4.311815e-01
      outer loop
         vertex -2.000000e+00 -1.274865e+01 -1.266863e+01
         vertex 4.825796e-01 -1.303983e+01 -1.196460e+01
         vertex -2.000000e+00 -1.484029e+01 -8.292514e+00
      endloop
   endfacet
   facet normal 5.400627e-02 -9.105193e-01 -4.099244e-01
      outer loop
         vertex -2.000000e+00 -1.484029e+01 -8.292514e+00
         vertex 4.825796e-01 -1.303983e+01 -1.196460e+01
         vertex 5.905704e-01 -1.318344e+01 -1.163138e+01
      endloop
   endfacet
   facet normal 3.833616e-02 -9.066409e-01 -4.201579e-01
      outer loop
         vertex -2.000000e+00 -1.484029e+01 -8.292514e+00
         vertex 5.905704e-01 -1.318344e+01 -1.163138e+01
         vertex 8.326286e-01 -1.348544e+01 -1.095763e+01
      endloop
   endfacet
   facet normal 2.770414e-02 -9.026704e-01 -4.294398e-01
      outer loop
         vertex 8.326286e-01 -1.348544e+01 -1.095763e+01
         vertex 9.196006e-01 -1.358962e+01 -1.073305e+01
         vertex -2.000000e+00 -1.484029e+01 -8.292514e+00
      endloop
   endfacet
   facet normal 2.078514e-02 -8.996297e-01 -4.361587e-01
      outer loop
         vertex -2.000000e+00 -1.484029e+01 -8.292514e+00
         vertex 9.196006e-01 -1.358962e+01 -1.073305e+01
         vertex 1.093997e+00 -1.379436e+01 -1.030243e+01
      endloop
   endfacet
   facet normal 1.617386e-02 -8.969396e-01 -4.418572e-01
      outer loop
         vertex -2.000000e+00 -1.484029e+01 -8.292514e+00
         vertex 1.093997e+00 -1.379436e+01 -1.030243e+01
         vertex 1.138595e+00 -1.384608e+01 -1.019582e+01
      endloop
   endfacet
   facet normal 1.357458e-02 -8.952881e-01 -4.452808e-01
      outer loop
         vertex 1.138595e+00 -1.384608e+01 -1.019582e+01
         vertex 1.230418e+00 -1.395201e+01 -9.980028e+00
         vertex -2.000000e+00 -1.484029e+01 -8.292514e+00
      endloop
   endfacet
   facet normal 9.535059e-03 -8.922606e-01 -4.514201e-01
      outer loop
         vertex -2.000000e+00 -1.484029e+01 -8.292514e+00
         vertex 1.230418e+00 -1.395201e+01 -9.980028e+00
         vertex 1.383775e+00 -1.412789e+01 -9.629136e+00
      endloop
   endfacet
   facet normal 3.770715e-03 -8.864063e-01 -4.628928e-01
      outer loop
         vertex -2.000000e+00 -1.484029e+01 -8.292514e+00
         vertex 1.383775e+00 -1.412789e+01 -9.629136e+00
         vertex 1.688544e+00 -1.447730e+01 -8.957566e+00
      endloop
   endfacet
   facet normal 9.946641e-04 -8.800749e-01 -4.748338e-01
      outer loop
         vertex 1.688544e+00 -1.447730e+01 -8.957566e+00
         vertex 1.835142e+00 -1.464698e+01 -8.642765e+00
         vertex -2.000000e+00 -1.484029e+01 -8.292514e+00
      endloop
   endfacet
   facet normal 2.627654e-05 -8.756293e-01 -4.829837e-01
      outer loop
         vertex -2.000000e+00 -1.484029e+01 -8.292514e+00
         vertex 1.835142e+00 -1.464698e+01 -8.642765e+00
         vertex 1.991732e+00 -1.483052e+01 -8.310015e+00
      endloop
   endfacet
   facet normal 0.000000e+00 -8.730901e-01 -4.875589e-01
      outer loop
         vertex -2.000000e+00 -1.484029e+01 -8.292514e+00
         vertex 1.991732e+00 -1.483052e+01 -8.310015e+00
         vertex 2.000000e+00 -1.484029e+01 -8.292514e+00
      endloop
   endfacet
   facet normal 8.874116e-03 -9.393548e-01 -3.428321e-01
      outer loop
         vertex 2.851456e-02 -1.218453e+01 -1.416181e+01
         vertex 1.026098e-01 -1.241055e+01 -1.354059e+01
         vertex -2.000000e+00 -1.274865e+01 -1.266863e+01
      endloop
   endfacet
   facet normal 1.451589e-03 -9.335381e-01 -3.584752e-01
      outer loop
         vertex -2.000000e+00 -1.274865e+01 -1.266863e+01
         vertex 1.026098e-01 -1.241055e+01 -1.354059e+01
         vertex 2.241248e-01 -1.264929e+01 -1.291838e+01
      endloop
   endfacet
   facet normal -6.396832e-04 -9.271960e-01 -3.745760e-01
      outer loop
         vertex -2.000000e+00 -1.274865e+01 -1.266863e+01
         vertex 2.241248e-01 -1.264929e+01 -1.291838e+01
         vertex 3.871385e-01 -1.290556e+01 -1.228431e+01
      endloop
   endfacet
   facet normal 0.000000e+00 -9.979721e-01 -6.365228e-02
      outer loop
         vertex -2.000000e+00 -1.000000e+01 -2.687750e+01
         vertex 8.673617e-16 -1.000000e+01 -2.687750e+01
         vertex -2.000000e+00 -1.030873e+01 -2.203704e+01
      endloop
   endfacet
   facet normal 0.000000e+00 -9.979721e-01 -6.365228e-02
      outer loop
         vertex -2.000000e+00 -1.030873e+01 -2.203704e+01
         vertex 8.673617e-16 -1.000000e+01 -2.687750e+01
         vertex 8.673617e-16 -1.030873e+01 -2.203704e+01
      endloop
   endfacet
   facet normal 0.000000e+00 -9.817986e-01 -1.899250e-01
      outer loop
         vertex -2.000000e+00 -1.030873e+01 -2.203704e+01
         vertex 8.673617e-16 -1.030873e+01 -2.203704e+01
         vertex -2.000000e+00 -1.122992e+01 -1.727502e+01
      endloop
   endfacet
   facet normal 0.000000e+00 -9.817986e-01 -1.899250e-01
      outer loop
         vertex -2.000000e+00 -1.122992e+01 -1.727502e+01
         vertex 8.673617e-16 -1.030873e+01 -2.203704e+01
         vertex 8.673617e-16 -1.122992e+01 -1.727502e+01
      endloop
   endfacet
   facet normal 0.000000e+00 -9.497136e-01 -3.131198e-01
      outer loop
         vertex -2.000000e+00 -1.122992e+01 -1.727502e+01
         vertex 8.673617e-16 -1.122992e+01 -1.727502e+01
         vertex -2.000000e+00 -1.274865e+01 -1.266863e+01
      endloop
   endfacet
   facet normal 7.532096e-02 -9.562813e-01 -2.825823e-01
      outer loop
         vertex -2.000000e+00 -1.274865e+01 -1.266863e+01
         vertex 8.673617e-16 -1.122992e+01 -1.727502e+01
         vertex 8.673617e-16 -1.193255e+01 -1.489727e+01
      endloop
   endfacet
   facet normal 2.381426e-02 -9.454674e-01 -3.248449e-01
      outer loop
         vertex -2.000000e+00 -1.274865e+01 -1.266863e+01
         vertex 8.673617e-16 -1.193255e+01 -1.489727e+01
         vertex 2.851456e-02 -1.218453e+01 -1.416181e+01
      endloop
   endfacet
   facet normal 1.362439e-03 9.334664e-01 -3.586624e-01
      outer loop
         vertex -2.000000e+00 1.274865e+01 -1.266863e+01
         vertex 2.275989e-01 1.265529e+01 -1.290315e+01
         vertex 1.026098e-01 1.241055e+01 -1.354059e+01
      endloop
   endfacet
   facet normal 0.000000e+00 9.979721e-01 -6.365228e-02
      outer loop
         vertex 1.734723e-15 1.000000e+01 -2.687750e+01
         vertex -2.000000e+00 1.000000e+01 -2.687750e+01
         vertex 1.734723e-15 1.030873e+01 -2.203704e+01
      endloop
   endfacet
   facet normal 0.000000e+00 9.979721e-01 -6.365228e-02
      outer loop
         vertex 1.734723e-15 1.030873e+01 -2.203704e+01
         vertex -2.000000e+00 1.000000e+01 -2.687750e+01
         vertex -2.000000e+00 1.030873e+01 -2.203704e+01
      endloop
   endfacet
   facet normal 0.000000e+00 9.817986e-01 -1.899250e-01
      outer loop
         vertex 1.734723e-15 1.030873e+01 -2.203704e+01
         vertex -2.000000e+00 1.030873e+01 -2.203704e+01
         vertex 1.734723e-15 1.122992e+01 -1.727502e+01
      endloop
   endfacet
   facet normal 0.000000e+00 9.817986e-01 -1.899250e-01
      outer loop
         vertex 1.734723e-15 1.122992e+01 -1.727502e+01
         vertex -2.000000e+00 1.030873e+01 -2.203704e+01
         vertex -2.000000e+00 1.122992e+01 -1.727502e+01
      endloop
   endfacet
   facet normal 0.000000e+00 9.590055e-01 -2.833873e-01
      outer loop
         vertex 1.734723e-15 1.122992e+01 -1.727502e+01
         vertex -2.000000e+00 1.122992e+01 -1.727502e+01
         vertex 1.734723e-15 1.193255e+01 -1.489727e+01
      endloop
   endfacet
   facet normal 3.858376e-02 9.490065e-01 -3.128866e-01
      outer loop
         vertex 1.734723e-15 1.193255e+01 -1.489727e+01
         vertex -2.000000e+00 1.122992e+01 -1.727502e+01
         vertex -2.000000e+00 1.274865e+01 -1.266863e+01
      endloop
   endfacet
   facet normal 2.381426e-02 9.454674e-01 -3.248449e-01
      outer loop
         vertex 1.734723e-15 1.193255e+01 -1.489727e+01
         vertex -2.000000e+00 1.274865e+01 -1.266863e+01
         vertex 2.851456e-02 1.218453e+01 -1.416181e+01
      endloop
   endfacet
   facet normal 8.874116e-03 9.393548e-01 -3.428321e-01
      outer loop
         vertex 2.851456e-02 1.218453e+01 -1.416181e+01
         vertex -2.000000e+00 1.274865e+01 -1.266863e+01
         vertex 1.026098e-01 1.241055e+01 -1.354059e+01
      endloop
   endfacet
   facet normal 2.778932e-02 9.027079e-01 -4.293556e-01
      outer loop
         vertex 9.199113e-01 1.358999e+01 -1.073226e+01
         vertex 8.291854e-01 1.348128e+01 -1.096668e+01
         vertex -2.000000e+00 1.484029e+01 -8.292514e+00
      endloop
   endfacet
   facet normal 3.770715e-03 8.864063e-01 -4.628928e-01
      outer loop
         vertex 1.688544e+00 1.447730e+01 -8.957566e+00
         vertex 1.383775e+00 1.412789e+01 -9.629136e+00
         vertex -2.000000e+00 1.484029e+01 -8.292514e+00
      endloop
   endfacet
   facet normal 0.000000e+00 8.730901e-01 -4.875589e-01
      outer loop
         vertex 2.000000e+00 1.484029e+01 -8.292514e+00
         vertex 1.991732e+00 1.483052e+01 -8.310015e+00
         vertex -2.000000e+00 1.484029e+01 -8.292514e+00
      endloop
   endfacet
   facet normal 2.627654e-05 8.756293e-01 -4.829837e-01
      outer loop
         vertex -2.000000e+00 1.484029e+01 -8.292514e+00
         vertex 1.991732e+00 1.483052e+01 -8.310015e+00
         vertex 1.835142e+00 1.464698e+01 -8.642765e+00
      endloop
   endfacet
   facet normal 9.946641e-04 8.800749e-01 -4.748338e-01
      outer loop
         vertex -2.000000e+00 1.484029e+01 -8.292514e+00
         vertex 1.835142e+00 1.464698e+01 -8.642765e+00
         vertex 1.688544e+00 1.447730e+01 -8.957566e+00
      endloop
   endfacet
   facet normal 9.535059e-03 8.922606e-01 -4.514201e-01
      outer loop
         vertex 1.383775e+00 1.412789e+01 -9.629136e+00
         vertex 1.230418e+00 1.395201e+01 -9.980028e+00
         vertex -2.000000e+00 1.484029e+01 -8.292514e+00
      endloop
   endfacet
   facet normal 1.430585e-02 8.958301e-01 -4.441663e-01
      outer loop
         vertex -2.000000e+00 1.484029e+01 -8.292514e+00
         vertex 1.230418e+00 1.395201e+01 -9.980028e+00
         vertex 1.095692e+00 1.379632e+01 -1.029836e+01
      endloop
   endfacet
   facet normal 2.073662e-02 8.996072e-01 -4.362073e-01
      outer loop
         vertex -2.000000e+00 1.484029e+01 -8.292514e+00
         vertex 1.095692e+00 1.379632e+01 -1.029836e+01
         vertex 9.199113e-01 1.358999e+01 -1.073226e+01
      endloop
   endfacet
   facet normal 3.644871e-02 9.059391e-01 -4.218363e-01
      outer loop
         vertex 8.291854e-01 1.348128e+01 -1.096668e+01
         vertex 6.480362e-01 1.325721e+01 -1.146354e+01
         vertex -2.000000e+00 1.484029e+01 -8.292514e+00
      endloop
   endfacet
   facet normal 4.616478e-02 9.086213e-01 -4.150617e-01
      outer loop
         vertex -2.000000e+00 1.484029e+01 -8.292514e+00
         vertex 6.480362e-01 1.325721e+01 -1.146354e+01
         vertex 5.886730e-01 1.318098e+01 -1.163702e+01
      endloop
   endfacet
   facet normal 2.116603e-02 9.020352e-01 -4.311433e-01
      outer loop
         vertex -2.000000e+00 1.484029e+01 -8.292514e+00
         vertex 5.886730e-01 1.318098e+01 -1.163702e+01
         vertex -2.000000e+00 1.274865e+01 -1.266863e+01
      endloop
   endfacet
   facet normal 2.701047e-03 9.198452e-01 -3.922721e-01
      outer loop
         vertex -2.000000e+00 1.274865e+01 -1.266863e+01
         vertex 5.886730e-01 1.318098e+01 -1.163702e+01
         vertex 3.877197e-01 1.290640e+01 -1.228228e+01
      endloop
   endfacet
   facet normal -6.041656e-04 9.271020e-01 -3.748086e-01
      outer loop
         vertex -2.000000e+00 1.274865e+01 -1.266863e+01
         vertex 3.877197e-01 1.290640e+01 -1.228228e+01
         vertex 2.275989e-01 1.265529e+01 -1.290315e+01
      endloop
   endfacet
   facet normal 2.770807e-02 9.026718e-01 4.294366e-01
      outer loop
         vertex 8.326286e-01 1.348544e+01 -2.175424e+02
         vertex 9.196006e-01 1.358962e+01 -2.177670e+02
         vertex -2.000000e+00 1.484029e+01 -2.202075e+02
      endloop
   endfacet
   facet normal 2.078685e-02 8.996301e-01 4.361577e-01
      outer loop
         vertex -2.000000e+00 1.484029e+01 -2.202075e+02
         vertex 9.196006e-01 1.358962e+01 -2.177670e+02
         vertex 1.093997e+00 1.379436e+01 -2.181976e+02
      endloop
   endfacet
   facet normal 1.617260e-02 8.969383e-01 4.418599e-01
      outer loop
         vertex -2.000000e+00 1.484029e+01 -2.202075e+02
         vertex 1.093997e+00 1.379436e+01 -2.181976e+02
         vertex 1.138595e+00 1.384608e+01 -2.183042e+02
      endloop
   endfacet
   facet normal 1.357241e-02 8.952862e-01 4.452847e-01
      outer loop
         vertex 1.138595e+00 1.384608e+01 -2.183042e+02
         vertex 1.230418e+00 1.395201e+01 -2.185200e+02
         vertex -2.000000e+00 1.484029e+01 -2.202075e+02
      endloop
   endfacet
   facet normal 9.535377e-03 8.922605e-01 4.514202e-01
      outer loop
         vertex -2.000000e+00 1.484029e+01 -2.202075e+02
         vertex 1.230418e+00 1.395201e+01 -2.185200e+02
         vertex 1.383775e+00 1.412789e+01 -2.188709e+02
      endloop
   endfacet
   facet normal 3.769959e-03 8.864051e-01 4.628950e-01
      outer loop
         vertex -2.000000e+00 1.484029e+01 -2.202075e+02
         vertex 1.383775e+00 1.412789e+01 -2.188709e+02
         vertex 1.688544e+00 1.447730e+01 -2.195424e+02
      endloop
   endfacet
   facet normal 9.946772e-04 8.800755e-01 4.748327e-01
      outer loop
         vertex 1.688544e+00 1.447730e+01 -2.195424e+02
         vertex 1.835142e+00 1.464698e+01 -2.198572e+02
         vertex -2.000000e+00 1.484029e+01 -2.202075e+02
      endloop
   endfacet
   facet normal 2.722954e-05 8.756343e-01 4.829748e-01
      outer loop
         vertex -2.000000e+00 1.484029e+01 -2.202075e+02
         vertex 1.835142e+00 1.464698e+01 -2.198572e+02
         vertex 1.991732e+00 1.483052e+01 -2.201900e+02
      endloop
   endfacet
   facet normal -0.000000e+00 8.730017e-01 4.877172e-01
      outer loop
         vertex -2.000000e+00 1.484029e+01 -2.202075e+02
         vertex 1.991732e+00 1.483052e+01 -2.201900e+02
         vertex 2.000000e+00 1.484029e+01 -2.202075e+02
      endloop
   endfacet
   facet normal 8.872948e-03 9.393540e-01 3.428343e-01
      outer loop
         vertex 2.851456e-02 1.218453e+01 -2.143382e+02
         vertex 1.026098e-01 1.241055e+01 -2.149594e+02
         vertex -2.000000e+00 1.274865e+01 -2.158314e+02
      endloop
   endfacet
   facet normal 1.452266e-03 9.335388e-01 3.584735e-01
      outer loop
         vertex -2.000000e+00 1.274865e+01 -2.158314e+02
         vertex 1.026098e-01 1.241055e+01 -2.149594e+02
         vertex 2.241248e-01 1.264929e+01 -2.155816e+02
      endloop
   endfacet
   facet normal -6.396452e-04 9.271947e-01 3.745793e-01
      outer loop
         vertex 2.241248e-01 1.264929e+01 -2.155816e+02
         vertex 3.871385e-01 1.290556e+01 -2.162157e+02
         vertex -2.000000e+00 1.274865e+01 -2.158314e+02
      endloop
   endfacet
   facet normal 1.823772e-03 9.217941e-01 3.876756e-01
      outer loop
         vertex -2.000000e+00 1.274865e+01 -2.158314e+02
         vertex 3.871385e-01 1.290556e+01 -2.162157e+02
         vertex 4.825796e-01 1.303983e+01 -2.165354e+02
      endloop
   endfacet
   facet normal 1.646991e-02 9.021147e-01 4.311818e-01
      outer loop
         vertex -2.000000e+00 1.274865e+01 -2.158314e+02
         vertex 4.825796e-01 1.303983e+01 -2.165354e+02
         vertex -2.000000e+00 1.484029e+01 -2.202075e+02
      endloop
   endfacet
   facet normal 5.400392e-02 9.105184e-01 4.099266e-01
      outer loop
         vertex -2.000000e+00 1.484029e+01 -2.202075e+02
         vertex 4.825796e-01 1.303983e+01 -2.165354e+02
         vertex 5.905704e-01 1.318344e+01 -2.168686e+02
      endloop
   endfacet
   facet normal 3.833387e-02 9.066399e-01 4.201602e-01
      outer loop
         vertex -2.000000e+00 1.484029e+01 -2.202075e+02
         vertex 5.905704e-01 1.318344e+01 -2.168686e+02
         vertex 8.326286e-01 1.348544e+01 -2.175424e+02
      endloop
   endfacet
   facet normal -0.000000e+00 9.979721e-01 6.365226e-02
      outer loop
         vertex -2.000000e+00 1.000000e+01 -2.016225e+02
         vertex 1.301043e-14 1.000000e+01 -2.016225e+02
         vertex -2.000000e+00 1.030873e+01 -2.064630e+02
      endloop
   endfacet
   facet normal -0.000000e+00 9.979721e-01 6.365226e-02
      outer loop
         vertex -2.000000e+00 1.030873e+01 -2.064630e+02
         vertex 1.301043e-14 1.000000e+01 -2.016225e+02
         vertex 1.301043e-14 1.030873e+01 -2.064630e+02
      endloop
   endfacet
   facet normal -0.000000e+00 9.817986e-01 1.899252e-01
      outer loop
         vertex -2.000000e+00 1.030873e+01 -2.064630e+02
         vertex 1.301043e-14 1.030873e+01 -2.064630e+02
         vertex -2.000000e+00 1.122992e+01 -2.112250e+02
      endloop
   endfacet
   facet normal -0.000000e+00 9.817986e-01 1.899252e-01
      outer loop
         vertex -2.000000e+00 1.122992e+01 -2.112250e+02
         vertex 1.301043e-14 1.030873e+01 -2.064630e+02
         vertex 1.301043e-14 1.122992e+01 -2.112250e+02
      endloop
   endfacet
   facet normal -0.000000e+00 9.497137e-01 3.131195e-01
      outer loop
         vertex -2.000000e+00 1.122992e+01 -2.112250e+02
         vertex 1.301043e-14 1.122992e+01 -2.112250e+02
         vertex -2.000000e+00 1.274865e+01 -2.158314e+02
      endloop
   endfacet
   facet normal 7.532018e-02 9.562814e-01 2.825824e-01
      outer loop
         vertex -2.000000e+00 1.274865e+01 -2.158314e+02
         vertex 1.301043e-14 1.122992e+01 -2.112250e+02
         vertex 1.301043e-14 1.193255e+01 -2.136027e+02
      endloop
   endfacet
   facet normal 2.381751e-02 9.454685e-01 3.248417e-01
      outer loop
         vertex -2.000000e+00 1.274865e+01 -2.158314e+02
         vertex 1.301043e-14 1.193255e+01 -2.136027e+02
         vertex 2.851456e-02 1.218453e+01 -2.143382e+02
      endloop
   endfacet
   facet normal 1.363901e-03 -9.334677e-01 3.586590e-01
      outer loop
         vertex -2.000000e+00 -1.274865e+01 -2.158314e+02
         vertex 2.275989e-01 -1.265529e+01 -2.155969e+02
         vertex 1.026098e-01 -1.241055e+01 -2.149594e+02
      endloop
   endfacet
   facet normal 0.000000e+00 -9.979721e-01 6.365226e-02
      outer loop
         vertex 1.214306e-14 -1.000000e+01 -2.016225e+02
         vertex -2.000000e+00 -1.000000e+01 -2.016225e+02
         vertex 1.214306e-14 -1.030873e+01 -2.064630e+02
      endloop
   endfacet
   facet normal 0.000000e+00 -9.979721e-01 6.365226e-02
      outer loop
         vertex 1.214306e-14 -1.030873e+01 -2.064630e+02
         vertex -2.000000e+00 -1.000000e+01 -2.016225e+02
         vertex -2.000000e+00 -1.030873e+01 -2.064630e+02
      endloop
   endfacet
   facet normal 0.000000e+00 -9.817986e-01 1.899252e-01
      outer loop
         vertex 1.214306e-14 -1.030873e+01 -2.064630e+02
         vertex -2.000000e+00 -1.030873e+01 -2.064630e+02
         vertex 1.214306e-14 -1.122992e+01 -2.112250e+02
      endloop
   endfacet
   facet normal 0.000000e+00 -9.817986e-01 1.899252e-01
      outer loop
         vertex 1.214306e-14 -1.122992e+01 -2.112250e+02
         vertex -2.000000e+00 -1.030873e+01 -2.064630e+02
         vertex -2.000000e+00 -1.122992e+01 -2.112250e+02
      endloop
   endfacet
   facet normal 0.000000e+00 -9.590055e-01 2.833874e-01
      outer loop
         vertex 1.214306e-14 -1.122992e+01 -2.112250e+02
         vertex -2.000000e+00 -1.122992e+01 -2.112250e+02
         vertex 1.214306e-14 -1.193255e+01 -2.136027e+02
      endloop
   endfacet
   facet normal 3.858331e-02 -9.490066e-01 3.128864e-01
      outer loop
         vertex 1.214306e-14 -1.193255e+01 -2.136027e+02
         vertex -2.000000e+00 -1.122992e+01 -2.112250e+02
         vertex -2.000000e+00 -1.274865e+01 -2.158314e+02
      endloop
   endfacet
   facet normal 2.381751e-02 -9.454685e-01 3.248417e-01
      outer loop
         vertex 1.214306e-14 -1.193255e+01 -2.136027e+02
         vertex -2.000000e+00 -1.274865e+01 -2.158314e+02
         vertex 2.851456e-02 -1.218453e+01 -2.143382e+02
      endloop
   endfacet
   facet normal 8.872948e-03 -9.393540e-01 3.428343e-01
      outer loop
         vertex 2.851456e-02 -1.218453e+01 -2.143382e+02
         vertex -2.000000e+00 -1.274865e+01 -2.158314e+02
         vertex 1.026098e-01 -1.241055e+01 -2.149594e+02
      endloop
   endfacet
   facet normal 2.778776e-02 -9.027068e-01 4.293579e-01
      outer loop
         vertex 9.199113e-01 -1.358999e+01 -2.177677e+02
         vertex 8.291854e-01 -1.348128e+01 -2.175333e+02
         vertex -2.000000e+00 -1.484029e+01 -2.202075e+02
      endloop
   endfacet
   facet normal 3.769959e-03 -8.864051e-01 4.628950e-01
      outer loop
         vertex 1.688544e+00 -1.447730e+01 -2.195424e+02
         vertex 1.383775e+00 -1.412789e+01 -2.188709e+02
         vertex -2.000000e+00 -1.484029e+01 -2.202075e+02
      endloop
   endfacet
   facet normal 0.000000e+00 -8.730017e-01 4.877172e-01
      outer loop
         vertex 2.000000e+00 -1.484029e+01 -2.202075e+02
         vertex 1.991732e+00 -1.483052e+01 -2.201900e+02
         vertex -2.000000e+00 -1.484029e+01 -2.202075e+02
      endloop
   endfacet
   facet normal 2.722954e-05 -8.756343e-01 4.829748e-01
      outer loop
         vertex -2.000000e+00 -1.484029e+01 -2.202075e+02
         vertex 1.991732e+00 -1.483052e+01 -2.201900e+02
         vertex 1.835142e+00 -1.464698e+01 -2.198572e+02
      endloop
   endfacet
   facet normal 9.946772e-04 -8.800755e-01 4.748327e-01
      outer loop
         vertex -2.000000e+00 -1.484029e+01 -2.202075e+02
         vertex 1.835142e+00 -1.464698e+01 -2.198572e+02
         vertex 1.688544e+00 -1.447730e+01 -2.195424e+02
      endloop
   endfacet
   facet normal 9.535377e-03 -8.922605e-01 4.514202e-01
      outer loop
         vertex 1.383775e+00 -1.412789e+01 -2.188709e+02
         vertex 1.230418e+00 -1.395201e+01 -2.185200e+02
         vertex -2.000000e+00 -1.484029e+01 -2.202075e+02
      endloop
   endfacet
   facet normal 1.430785e-02 -8.958313e-01 4.441638e-01
      outer loop
         vertex -2.000000e+00 -1.484029e+01 -2.202075e+02
         vertex 1.230418e+00 -1.395201e+01 -2.185200e+02
         vertex 1.095692e+00 -1.379632e+01 -2.182016e+02
      endloop
   endfacet
   facet normal 2.073369e-02 -8.996055e-01 4.362109e-01
      outer loop
         vertex -2.000000e+00 -1.484029e+01 -2.202075e+02
         vertex 1.095692e+00 -1.379632e+01 -2.182016e+02
         vertex 9.199113e-01 -1.358999e+01 -2.177677e+02
      endloop
   endfacet
   facet normal 3.645573e-02 -9.059412e-01 4.218311e-01
      outer loop
         vertex 8.291854e-01 -1.348128e+01 -2.175333e+02
         vertex 6.480362e-01 -1.325721e+01 -2.170365e+02
         vertex -2.000000e+00 -1.484029e+01 -2.202075e+02
      endloop
   endfacet
   facet normal 4.615296e-02 -9.086182e-01 4.150697e-01
      outer loop
         vertex -2.000000e+00 -1.484029e+01 -2.202075e+02
         vertex 6.480362e-01 -1.325721e+01 -2.170365e+02
         vertex 5.886730e-01 -1.318098e+01 -2.168630e+02
      endloop
   endfacet
   facet normal 2.116589e-02 -9.020350e-01 4.311437e-01
      outer loop
         vertex -2.000000e+00 -1.484029e+01 -2.202075e+02
         vertex 5.886730e-01 -1.318098e+01 -2.168630e+02
         vertex -2.000000e+00 -1.274865e+01 -2.158314e+02
      endloop
   endfacet
   facet normal 2.701496e-03 -9.198446e-01 3.922737e-01
      outer loop
         vertex -2.000000e+00 -1.274865e+01 -2.158314e+02
         vertex 5.886730e-01 -1.318098e+01 -2.168630e+02
         vertex 3.877197e-01 -1.290640e+01 -2.162177e+02
      endloop
   endfacet
   facet normal -6.034426e-04 -9.271008e-01 3.748116e-01
      outer loop
         vertex -2.000000e+00 -1.274865e+01 -2.158314e+02
         vertex 3.877197e-01 -1.290640e+01 -2.162177e+02
         vertex 2.275989e-01 -1.265529e+01 -2.155969e+02
      endloop
   endfacet
   facet normal 9.224107e-01 2.637448e-01 -2.821298e-01
      outer loop
         vertex 2.275989e-01 1.265529e+01 -1.290315e+01
         vertex 2.180342e-01 1.222427e+01 -1.333735e+01
         vertex 1.026098e-01 1.241055e+01 -1.354059e+01
      endloop
   endfacet
   facet normal 4.974540e-01 6.878222e-01 -5.286210e-01
      outer loop
         vertex 1.095692e+00 1.379632e+01 -1.029836e+01
         vertex 1.092059e+00 1.351418e+01 -1.066890e+01
         vertex 9.199113e-01 1.358999e+01 -1.073226e+01
      endloop
   endfacet
   facet normal 1.893534e-01 8.164970e-01 -5.454154e-01
      outer loop
         vertex 1.991732e+00 1.483052e+01 -8.310015e+00
         vertex 2.000000e+00 1.484029e+01 -8.292514e+00
         vertex 2.000000e+00 1.334310e+01 -1.053384e+01
      endloop
   endfacet
   facet normal 3.552586e-01 7.534704e-01 -5.532392e-01
      outer loop
         vertex 1.381994e+00 1.341992e+01 -1.059448e+01
         vertex 1.383775e+00 1.412789e+01 -9.629136e+00
         vertex 1.688544e+00 1.447730e+01 -8.957566e+00
      endloop
   endfacet
   facet normal 3.826333e-01 7.332479e-01 -5.620847e-01
      outer loop
         vertex 1.092059e+00 1.351418e+01 -1.066890e+01
         vertex 1.095692e+00 1.379632e+01 -1.029836e+01
         vertex 1.381994e+00 1.341992e+01 -1.059448e+01
      endloop
   endfacet
   facet normal 4.141555e-01 7.361555e-01 -5.353040e-01
      outer loop
         vertex 1.381994e+00 1.341992e+01 -1.059448e+01
         vertex 1.095692e+00 1.379632e+01 -1.029836e+01
         vertex 1.230418e+00 1.395201e+01 -9.980028e+00
      endloop
   endfacet
   facet normal 3.949536e-01 7.404793e-01 -5.437849e-01
      outer loop
         vertex 1.381994e+00 1.341992e+01 -1.059448e+01
         vertex 1.230418e+00 1.395201e+01 -9.980028e+00
         vertex 1.383775e+00 1.412789e+01 -9.629136e+00
      endloop
   endfacet
   facet normal 8.585443e-01 3.586225e-01 -3.664580e-01
      outer loop
         vertex 3.877197e-01 1.290640e+01 -1.228228e+01
         vertex 3.820184e-01 1.204348e+01 -1.314010e+01
         vertex 2.275989e-01 1.265529e+01 -1.290315e+01
      endloop
   endfacet
   facet normal 8.386582e-01 3.673999e-01 -4.020816e-01
      outer loop
         vertex 2.275989e-01 1.265529e+01 -1.290315e+01
         vertex 3.820184e-01 1.204348e+01 -1.314010e+01
         vertex 2.679492e-01 1.216216e+01 -1.326958e+01
      endloop
   endfacet
   facet normal 8.787723e-01 3.288811e-01 -3.458272e-01
      outer loop
         vertex 2.275989e-01 1.265529e+01 -1.290315e+01
         vertex 2.679492e-01 1.216216e+01 -1.326958e+01
         vertex 2.180342e-01 1.222427e+01 -1.333735e+01
      endloop
   endfacet
   facet normal 1.645150e-01 7.226613e-01 -6.713386e-01
      outer loop
         vertex 1.652704e+00 1.150702e+01 -1.255478e+01
         vertex 1.687146e+00 1.336242e+01 -1.054909e+01
         vertex 1.687146e+00 1.150312e+01 -1.255053e+01
      endloop
   endfacet
   facet normal 7.820431e-02 7.304000e-01 -6.785278e-01
      outer loop
         vertex 1.687146e+00 1.150312e+01 -1.255053e+01
         vertex 1.687146e+00 1.336242e+01 -1.054909e+01
         vertex 2.000000e+00 1.334310e+01 -1.053384e+01
      endloop
   endfacet
   facet normal 7.820490e-02 7.303999e-01 -6.785278e-01
      outer loop
         vertex 1.687146e+00 1.150312e+01 -1.255053e+01
         vertex 2.000000e+00 1.334310e+01 -1.053384e+01
         vertex 2.000000e+00 1.148649e+01 -1.253238e+01
      endloop
   endfacet
   facet normal 2.327056e-01 7.119256e-01 -6.625783e-01
      outer loop
         vertex 1.652704e+00 1.150702e+01 -1.255478e+01
         vertex 1.381994e+00 1.341992e+01 -1.059448e+01
         vertex 1.687146e+00 1.336242e+01 -1.054909e+01
      endloop
   endfacet
   facet normal 2.330745e-01 7.963831e-01 -5.580772e-01
      outer loop
         vertex 1.687146e+00 1.336242e+01 -1.054909e+01
         vertex 1.381994e+00 1.341992e+01 -1.059448e+01
         vertex 1.688544e+00 1.447730e+01 -8.957566e+00
      endloop
   endfacet
   facet normal 7.832843e-02 8.164878e-01 -5.720247e-01
      outer loop
         vertex 1.687146e+00 1.336242e+01 -1.054909e+01
         vertex 1.688544e+00 1.447730e+01 -8.957566e+00
         vertex 2.000000e+00 1.334310e+01 -1.053384e+01
      endloop
   endfacet
   facet normal 2.209681e-01 8.118204e-01 -5.404820e-01
      outer loop
         vertex 2.000000e+00 1.334310e+01 -1.053384e+01
         vertex 1.688544e+00 1.447730e+01 -8.957566e+00
         vertex 1.835142e+00 1.464698e+01 -8.642765e+00
      endloop
   endfacet
   facet normal 2.014120e-01 8.145208e-01 -5.440488e-01
      outer loop
         vertex 2.000000e+00 1.334310e+01 -1.053384e+01
         vertex 1.835142e+00 1.464698e+01 -8.642765e+00
         vertex 1.991732e+00 1.483052e+01 -8.310015e+00
      endloop
   endfacet
   facet normal 2.411790e-01 7.110165e-01 -6.605211e-01
      outer loop
         vertex 1.652704e+00 1.150702e+01 -1.255478e+01
         vertex 1.381994e+00 1.155262e+01 -1.260454e+01
         vertex 1.381994e+00 1.341992e+01 -1.059448e+01
      endloop
   endfacet
   facet normal 3.246276e-01 6.929651e-01 -6.437517e-01
      outer loop
         vertex 1.381994e+00 1.341992e+01 -1.059448e+01
         vertex 1.381994e+00 1.155262e+01 -1.260454e+01
         vertex 1.315960e+00 1.156798e+01 -1.262130e+01
      endloop
   endfacet
   facet normal 3.815685e-01 6.761584e-01 -6.302502e-01
      outer loop
         vertex 1.381994e+00 1.341992e+01 -1.059448e+01
         vertex 1.315960e+00 1.156798e+01 -1.262130e+01
         vertex 1.092059e+00 1.351418e+01 -1.066890e+01
      endloop
   endfacet
   facet normal 3.976569e-01 6.722257e-01 -6.244850e-01
      outer loop
         vertex 1.092059e+00 1.351418e+01 -1.066890e+01
         vertex 1.315960e+00 1.156798e+01 -1.262130e+01
         vertex 1.092059e+00 1.163376e+01 -1.269307e+01
      endloop
   endfacet
   facet normal 4.972537e-01 6.356455e-01 -5.905027e-01
      outer loop
         vertex 1.092059e+00 1.351418e+01 -1.066890e+01
         vertex 1.092059e+00 1.163376e+01 -1.269307e+01
         vertex 9.199113e-01 1.358999e+01 -1.073226e+01
      endloop
   endfacet
   facet normal 4.760151e-01 6.431269e-01 -5.998312e-01
      outer loop
         vertex 9.199113e-01 1.358999e+01 -1.073226e+01
         vertex 1.092059e+00 1.163376e+01 -1.269307e+01
         vertex 1.000000e+00 1.166753e+01 -1.272991e+01
      endloop
   endfacet
   facet normal 6.525171e-01 5.589078e-01 -5.117065e-01
      outer loop
         vertex 9.199113e-01 1.358999e+01 -1.073226e+01
         vertex 1.000000e+00 1.166753e+01 -1.272991e+01
         vertex 8.291854e-01 1.348128e+01 -1.096668e+01
      endloop
   endfacet
   facet normal 5.436017e-01 6.108262e-01 -5.756636e-01
      outer loop
         vertex 8.291854e-01 1.348128e+01 -1.096668e+01
         vertex 1.000000e+00 1.166753e+01 -1.272991e+01
         vertex 8.244776e-01 1.174455e+01 -1.281394e+01
      endloop
   endfacet
   facet normal 7.009333e-01 5.187413e-01 -4.894895e-01
      outer loop
         vertex 8.291854e-01 1.348128e+01 -1.096668e+01
         vertex 8.244776e-01 1.174455e+01 -1.281394e+01
         vertex 6.480362e-01 1.325721e+01 -1.146354e+01
      endloop
   endfacet
   facet normal 6.150743e-01 5.638056e-01 -5.511867e-01
      outer loop
         vertex 6.480362e-01 1.325721e+01 -1.146354e+01
         vertex 8.244776e-01 1.174455e+01 -1.281394e+01
         vertex 7.144248e-01 1.180264e+01 -1.287733e+01
      endloop
   endfacet
   facet normal 7.380841e-01 4.872812e-01 -4.666786e-01
      outer loop
         vertex 6.480362e-01 1.325721e+01 -1.146354e+01
         vertex 7.144248e-01 1.180264e+01 -1.287733e+01
         vertex 5.886730e-01 1.318098e+01 -1.163702e+01
      endloop
   endfacet
   facet normal 6.750623e-01 5.265725e-01 -5.167323e-01
      outer loop
         vertex 5.886730e-01 1.318098e+01 -1.163702e+01
         vertex 7.144248e-01 1.180264e+01 -1.287733e+01
         vertex 5.858390e-01 1.188225e+01 -1.296419e+01
      endloop
   endfacet
   facet normal 7.869732e-01 4.401333e-01 -4.323840e-01
      outer loop
         vertex 5.886730e-01 1.318098e+01 -1.163702e+01
         vertex 5.858390e-01 1.188225e+01 -1.296419e+01
         vertex 3.877197e-01 1.290640e+01 -1.228228e+01
      endloop
   endfacet
   facet normal 7.371821e-01 4.674623e-01 -4.878950e-01
      outer loop
         vertex 3.877197e-01 1.290640e+01 -1.228228e+01
         vertex 5.858390e-01 1.188225e+01 -1.296419e+01
         vertex 4.679111e-01 1.196921e+01 -1.305906e+01
      endloop
   endfacet
   facet normal 7.878175e-01 4.315965e-01 -4.393952e-01
      outer loop
         vertex 3.877197e-01 1.290640e+01 -1.228228e+01
         vertex 4.679111e-01 1.196921e+01 -1.305906e+01
         vertex 3.820184e-01 1.204348e+01 -1.314010e+01
      endloop
   endfacet
   facet normal 8.712219e-02 9.505380e-01 -2.981395e-01
      outer loop
         vertex 2.000000e+00 6.089326e+00 -2.076588e+01
         vertex 2.000000e+00 5.758601e+00 -2.182031e+01
         vertex 1.652704e+00 5.787833e+00 -2.182860e+01
      endloop
   endfacet
   facet normal 9.961766e-01 7.101658e-02 -5.088045e-02
      outer loop
         vertex 1.156176e-15 9.679169e+00 -1.782797e+01
         vertex 1.032495e-15 1.112632e+01 -1.580811e+01
         vertex 3.038449e-02 1.085863e+01 -1.558684e+01
      endloop
   endfacet
   facet normal 9.961766e-01 7.734715e-02 -4.061582e-02
      outer loop
         vertex 1.290882e-15 8.523974e+00 -2.002788e+01
         vertex 1.156176e-15 9.679169e+00 -1.782797e+01
         vertex 3.038449e-02 9.383566e+00 -1.764567e+01
      endloop
   endfacet
   facet normal 9.954772e-01 7.113564e-02 -6.296668e-02
      outer loop
         vertex 1.032495e-15 1.112632e+01 -1.580811e+01
         vertex 9.767229e-16 1.193255e+01 -1.489727e+01
         vertex 2.851456e-02 1.218453e+01 -1.416181e+01
      endloop
   endfacet
   facet normal 9.961861e-01 6.452778e-02 -5.873155e-02
      outer loop
         vertex 1.032495e-15 1.112632e+01 -1.580811e+01
         vertex 2.851456e-02 1.218453e+01 -1.416181e+01
         vertex 3.038449e-02 1.085863e+01 -1.558684e+01
      endloop
   endfacet
   facet normal 9.604782e-01 2.044151e-01 -1.889341e-01
      outer loop
         vertex 3.038449e-02 1.085863e+01 -1.558684e+01
         vertex 2.851456e-02 1.218453e+01 -1.416181e+01
         vertex 1.026098e-01 1.241055e+01 -1.354059e+01
      endloop
   endfacet
   facet normal 9.657968e-01 1.890523e-01 -1.774704e-01
      outer loop
         vertex 3.038449e-02 1.085863e+01 -1.558684e+01
         vertex 1.026098e-01 1.241055e+01 -1.354059e+01
         vertex 1.206148e-01 1.059909e+01 -1.537229e+01
      endloop
   endfacet
   facet normal 9.221195e-01 2.795923e-01 -2.674395e-01
      outer loop
         vertex 1.206148e-01 1.059909e+01 -1.537229e+01
         vertex 1.026098e-01 1.241055e+01 -1.354059e+01
         vertex 2.180342e-01 1.222427e+01 -1.333735e+01
      endloop
   endfacet
   facet normal 9.059831e-01 3.085601e-01 -2.898020e-01
      outer loop
         vertex 1.206148e-01 1.059909e+01 -1.537229e+01
         vertex 2.180342e-01 1.222427e+01 -1.333735e+01
         vertex 2.679492e-01 1.035556e+01 -1.517098e+01
      endloop
   endfacet
   facet normal 8.783277e-01 3.465675e-01 -3.292894e-01
      outer loop
         vertex 2.180342e-01 1.222427e+01 -1.333735e+01
         vertex 2.679492e-01 1.216216e+01 -1.326958e+01
         vertex 2.679492e-01 1.035556e+01 -1.517098e+01
      endloop
   endfacet
   facet normal 8.380637e-01 3.955110e-01 -3.757929e-01
      outer loop
         vertex 2.679492e-01 1.035556e+01 -1.517098e+01
         vertex 2.679492e-01 1.216216e+01 -1.326958e+01
         vertex 3.820184e-01 1.204348e+01 -1.314010e+01
      endloop
   endfacet
   facet normal 8.185940e-01 4.182843e-01 -3.936269e-01
      outer loop
         vertex 2.679492e-01 1.035556e+01 -1.517098e+01
         vertex 3.820184e-01 1.204348e+01 -1.314010e+01
         vertex 4.679111e-01 1.013545e+01 -1.498903e+01
      endloop
   endfacet
   facet normal 5.726578e-01 8.178394e-01 -5.658331e-02
      outer loop
         vertex 1.000000e+00 5.455954e+00 -2.455899e+01
         vertex 7.144248e-01 5.467911e+00 -2.727636e+01
         vertex 7.144248e-01 5.654011e+00 -2.458653e+01
      endloop
   endfacet
   facet normal 7.062621e-01 7.062622e-01 -4.886369e-02
      outer loop
         vertex 7.144248e-01 5.654011e+00 -2.458653e+01
         vertex 7.144248e-01 5.467911e+00 -2.727636e+01
         vertex 4.679111e-01 5.714425e+00 -2.727636e+01
      endloop
   endfacet
   facet normal 7.062620e-01 7.062622e-01 -4.886369e-02
      outer loop
         vertex 7.144248e-01 5.654011e+00 -2.458653e+01
         vertex 4.679111e-01 5.714425e+00 -2.727636e+01
         vertex 4.679111e-01 5.898176e+00 -2.462048e+01
      endloop
   endfacet
   facet normal 8.185078e-01 5.731254e-01 -3.965244e-02
      outer loop
         vertex 4.679111e-01 5.898176e+00 -2.462048e+01
         vertex 4.679111e-01 5.714425e+00 -2.727636e+01
         vertex 2.679492e-01 6.000000e+00 -2.727636e+01
      endloop
   endfacet
   facet normal 8.185079e-01 5.731253e-01 -3.965245e-02
      outer loop
         vertex 4.679111e-01 5.898176e+00 -2.462048e+01
         vertex 2.679492e-01 6.000000e+00 -2.727636e+01
         vertex 2.679492e-01 6.181030e+00 -2.465981e+01
      endloop
   endfacet
   facet normal 9.059205e-01 4.224379e-01 -2.922694e-02
      outer loop
         vertex 2.679492e-01 6.181030e+00 -2.465981e+01
         vertex 2.679492e-01 6.000000e+00 -2.727636e+01
         vertex 1.206148e-01 6.315960e+00 -2.727636e+01
      endloop
   endfacet
   facet normal 9.059205e-01 4.224380e-01 -2.922693e-02
      outer loop
         vertex 2.679492e-01 6.181030e+00 -2.465981e+01
         vertex 1.206148e-01 6.315960e+00 -2.727636e+01
         vertex 1.206148e-01 6.493979e+00 -2.470332e+01
      endloop
   endfacet
   facet normal 9.657710e-01 2.587776e-01 -1.790387e-02
      outer loop
         vertex 1.206148e-01 6.493979e+00 -2.470332e+01
         vertex 1.206148e-01 6.315960e+00 -2.727636e+01
         vertex 3.038449e-02 6.652704e+00 -2.727636e+01
      endloop
   endfacet
   facet normal 9.657710e-01 2.587775e-01 -1.790387e-02
      outer loop
         vertex 1.206148e-01 6.493979e+00 -2.470332e+01
         vertex 3.038449e-02 6.652704e+00 -2.727636e+01
         vertex 3.038449e-02 6.827515e+00 -2.474969e+01
      endloop
   endfacet
   facet normal 9.961766e-01 8.715407e-02 -6.029872e-03
      outer loop
         vertex 3.038449e-02 6.827515e+00 -2.474969e+01
         vertex 3.038449e-02 6.652704e+00 -2.727636e+01
         vertex 1.734723e-15 7.000000e+00 -2.727636e+01
      endloop
   endfacet
   facet normal 9.961766e-01 8.715407e-02 -6.029871e-03
      outer loop
         vertex 3.038449e-02 6.827515e+00 -2.474969e+01
         vertex 1.734723e-15 7.000000e+00 -2.727636e+01
         vertex 1.582938e-15 7.171502e+00 -2.479752e+01
      endloop
   endfacet
   facet normal 7.872821e-01 4.469972e-01 -4.247122e-01
      outer loop
         vertex 3.820184e-01 1.204348e+01 -1.314010e+01
         vertex 4.679111e-01 1.196921e+01 -1.305906e+01
         vertex 4.679111e-01 1.013545e+01 -1.498903e+01
      endloop
   endfacet
   facet normal 7.364604e-01 4.904125e-01 -4.659631e-01
      outer loop
         vertex 4.679111e-01 1.013545e+01 -1.498903e+01
         vertex 4.679111e-01 1.196921e+01 -1.305906e+01
         vertex 5.858390e-01 1.188225e+01 -1.296419e+01
      endloop
   endfacet
   facet normal 7.063573e-01 5.151074e-01 -4.855138e-01
      outer loop
         vertex 4.679111e-01 1.013545e+01 -1.498903e+01
         vertex 5.858390e-01 1.188225e+01 -1.296419e+01
         vertex 7.144248e-01 9.945444e+00 -1.483197e+01
      endloop
   endfacet
   facet normal 4.217911e-01 8.872942e-01 -1.865512e-01
      outer loop
         vertex 1.315960e+00 5.874640e+00 -2.185321e+01
         vertex 1.000000e+00 5.455954e+00 -2.455899e+01
         vertex 1.000000e+00 6.016387e+00 -2.189340e+01
      endloop
   endfacet
   facet normal 5.726578e-01 8.022549e-01 -1.686719e-01
      outer loop
         vertex 1.000000e+00 6.016387e+00 -2.189340e+01
         vertex 1.000000e+00 5.455954e+00 -2.455899e+01
         vertex 7.144248e-01 5.654011e+00 -2.458653e+01
      endloop
   endfacet
   facet normal 5.726569e-01 8.022555e-01 -1.686719e-01
      outer loop
         vertex 1.000000e+00 6.016387e+00 -2.189340e+01
         vertex 7.144248e-01 5.654011e+00 -2.458653e+01
         vertex 7.144248e-01 6.208764e+00 -2.194795e+01
      endloop
   endfacet
   facet normal 7.062621e-01 6.928037e-01 -1.456600e-01
      outer loop
         vertex 7.144248e-01 6.208764e+00 -2.194795e+01
         vertex 7.144248e-01 5.654011e+00 -2.458653e+01
         vertex 4.679111e-01 5.898176e+00 -2.462048e+01
      endloop
   endfacet
   facet normal 7.062621e-01 6.928037e-01 -1.456600e-01
      outer loop
         vertex 7.144248e-01 6.208764e+00 -2.194795e+01
         vertex 4.679111e-01 5.898176e+00 -2.462048e+01
         vertex 4.679111e-01 6.445927e+00 -2.201520e+01
      endloop
   endfacet
   facet normal 8.185079e-01 5.622039e-01 -1.182017e-01
      outer loop
         vertex 4.679111e-01 6.445927e+00 -2.201520e+01
         vertex 4.679111e-01 5.898176e+00 -2.462048e+01
         vertex 2.679492e-01 6.181030e+00 -2.465981e+01
      endloop
   endfacet
   facet normal 8.185078e-01 5.622040e-01 -1.182017e-01
      outer loop
         vertex 4.679111e-01 6.445927e+00 -2.201520e+01
         vertex 2.679492e-01 6.181030e+00 -2.465981e+01
         vertex 2.679492e-01 6.720670e+00 -2.209311e+01
      endloop
   endfacet
   facet normal 9.059205e-01 4.143882e-01 -8.712388e-02
      outer loop
         vertex 2.679492e-01 6.720670e+00 -2.209311e+01
         vertex 2.679492e-01 6.181030e+00 -2.465981e+01
         vertex 1.206148e-01 6.493979e+00 -2.470332e+01
      endloop
   endfacet
   facet normal 9.059205e-01 4.143881e-01 -8.712388e-02
      outer loop
         vertex 2.679492e-01 6.720670e+00 -2.209311e+01
         vertex 1.206148e-01 6.493979e+00 -2.470332e+01
         vertex 1.206148e-01 7.024646e+00 -2.217930e+01
      endloop
   endfacet
   facet normal 9.657710e-01 2.538463e-01 -5.337045e-02
      outer loop
         vertex 1.206148e-01 7.024646e+00 -2.217930e+01
         vertex 1.206148e-01 6.493979e+00 -2.470332e+01
         vertex 3.038449e-02 6.827515e+00 -2.474969e+01
      endloop
   endfacet
   facet normal 9.657710e-01 2.538462e-01 -5.337044e-02
      outer loop
         vertex 1.206148e-01 7.024646e+00 -2.217930e+01
         vertex 3.038449e-02 6.827515e+00 -2.474969e+01
         vertex 3.038449e-02 7.348617e+00 -2.227117e+01
      endloop
   endfacet
   facet normal 9.961766e-01 8.549329e-02 -1.797472e-02
      outer loop
         vertex 3.038449e-02 7.348617e+00 -2.227117e+01
         vertex 3.038449e-02 6.827515e+00 -2.474969e+01
         vertex 1.582938e-15 7.171502e+00 -2.479752e+01
      endloop
   endfacet
   facet normal 9.961766e-01 8.549331e-02 -1.797472e-02
      outer loop
         vertex 3.038449e-02 7.348617e+00 -2.227117e+01
         vertex 1.582938e-15 7.171502e+00 -2.479752e+01
         vertex 1.434045e-15 7.682741e+00 -2.236591e+01
      endloop
   endfacet
   facet normal 6.747003e-01 5.350774e-01 -5.084011e-01
      outer loop
         vertex 5.858390e-01 1.188225e+01 -1.296419e+01
         vertex 7.144248e-01 1.180264e+01 -1.287733e+01
         vertex 7.144248e-01 9.945444e+00 -1.483197e+01
      endloop
   endfacet
   facet normal 6.147365e-01 5.717892e-01 -5.432827e-01
      outer loop
         vertex 7.144248e-01 9.945444e+00 -1.483197e+01
         vertex 7.144248e-01 1.180264e+01 -1.287733e+01
         vertex 8.244776e-01 1.174455e+01 -1.281394e+01
      endloop
   endfacet
   facet normal 5.727434e-01 5.961167e-01 -5.626809e-01
      outer loop
         vertex 7.144248e-01 9.945444e+00 -1.483197e+01
         vertex 8.244776e-01 1.174455e+01 -1.281394e+01
         vertex 1.000000e+00 9.791321e+00 -1.470457e+01
      endloop
   endfacet
   facet normal 2.582418e-01 9.090298e-01 -3.270719e-01
      outer loop
         vertex 1.652704e+00 6.721116e+00 -1.923473e+01
         vertex 1.315960e+00 5.874640e+00 -2.185321e+01
         vertex 1.315960e+00 6.803706e+00 -1.927106e+01
      endloop
   endfacet
   facet normal 4.217913e-01 8.531495e-01 -3.069660e-01
      outer loop
         vertex 1.315960e+00 6.803706e+00 -1.927106e+01
         vertex 1.315960e+00 5.874640e+00 -2.185321e+01
         vertex 1.000000e+00 6.016387e+00 -2.189340e+01
      endloop
   endfacet
   facet normal 4.217907e-01 8.531497e-01 -3.069660e-01
      outer loop
         vertex 1.315960e+00 6.803706e+00 -1.927106e+01
         vertex 1.000000e+00 6.016387e+00 -2.189340e+01
         vertex 1.000000e+00 6.938567e+00 -1.933039e+01
      endloop
   endfacet
   facet normal 5.726567e-01 7.713834e-01 -2.775462e-01
      outer loop
         vertex 1.000000e+00 6.938567e+00 -1.933039e+01
         vertex 1.000000e+00 6.016387e+00 -2.189340e+01
         vertex 7.144248e-01 6.208764e+00 -2.194795e+01
      endloop
   endfacet
   facet normal 5.726574e-01 7.713829e-01 -2.775462e-01
      outer loop
         vertex 1.000000e+00 6.938567e+00 -1.933039e+01
         vertex 7.144248e-01 6.208764e+00 -2.194795e+01
         vertex 7.144248e-01 7.121599e+00 -1.941092e+01
      endloop
   endfacet
   facet normal 7.062624e-01 6.661432e-01 -2.396806e-01
      outer loop
         vertex 7.144248e-01 7.121599e+00 -1.941092e+01
         vertex 7.144248e-01 6.208764e+00 -2.194795e+01
         vertex 4.679111e-01 6.445927e+00 -2.201520e+01
      endloop
   endfacet
   facet normal 7.062624e-01 6.661431e-01 -2.396805e-01
      outer loop
         vertex 7.144248e-01 7.121599e+00 -1.941092e+01
         vertex 4.679111e-01 6.445927e+00 -2.201520e+01
         vertex 4.679111e-01 7.347242e+00 -1.951019e+01
      endloop
   endfacet
   facet normal 8.185077e-01 5.405695e-01 -1.944987e-01
      outer loop
         vertex 4.679111e-01 7.347242e+00 -1.951019e+01
         vertex 4.679111e-01 6.445927e+00 -2.201520e+01
         vertex 2.679492e-01 6.720670e+00 -2.209311e+01
      endloop
   endfacet
   facet normal 8.185077e-01 5.405695e-01 -1.944987e-01
      outer loop
         vertex 4.679111e-01 7.347242e+00 -1.951019e+01
         vertex 2.679492e-01 6.720670e+00 -2.209311e+01
         vertex 2.679492e-01 7.608638e+00 -1.962519e+01
      endloop
   endfacet
   facet normal 9.059205e-01 3.984418e-01 -1.433607e-01
      outer loop
         vertex 2.679492e-01 7.608638e+00 -1.962519e+01
         vertex 2.679492e-01 6.720670e+00 -2.209311e+01
         vertex 1.206148e-01 7.024646e+00 -2.217930e+01
      endloop
   endfacet
   facet normal 9.059205e-01 3.984417e-01 -1.433607e-01
      outer loop
         vertex 2.679492e-01 7.608638e+00 -1.962519e+01
         vertex 1.206148e-01 7.024646e+00 -2.217930e+01
         vertex 1.206148e-01 7.897847e+00 -1.975242e+01
      endloop
   endfacet
   facet normal 9.657711e-01 2.440776e-01 -8.781996e-02
      outer loop
         vertex 1.206148e-01 7.897847e+00 -1.975242e+01
         vertex 1.206148e-01 7.024646e+00 -2.217930e+01
         vertex 3.038449e-02 7.348617e+00 -2.227117e+01
      endloop
   endfacet
   facet normal 9.657711e-01 2.440776e-01 -8.781996e-02
      outer loop
         vertex 1.206148e-01 7.897847e+00 -1.975242e+01
         vertex 3.038449e-02 7.348617e+00 -2.227117e+01
         vertex 3.038449e-02 8.206081e+00 -1.988802e+01
      endloop
   endfacet
   facet normal 9.961766e-01 8.220338e-02 -2.957706e-02
      outer loop
         vertex 3.038449e-02 8.206081e+00 -1.988802e+01
         vertex 3.038449e-02 7.348617e+00 -2.227117e+01
         vertex 1.434045e-15 7.682741e+00 -2.236591e+01
      endloop
   endfacet
   facet normal 9.961766e-01 8.220339e-02 -2.957706e-02
      outer loop
         vertex 3.038449e-02 8.206081e+00 -1.988802e+01
         vertex 1.434045e-15 7.682741e+00 -2.236591e+01
         vertex 1.290882e-15 8.523974e+00 -2.002788e+01
      endloop
   endfacet
   facet normal 5.437127e-01 6.084272e-01 -5.780942e-01
      outer loop
         vertex 8.244776e-01 1.174455e+01 -1.281394e+01
         vertex 1.000000e+00 1.166753e+01 -1.272991e+01
         vertex 1.000000e+00 9.791321e+00 -1.470457e+01
      endloop
   endfacet
   facet normal 4.762669e-01 6.374464e-01 -6.056666e-01
      outer loop
         vertex 1.000000e+00 9.791321e+00 -1.470457e+01
         vertex 1.000000e+00 1.166753e+01 -1.272991e+01
         vertex 1.092059e+00 1.163376e+01 -1.269307e+01
      endloop
   endfacet
   facet normal 4.218502e-01 6.588920e-01 -6.228192e-01
      outer loop
         vertex 1.000000e+00 9.791321e+00 -1.470457e+01
         vertex 1.092059e+00 1.163376e+01 -1.269307e+01
         vertex 1.315960e+00 9.677761e+00 -1.461070e+01
      endloop
   endfacet
   facet normal 2.582432e-01 9.454105e-01 -1.987698e-01
      outer loop
         vertex 1.652704e+00 5.787833e+00 -2.182860e+01
         vertex 1.652704e+00 5.220653e+00 -2.452628e+01
         vertex 1.315960e+00 5.310024e+00 -2.453870e+01
      endloop
   endfacet
   facet normal 9.961766e-01 7.101686e-02 -5.088060e-02
      outer loop
         vertex 1.156176e-15 9.679169e+00 -1.782797e+01
         vertex 3.038449e-02 1.085863e+01 -1.558684e+01
         vertex 3.038449e-02 9.383566e+00 -1.764567e+01
      endloop
   endfacet
   facet normal 9.657709e-01 2.108627e-01 -1.510743e-01
      outer loop
         vertex 3.038449e-02 9.383566e+00 -1.764567e+01
         vertex 3.038449e-02 1.085863e+01 -1.558684e+01
         vertex 1.206148e-01 1.059909e+01 -1.537229e+01
      endloop
   endfacet
   facet normal 9.657711e-01 2.108622e-01 -1.510740e-01
      outer loop
         vertex 3.038449e-02 9.383566e+00 -1.764567e+01
         vertex 1.206148e-01 1.059909e+01 -1.537229e+01
         vertex 1.206148e-01 9.096944e+00 -1.746891e+01
      endloop
   endfacet
   facet normal 9.059209e-01 3.442188e-01 -2.466185e-01
      outer loop
         vertex 1.206148e-01 9.096944e+00 -1.746891e+01
         vertex 1.206148e-01 1.059909e+01 -1.537229e+01
         vertex 2.679492e-01 1.035556e+01 -1.517098e+01
      endloop
   endfacet
   facet normal 9.059204e-01 3.442197e-01 -2.466190e-01
      outer loop
         vertex 1.206148e-01 9.096944e+00 -1.746891e+01
         vertex 2.679492e-01 1.035556e+01 -1.517098e+01
         vertex 2.679492e-01 8.828012e+00 -1.730306e+01
      endloop
   endfacet
   facet normal 8.185074e-01 4.670063e-01 -3.345904e-01
      outer loop
         vertex 2.679492e-01 8.828012e+00 -1.730306e+01
         vertex 2.679492e-01 1.035556e+01 -1.517098e+01
         vertex 4.679111e-01 1.013545e+01 -1.498903e+01
      endloop
   endfacet
   facet normal 8.185082e-01 4.670053e-01 -3.345899e-01
      outer loop
         vertex 2.679492e-01 8.828012e+00 -1.730306e+01
         vertex 4.679111e-01 1.013545e+01 -1.498903e+01
         vertex 4.679111e-01 8.584943e+00 -1.715316e+01
      endloop
   endfacet
   facet normal 7.062620e-01 5.754910e-01 -4.123154e-01
      outer loop
         vertex 4.679111e-01 8.584943e+00 -1.715316e+01
         vertex 4.679111e-01 1.013545e+01 -1.498903e+01
         vertex 7.144248e-01 9.945444e+00 -1.483197e+01
      endloop
   endfacet
   facet normal 7.062618e-01 5.754913e-01 -4.123156e-01
      outer loop
         vertex 4.679111e-01 8.584943e+00 -1.715316e+01
         vertex 7.144248e-01 9.945444e+00 -1.483197e+01
         vertex 7.144248e-01 8.375121e+00 -1.702376e+01
      endloop
   endfacet
   facet normal 5.726579e-01 6.664087e-01 -4.774541e-01
      outer loop
         vertex 7.144248e-01 8.375121e+00 -1.702376e+01
         vertex 7.144248e-01 9.945444e+00 -1.483197e+01
         vertex 1.000000e+00 9.791321e+00 -1.470457e+01
      endloop
   endfacet
   facet normal 5.726574e-01 6.664090e-01 -4.774542e-01
      outer loop
         vertex 7.144248e-01 8.375121e+00 -1.702376e+01
         vertex 1.000000e+00 9.791321e+00 -1.470457e+01
         vertex 1.000000e+00 8.204922e+00 -1.691880e+01
      endloop
   endfacet
   facet normal 4.217897e-01 7.370489e-01 -5.280647e-01
      outer loop
         vertex 1.000000e+00 8.204922e+00 -1.691880e+01
         vertex 1.000000e+00 9.791321e+00 -1.470457e+01
         vertex 1.315960e+00 9.677761e+00 -1.461070e+01
      endloop
   endfacet
   facet normal 4.217887e-01 7.370493e-01 -5.280649e-01
      outer loop
         vertex 1.000000e+00 8.204922e+00 -1.691880e+01
         vertex 1.315960e+00 9.677761e+00 -1.461070e+01
         vertex 1.315960e+00 8.079518e+00 -1.684146e+01
      endloop
   endfacet
   facet normal 2.582434e-01 7.853239e-01 -5.626515e-01
      outer loop
         vertex 1.315960e+00 8.079518e+00 -1.684146e+01
         vertex 1.315960e+00 9.677761e+00 -1.461070e+01
         vertex 1.652704e+00 9.608216e+00 -1.455321e+01
      endloop
   endfacet
   facet normal 2.582448e-01 7.853235e-01 -5.626515e-01
      outer loop
         vertex 1.315960e+00 8.079518e+00 -1.684146e+01
         vertex 1.652704e+00 9.608216e+00 -1.455321e+01
         vertex 1.652704e+00 8.002717e+00 -1.679410e+01
      endloop
   endfacet
   facet normal 4.217907e-01 9.045309e-01 -6.258133e-02
      outer loop
         vertex 1.000000e+00 5.267949e+00 -2.727636e+01
         vertex 1.315960e+00 5.310024e+00 -2.453870e+01
         vertex 1.315960e+00 5.120615e+00 -2.727636e+01
      endloop
   endfacet
   facet normal 2.582432e-01 9.637760e-01 -6.668029e-02
      outer loop
         vertex 1.315960e+00 5.120615e+00 -2.727636e+01
         vertex 1.315960e+00 5.310024e+00 -2.453870e+01
         vertex 1.652704e+00 5.220653e+00 -2.452628e+01
      endloop
   endfacet
   facet normal 2.582430e-01 9.637761e-01 -6.668027e-02
      outer loop
         vertex 1.315960e+00 5.120615e+00 -2.727636e+01
         vertex 1.652704e+00 5.220653e+00 -2.452628e+01
         vertex 1.652704e+00 5.030384e+00 -2.727636e+01
      endloop
   endfacet
   facet normal 8.695029e-02 9.938369e-01 -6.876007e-02
      outer loop
         vertex 1.652704e+00 5.030384e+00 -2.727636e+01
         vertex 1.652704e+00 5.220653e+00 -2.452628e+01
         vertex 2.000000e+00 5.190558e+00 -2.452209e+01
      endloop
   endfacet
   facet normal 8.694917e-02 9.938370e-01 -6.875993e-02
      outer loop
         vertex 1.652704e+00 5.030384e+00 -2.727636e+01
         vertex 2.000000e+00 5.190558e+00 -2.452209e+01
         vertex 2.000000e+00 5.000000e+00 -2.727636e+01
      endloop
   endfacet
   facet normal 8.694898e-02 9.748986e-01 -2.049695e-01
      outer loop
         vertex 1.652704e+00 5.787833e+00 -2.182860e+01
         vertex 2.000000e+00 5.758601e+00 -2.182031e+01
         vertex 1.652704e+00 5.220653e+00 -2.452628e+01
      endloop
   endfacet
   facet normal 1.932953e-01 9.572685e-01 -2.151136e-01
      outer loop
         vertex 1.652704e+00 5.220653e+00 -2.452628e+01
         vertex 2.000000e+00 5.758601e+00 -2.182031e+01
         vertex 2.000000e+00 5.274212e+00 -2.397587e+01
      endloop
   endfacet
   facet normal 8.714854e-02 9.847142e-01 -1.508080e-01
      outer loop
         vertex 1.652704e+00 5.220653e+00 -2.452628e+01
         vertex 2.000000e+00 5.274212e+00 -2.397587e+01
         vertex 2.000000e+00 5.190558e+00 -2.452209e+01
      endloop
   endfacet
   facet normal 8.708178e-02 9.276963e-01 -3.630377e-01
      outer loop
         vertex 2.000000e+00 6.693304e+00 -1.922249e+01
         vertex 2.000000e+00 6.089326e+00 -2.076588e+01
         vertex 1.652704e+00 6.721116e+00 -1.923473e+01
      endloop
   endfacet
   facet normal 2.140432e-01 9.191392e-01 -3.307094e-01
      outer loop
         vertex 1.652704e+00 6.721116e+00 -1.923473e+01
         vertex 2.000000e+00 6.089326e+00 -2.076588e+01
         vertex 1.652704e+00 5.787833e+00 -2.182860e+01
      endloop
   endfacet
   facet normal 2.582424e-01 9.090296e-01 -3.270719e-01
      outer loop
         vertex 1.652704e+00 6.721116e+00 -1.923473e+01
         vertex 1.652704e+00 5.787833e+00 -2.182860e+01
         vertex 1.315960e+00 5.874640e+00 -2.185321e+01
      endloop
   endfacet
   facet normal 2.582424e-01 9.454107e-01 -1.987697e-01
      outer loop
         vertex 1.315960e+00 5.874640e+00 -2.185321e+01
         vertex 1.652704e+00 5.787833e+00 -2.182860e+01
         vertex 1.315960e+00 5.310024e+00 -2.453870e+01
      endloop
   endfacet
   facet normal 4.217891e-01 8.872951e-01 -1.865511e-01
      outer loop
         vertex 1.315960e+00 5.874640e+00 -2.185321e+01
         vertex 1.315960e+00 5.310024e+00 -2.453870e+01
         vertex 1.000000e+00 5.455954e+00 -2.455899e+01
      endloop
   endfacet
   facet normal 4.217891e-01 9.045317e-01 -6.258117e-02
      outer loop
         vertex 1.000000e+00 5.455954e+00 -2.455899e+01
         vertex 1.315960e+00 5.310024e+00 -2.453870e+01
         vertex 1.000000e+00 5.267949e+00 -2.727636e+01
      endloop
   endfacet
   facet normal 5.726575e-01 8.178397e-01 -5.658327e-02
      outer loop
         vertex 1.000000e+00 5.455954e+00 -2.455899e+01
         vertex 1.000000e+00 5.267949e+00 -2.727636e+01
         vertex 7.144248e-01 5.467911e+00 -2.727636e+01
      endloop
   endfacet
   facet normal 8.712346e-02 8.620436e-01 -4.992898e-01
      outer loop
         vertex 1.652704e+00 8.002717e+00 -1.679410e+01
         vertex 2.000000e+00 7.976855e+00 -1.677815e+01
         vertex 2.000000e+00 7.422994e+00 -1.773441e+01
      endloop
   endfacet
   facet normal 9.961766e-01 7.734704e-02 -4.061578e-02
      outer loop
         vertex 1.290882e-15 8.523974e+00 -2.002788e+01
         vertex 3.038449e-02 9.383566e+00 -1.764567e+01
         vertex 3.038449e-02 8.206081e+00 -1.988802e+01
      endloop
   endfacet
   facet normal 9.657711e-01 2.296581e-01 -1.205960e-01
      outer loop
         vertex 3.038449e-02 8.206081e+00 -1.988802e+01
         vertex 3.038449e-02 9.383566e+00 -1.764567e+01
         vertex 1.206148e-01 9.096944e+00 -1.746891e+01
      endloop
   endfacet
   facet normal 9.657711e-01 2.296579e-01 -1.205959e-01
      outer loop
         vertex 3.038449e-02 8.206081e+00 -1.988802e+01
         vertex 1.206148e-01 9.096944e+00 -1.746891e+01
         vertex 1.206148e-01 7.897847e+00 -1.975242e+01
      endloop
   endfacet
   facet normal 9.059205e-01 3.749027e-01 -1.968656e-01
      outer loop
         vertex 1.206148e-01 7.897847e+00 -1.975242e+01
         vertex 1.206148e-01 9.096944e+00 -1.746891e+01
         vertex 2.679492e-01 8.828012e+00 -1.730306e+01
      endloop
   endfacet
   facet normal 9.059204e-01 3.749029e-01 -1.968656e-01
      outer loop
         vertex 1.206148e-01 7.897847e+00 -1.975242e+01
         vertex 2.679492e-01 8.828012e+00 -1.730306e+01
         vertex 2.679492e-01 7.608638e+00 -1.962519e+01
      endloop
   endfacet
   facet normal 8.185082e-01 5.086333e-01 -2.670890e-01
      outer loop
         vertex 2.679492e-01 7.608638e+00 -1.962519e+01
         vertex 2.679492e-01 8.828012e+00 -1.730306e+01
         vertex 4.679111e-01 8.584943e+00 -1.715316e+01
      endloop
   endfacet
   facet normal 8.185077e-01 5.086339e-01 -2.670892e-01
      outer loop
         vertex 2.679492e-01 7.608638e+00 -1.962519e+01
         vertex 4.679111e-01 8.584943e+00 -1.715316e+01
         vertex 4.679111e-01 7.347242e+00 -1.951019e+01
      endloop
   endfacet
   facet normal 7.062617e-01 6.267897e-01 -3.291340e-01
      outer loop
         vertex 4.679111e-01 7.347242e+00 -1.951019e+01
         vertex 4.679111e-01 8.584943e+00 -1.715316e+01
         vertex 7.144248e-01 8.375121e+00 -1.702376e+01
      endloop
   endfacet
   facet normal 7.062624e-01 6.267889e-01 -3.291338e-01
      outer loop
         vertex 4.679111e-01 7.347242e+00 -1.951019e+01
         vertex 7.144248e-01 8.375121e+00 -1.702376e+01
         vertex 7.144248e-01 7.121599e+00 -1.941092e+01
      endloop
   endfacet
   facet normal 5.726575e-01 7.258114e-01 -3.811316e-01
      outer loop
         vertex 7.144248e-01 7.121599e+00 -1.941092e+01
         vertex 7.144248e-01 8.375121e+00 -1.702376e+01
         vertex 1.000000e+00 8.204922e+00 -1.691880e+01
      endloop
   endfacet
   facet normal 5.726576e-01 7.258113e-01 -3.811316e-01
      outer loop
         vertex 7.144248e-01 7.121599e+00 -1.941092e+01
         vertex 1.000000e+00 8.204922e+00 -1.691880e+01
         vertex 1.000000e+00 6.938567e+00 -1.933039e+01
      endloop
   endfacet
   facet normal 4.217888e-01 8.027484e-01 -4.215321e-01
      outer loop
         vertex 1.000000e+00 6.938567e+00 -1.933039e+01
         vertex 1.000000e+00 8.204922e+00 -1.691880e+01
         vertex 1.315960e+00 8.079518e+00 -1.684146e+01
      endloop
   endfacet
   facet normal 4.217907e-01 8.027474e-01 -4.215319e-01
      outer loop
         vertex 1.000000e+00 6.938567e+00 -1.933039e+01
         vertex 1.315960e+00 8.079518e+00 -1.684146e+01
         vertex 1.315960e+00 6.803706e+00 -1.927106e+01
      endloop
   endfacet
   facet normal 2.582447e-01 8.553255e-01 -4.491413e-01
      outer loop
         vertex 1.315960e+00 6.803706e+00 -1.927106e+01
         vertex 1.315960e+00 8.079518e+00 -1.684146e+01
         vertex 1.652704e+00 8.002717e+00 -1.679410e+01
      endloop
   endfacet
   facet normal 2.582417e-01 8.553264e-01 -4.491413e-01
      outer loop
         vertex 1.315960e+00 6.803706e+00 -1.927106e+01
         vertex 1.652704e+00 8.002717e+00 -1.679410e+01
         vertex 1.652704e+00 6.721116e+00 -1.923473e+01
      endloop
   endfacet
   facet normal 2.140433e-01 8.648386e-01 -4.541362e-01
      outer loop
         vertex 1.652704e+00 6.721116e+00 -1.923473e+01
         vertex 1.652704e+00 8.002717e+00 -1.679410e+01
         vertex 2.000000e+00 7.422994e+00 -1.773441e+01
      endloop
   endfacet
   facet normal 8.708179e-02 8.944528e-01 -4.386011e-01
      outer loop
         vertex 1.652704e+00 6.721116e+00 -1.923473e+01
         vertex 2.000000e+00 7.422994e+00 -1.773441e+01
         vertex 2.000000e+00 6.693304e+00 -1.922249e+01
      endloop
   endfacet
   facet normal 3.979386e-01 6.650750e-01 -6.319178e-01
      outer loop
         vertex 1.092059e+00 1.163376e+01 -1.269307e+01
         vertex 1.315960e+00 1.156798e+01 -1.262130e+01
         vertex 1.315960e+00 9.677761e+00 -1.461070e+01
      endloop
   endfacet
   facet normal 3.248720e-01 6.856243e-01 -6.514427e-01
      outer loop
         vertex 1.315960e+00 9.677761e+00 -1.461070e+01
         vertex 1.315960e+00 1.156798e+01 -1.262130e+01
         vertex 1.381994e+00 1.155262e+01 -1.260454e+01
      endloop
   endfacet
   facet normal 2.582738e-01 7.015683e-01 -6.641510e-01
      outer loop
         vertex 1.315960e+00 9.677761e+00 -1.461070e+01
         vertex 1.381994e+00 1.155262e+01 -1.260454e+01
         vertex 1.652704e+00 9.608216e+00 -1.455321e+01
      endloop
   endfacet
   facet normal 2.413701e-01 7.035124e-01 -6.684391e-01
      outer loop
         vertex 1.652704e+00 9.608216e+00 -1.455321e+01
         vertex 1.381994e+00 1.155262e+01 -1.260454e+01
         vertex 1.652704e+00 1.150702e+01 -1.255478e+01
      endloop
   endfacet
   facet normal 1.646498e-01 7.150528e-01 -6.794041e-01
      outer loop
         vertex 1.652704e+00 9.608216e+00 -1.455321e+01
         vertex 1.652704e+00 1.150702e+01 -1.255478e+01
         vertex 1.687146e+00 1.150312e+01 -1.255053e+01
      endloop
   endfacet
   facet normal 8.702459e-02 8.177514e-01 -5.689546e-01
      outer loop
         vertex 2.000000e+00 7.976855e+00 -1.677815e+01
         vertex 1.652704e+00 8.002717e+00 -1.679410e+01
         vertex 2.000000e+00 9.238643e+00 -1.496460e+01
      endloop
   endfacet
   facet normal 1.725368e-01 8.007064e-01 -5.736727e-01
      outer loop
         vertex 2.000000e+00 9.238643e+00 -1.496460e+01
         vertex 1.652704e+00 8.002717e+00 -1.679410e+01
         vertex 1.652704e+00 9.608216e+00 -1.455321e+01
      endloop
   endfacet
   facet normal 8.714673e-02 7.765221e-01 -6.240343e-01
      outer loop
         vertex 2.000000e+00 9.238643e+00 -1.496460e+01
         vertex 1.652704e+00 9.608216e+00 -1.455321e+01
         vertex 2.000000e+00 9.584797e+00 -1.453386e+01
      endloop
   endfacet
   facet normal 8.695457e-02 7.228833e-01 -6.854770e-01
      outer loop
         vertex 2.000000e+00 9.584797e+00 -1.453386e+01
         vertex 1.652704e+00 9.608216e+00 -1.455321e+01
         vertex 1.687146e+00 1.150312e+01 -1.255053e+01
      endloop
   endfacet
   facet normal 7.827030e-02 7.227228e-01 -6.866917e-01
      outer loop
         vertex 2.000000e+00 9.584797e+00 -1.453386e+01
         vertex 1.687146e+00 1.150312e+01 -1.255053e+01
         vertex 2.000000e+00 1.148649e+01 -1.253238e+01
      endloop
   endfacet
   facet normal 8.715544e-02 9.961947e-01 0.000000e+00
      outer loop
         vertex 2.000000e+00 5.000000e+00 -2.727636e+01
         vertex 2.000000e+00 5.000000e+00 -2.012236e+02
         vertex 1.652704e+00 5.030384e+00 -2.727636e+01
      endloop
   endfacet
   facet normal 8.715544e-02 9.961947e-01 0.000000e+00
      outer loop
         vertex 1.652704e+00 5.030384e+00 -2.727636e+01
         vertex 2.000000e+00 5.000000e+00 -2.012236e+02
         vertex 1.652704e+00 5.030384e+00 -2.012236e+02
      endloop
   endfacet
   facet normal 2.588191e-01 9.659258e-01 0.000000e+00
      outer loop
         vertex 1.652704e+00 5.030384e+00 -2.727636e+01
         vertex 1.652704e+00 5.030384e+00 -2.012236e+02
         vertex 1.315960e+00 5.120615e+00 -2.727636e+01
      endloop
   endfacet
   facet normal 2.588191e-01 9.659258e-01 0.000000e+00
      outer loop
         vertex 1.315960e+00 5.120615e+00 -2.727636e+01
         vertex 1.652704e+00 5.030384e+00 -2.012236e+02
         vertex 1.315960e+00 5.120615e+00 -2.012236e+02
      endloop
   endfacet
   facet normal 4.226191e-01 9.063074e-01 0.000000e+00
      outer loop
         vertex 1.315960e+00 5.120615e+00 -2.727636e+01
         vertex 1.315960e+00 5.120615e+00 -2.012236e+02
         vertex 1.000000e+00 5.267949e+00 -2.727636e+01
      endloop
   endfacet
   facet normal 4.226191e-01 9.063074e-01 0.000000e+00
      outer loop
         vertex 1.000000e+00 5.267949e+00 -2.727636e+01
         vertex 1.315960e+00 5.120615e+00 -2.012236e+02
         vertex 1.000000e+00 5.267949e+00 -2.012236e+02
      endloop
   endfacet
   facet normal 5.735764e-01 8.191521e-01 0.000000e+00
      outer loop
         vertex 1.000000e+00 5.267949e+00 -2.727636e+01
         vertex 1.000000e+00 5.267949e+00 -2.012236e+02
         vertex 7.144248e-01 5.467911e+00 -2.727636e+01
      endloop
   endfacet
   facet normal 5.735764e-01 8.191521e-01 0.000000e+00
      outer loop
         vertex 7.144248e-01 5.467911e+00 -2.727636e+01
         vertex 1.000000e+00 5.267949e+00 -2.012236e+02
         vertex 7.144248e-01 5.467911e+00 -2.012236e+02
      endloop
   endfacet
   facet normal 7.071067e-01 7.071068e-01 0.000000e+00
      outer loop
         vertex 7.144248e-01 5.467911e+00 -2.727636e+01
         vertex 7.144248e-01 5.467911e+00 -2.012236e+02
         vertex 4.679111e-01 5.714425e+00 -2.727636e+01
      endloop
   endfacet
   facet normal 7.071067e-01 7.071068e-01 0.000000e+00
      outer loop
         vertex 4.679111e-01 5.714425e+00 -2.727636e+01
         vertex 7.144248e-01 5.467911e+00 -2.012236e+02
         vertex 4.679111e-01 5.714425e+00 -2.012236e+02
      endloop
   endfacet
   facet normal 8.191520e-01 5.735765e-01 0.000000e+00
      outer loop
         vertex 4.679111e-01 5.714425e+00 -2.727636e+01
         vertex 4.679111e-01 5.714425e+00 -2.012236e+02
         vertex 2.679492e-01 6.000000e+00 -2.727636e+01
      endloop
   endfacet
   facet normal 8.191520e-01 5.735765e-01 0.000000e+00
      outer loop
         vertex 2.679492e-01 6.000000e+00 -2.727636e+01
         vertex 4.679111e-01 5.714425e+00 -2.012236e+02
         vertex 2.679492e-01 6.000000e+00 -2.012236e+02
      endloop
   endfacet
   facet normal 9.063077e-01 4.226184e-01 0.000000e+00
      outer loop
         vertex 2.679492e-01 6.000000e+00 -2.727636e+01
         vertex 2.679492e-01 6.000000e+00 -2.012236e+02
         vertex 1.206148e-01 6.315960e+00 -2.727636e+01
      endloop
   endfacet
   facet normal 9.063077e-01 4.226184e-01 0.000000e+00
      outer loop
         vertex 1.206148e-01 6.315960e+00 -2.727636e+01
         vertex 2.679492e-01 6.000000e+00 -2.012236e+02
         vertex 1.206148e-01 6.315960e+00 -2.012236e+02
      endloop
   endfacet
   facet normal 9.659258e-01 2.588191e-01 0.000000e+00
      outer loop
         vertex 1.206148e-01 6.315960e+00 -2.727636e+01
         vertex 1.206148e-01 6.315960e+00 -2.012236e+02
         vertex 3.038449e-02 6.652704e+00 -2.727636e+01
      endloop
   endfacet
   facet normal 9.659258e-01 2.588191e-01 0.000000e+00
      outer loop
         vertex 3.038449e-02 6.652704e+00 -2.727636e+01
         vertex 1.206148e-01 6.315960e+00 -2.012236e+02
         vertex 3.038449e-02 6.652704e+00 -2.012236e+02
      endloop
   endfacet
   facet normal 9.961947e-01 8.715565e-02 0.000000e+00
      outer loop
         vertex 3.038449e-02 6.652704e+00 -2.727636e+01
         vertex 3.038449e-02 6.652704e+00 -2.012236e+02
         vertex 1.734723e-15 7.000000e+00 -2.727636e+01
      endloop
   endfacet
   facet normal 9.961947e-01 8.715565e-02 5.960849e-17
      outer loop
         vertex 1.734723e-15 7.000000e+00 -2.727636e+01
         vertex 3.038449e-02 6.652704e+00 -2.012236e+02
         vertex 1.214306e-14 7.000000e+00 -2.012236e+02
      endloop
   endfacet
   facet normal 8.711548e-02 8.620451e-01 4.992887e-01
      outer loop
         vertex 2.000000e+00 7.422994e+00 -2.107656e+02
         vertex 2.000000e+00 7.976855e+00 -2.117219e+02
         vertex 1.652704e+00 8.002717e+00 -2.117059e+02
      endloop
   endfacet
   facet normal 9.961766e-01 8.715407e-02 6.029885e-03
      outer loop
         vertex 1.229485e-14 7.171502e+00 -2.037025e+02
         vertex 1.214306e-14 7.000000e+00 -2.012236e+02
         vertex 3.038449e-02 6.652704e+00 -2.012236e+02
      endloop
   endfacet
   facet normal 9.961766e-01 8.549300e-02 1.797470e-02
      outer loop
         vertex 1.244374e-14 7.682741e+00 -2.061341e+02
         vertex 1.229485e-14 7.171502e+00 -2.037025e+02
         vertex 3.038449e-02 6.827515e+00 -2.037503e+02
      endloop
   endfacet
   facet normal 9.961767e-01 8.220234e-02 2.957666e-02
      outer loop
         vertex 1.258691e-14 8.523974e+00 -2.084721e+02
         vertex 1.244374e-14 7.682741e+00 -2.061341e+02
         vertex 3.038449e-02 7.348617e+00 -2.062288e+02
      endloop
   endfacet
   facet normal 9.440276e-01 2.391350e-01 2.272144e-01
      outer loop
         vertex 1.206148e-01 1.237565e+01 -2.149975e+02
         vertex 1.026098e-01 1.241055e+01 -2.149594e+02
         vertex 1.206148e-01 1.059909e+01 -2.131277e+02
      endloop
   endfacet
   facet normal 9.620487e-01 1.986914e-01 1.870403e-01
      outer loop
         vertex 1.206148e-01 1.059909e+01 -2.131277e+02
         vertex 1.026098e-01 1.241055e+01 -2.149594e+02
         vertex 2.851456e-02 1.218453e+01 -2.143382e+02
      endloop
   endfacet
   facet normal 9.658274e-01 1.903843e-01 1.758725e-01
      outer loop
         vertex 1.206148e-01 1.059909e+01 -2.131277e+02
         vertex 2.851456e-02 1.218453e+01 -2.143382e+02
         vertex 3.038449e-02 1.085863e+01 -2.129132e+02
      endloop
   endfacet
   facet normal 9.957721e-01 6.789848e-02 6.186833e-02
      outer loop
         vertex 3.038449e-02 1.085863e+01 -2.129132e+02
         vertex 2.851456e-02 1.218453e+01 -2.143382e+02
         vertex 1.290106e-14 1.193255e+01 -2.136027e+02
      endloop
   endfacet
   facet normal 9.961905e-01 6.529722e-02 5.779865e-02
      outer loop
         vertex 3.038449e-02 1.085863e+01 -2.129132e+02
         vertex 1.290106e-14 1.193255e+01 -2.136027e+02
         vertex 1.284529e-14 1.112632e+01 -2.126919e+02
      endloop
   endfacet
   facet normal 9.167040e-01 2.896640e-01 2.752246e-01
      outer loop
         vertex 1.206148e-01 1.237565e+01 -2.149975e+02
         vertex 1.206148e-01 1.059909e+01 -2.131277e+02
         vertex 2.180342e-01 1.222427e+01 -2.151626e+02
      endloop
   endfacet
   facet normal 9.059809e-01 3.085637e-01 2.898054e-01
      outer loop
         vertex 2.180342e-01 1.222427e+01 -2.151626e+02
         vertex 1.206148e-01 1.059909e+01 -2.131277e+02
         vertex 2.679492e-01 1.035556e+01 -2.133290e+02
      endloop
   endfacet
   facet normal 8.783304e-01 3.465641e-01 3.292856e-01
      outer loop
         vertex 2.180342e-01 1.222427e+01 -2.151626e+02
         vertex 2.679492e-01 1.035556e+01 -2.133290e+02
         vertex 2.679492e-01 1.216216e+01 -2.152304e+02
      endloop
   endfacet
   facet normal 8.380564e-01 3.955195e-01 3.758002e-01
      outer loop
         vertex 2.679492e-01 1.216216e+01 -2.152304e+02
         vertex 2.679492e-01 1.035556e+01 -2.133290e+02
         vertex 3.820184e-01 1.204348e+01 -2.153599e+02
      endloop
   endfacet
   facet normal 8.185916e-01 4.182866e-01 3.936294e-01
      outer loop
         vertex 3.820184e-01 1.204348e+01 -2.153599e+02
         vertex 2.679492e-01 1.035556e+01 -2.133290e+02
         vertex 4.679111e-01 1.013545e+01 -2.135110e+02
      endloop
   endfacet
   facet normal 7.872925e-01 4.469881e-01 4.247024e-01
      outer loop
         vertex 3.820184e-01 1.204348e+01 -2.153599e+02
         vertex 4.679111e-01 1.013545e+01 -2.135110e+02
         vertex 4.679111e-01 1.196921e+01 -2.154409e+02
      endloop
   endfacet
   facet normal 7.364688e-01 4.904066e-01 4.659561e-01
      outer loop
         vertex 4.679111e-01 1.196921e+01 -2.154409e+02
         vertex 4.679111e-01 1.013545e+01 -2.135110e+02
         vertex 5.858390e-01 1.188225e+01 -2.155358e+02
      endloop
   endfacet
   facet normal 7.063555e-01 5.151101e-01 4.855136e-01
      outer loop
         vertex 5.858390e-01 1.188225e+01 -2.155358e+02
         vertex 4.679111e-01 1.013545e+01 -2.135110e+02
         vertex 7.144248e-01 9.945444e+00 -2.136680e+02
      endloop
   endfacet
   facet normal 6.747002e-01 5.350790e-01 5.083995e-01
      outer loop
         vertex 5.858390e-01 1.188225e+01 -2.155358e+02
         vertex 7.144248e-01 9.945444e+00 -2.136680e+02
         vertex 7.144248e-01 1.180264e+01 -2.156227e+02
      endloop
   endfacet
   facet normal 6.147078e-01 5.718071e-01 5.432963e-01
      outer loop
         vertex 7.144248e-01 1.180264e+01 -2.156227e+02
         vertex 7.144248e-01 9.945444e+00 -2.136680e+02
         vertex 8.244776e-01 1.174455e+01 -2.156861e+02
      endloop
   endfacet
   facet normal 5.727483e-01 5.961144e-01 5.626784e-01
      outer loop
         vertex 8.244776e-01 1.174455e+01 -2.156861e+02
         vertex 7.144248e-01 9.945444e+00 -2.136680e+02
         vertex 1.000000e+00 9.791321e+00 -2.137954e+02
      endloop
   endfacet
   facet normal 5.437127e-01 6.084271e-01 5.780943e-01
      outer loop
         vertex 8.244776e-01 1.174455e+01 -2.156861e+02
         vertex 1.000000e+00 9.791321e+00 -2.137954e+02
         vertex 1.000000e+00 1.166753e+01 -2.157701e+02
      endloop
   endfacet
   facet normal 4.217887e-01 7.370492e-01 5.280652e-01
      outer loop
         vertex 1.315960e+00 8.079518e+00 -2.116585e+02
         vertex 1.000000e+00 9.791321e+00 -2.137954e+02
         vertex 1.000000e+00 8.204922e+00 -2.115812e+02
      endloop
   endfacet
   facet normal 5.726621e-01 6.664063e-01 4.774524e-01
      outer loop
         vertex 1.000000e+00 8.204922e+00 -2.115812e+02
         vertex 1.000000e+00 9.791321e+00 -2.137954e+02
         vertex 7.144248e-01 9.945444e+00 -2.136680e+02
      endloop
   endfacet
   facet normal 5.726595e-01 6.664075e-01 4.774538e-01
      outer loop
         vertex 1.000000e+00 8.204922e+00 -2.115812e+02
         vertex 7.144248e-01 9.945444e+00 -2.136680e+02
         vertex 7.144248e-01 8.375121e+00 -2.114762e+02
      endloop
   endfacet
   facet normal 7.062605e-01 5.754921e-01 4.123166e-01
      outer loop
         vertex 7.144248e-01 8.375121e+00 -2.114762e+02
         vertex 7.144248e-01 9.945444e+00 -2.136680e+02
         vertex 4.679111e-01 1.013545e+01 -2.135110e+02
      endloop
   endfacet
   facet normal 7.062523e-01 5.754978e-01 4.123226e-01
      outer loop
         vertex 7.144248e-01 8.375121e+00 -2.114762e+02
         vertex 4.679111e-01 1.013545e+01 -2.135110e+02
         vertex 4.679111e-01 8.584943e+00 -2.113468e+02
      endloop
   endfacet
   facet normal 8.185054e-01 4.670076e-01 3.345934e-01
      outer loop
         vertex 4.679111e-01 8.584943e+00 -2.113468e+02
         vertex 4.679111e-01 1.013545e+01 -2.135110e+02
         vertex 2.679492e-01 1.035556e+01 -2.133290e+02
      endloop
   endfacet
   facet normal 8.185102e-01 4.670027e-01 3.345885e-01
      outer loop
         vertex 4.679111e-01 8.584943e+00 -2.113468e+02
         vertex 2.679492e-01 1.035556e+01 -2.133290e+02
         vertex 2.679492e-01 8.828012e+00 -2.111969e+02
      endloop
   endfacet
   facet normal 9.059190e-01 3.442220e-01 2.466211e-01
      outer loop
         vertex 2.679492e-01 8.828012e+00 -2.111969e+02
         vertex 2.679492e-01 1.035556e+01 -2.133290e+02
         vertex 1.206148e-01 1.059909e+01 -2.131277e+02
      endloop
   endfacet
   facet normal 9.059204e-01 3.442198e-01 2.466190e-01
      outer loop
         vertex 2.679492e-01 8.828012e+00 -2.111969e+02
         vertex 1.206148e-01 1.059909e+01 -2.131277e+02
         vertex 1.206148e-01 9.096944e+00 -2.110311e+02
      endloop
   endfacet
   facet normal 9.657708e-01 2.108631e-01 1.510745e-01
      outer loop
         vertex 1.206148e-01 9.096944e+00 -2.110311e+02
         vertex 1.206148e-01 1.059909e+01 -2.131277e+02
         vertex 3.038449e-02 1.085863e+01 -2.129132e+02
      endloop
   endfacet
   facet normal 9.657707e-01 2.108635e-01 1.510749e-01
      outer loop
         vertex 1.206148e-01 9.096944e+00 -2.110311e+02
         vertex 3.038449e-02 1.085863e+01 -2.129132e+02
         vertex 3.038449e-02 9.383566e+00 -2.108543e+02
      endloop
   endfacet
   facet normal 9.961767e-01 7.101538e-02 5.087956e-02
      outer loop
         vertex 3.038449e-02 9.383566e+00 -2.108543e+02
         vertex 3.038449e-02 1.085863e+01 -2.129132e+02
         vertex 1.284529e-14 1.112632e+01 -2.126919e+02
      endloop
   endfacet
   facet normal 9.961766e-01 7.101651e-02 5.088064e-02
      outer loop
         vertex 3.038449e-02 9.383566e+00 -2.108543e+02
         vertex 1.284529e-14 1.112632e+01 -2.126919e+02
         vertex 1.272161e-14 9.679169e+00 -2.106720e+02
      endloop
   endfacet
   facet normal 3.248885e-01 6.856188e-01 6.514402e-01
      outer loop
         vertex 1.381994e+00 1.155262e+01 -2.158955e+02
         vertex 1.315960e+00 1.156798e+01 -2.158787e+02
         vertex 1.315960e+00 9.677761e+00 -2.138893e+02
      endloop
   endfacet
   facet normal 3.979298e-01 6.650764e-01 6.319219e-01
      outer loop
         vertex 1.315960e+00 9.677761e+00 -2.138893e+02
         vertex 1.315960e+00 1.156798e+01 -2.158787e+02
         vertex 1.092059e+00 1.163376e+01 -2.158069e+02
      endloop
   endfacet
   facet normal 2.582533e-01 8.553238e-01 4.491397e-01
      outer loop
         vertex 1.652704e+00 6.721116e+00 -2.092653e+02
         vertex 1.315960e+00 8.079518e+00 -2.116585e+02
         vertex 1.315960e+00 6.803706e+00 -2.092289e+02
      endloop
   endfacet
   facet normal 4.217888e-01 8.027485e-01 4.215318e-01
      outer loop
         vertex 1.315960e+00 6.803706e+00 -2.092289e+02
         vertex 1.315960e+00 8.079518e+00 -2.116585e+02
         vertex 1.000000e+00 8.204922e+00 -2.115812e+02
      endloop
   endfacet
   facet normal 4.217805e-01 8.027514e-01 4.215346e-01
      outer loop
         vertex 1.315960e+00 6.803706e+00 -2.092289e+02
         vertex 1.000000e+00 8.204922e+00 -2.115812e+02
         vertex 1.000000e+00 6.938567e+00 -2.091696e+02
      endloop
   endfacet
   facet normal 5.726592e-01 7.258099e-01 3.811318e-01
      outer loop
         vertex 1.000000e+00 6.938567e+00 -2.091696e+02
         vertex 1.000000e+00 8.204922e+00 -2.115812e+02
         vertex 7.144248e-01 8.375121e+00 -2.114762e+02
      endloop
   endfacet
   facet normal 5.726592e-01 7.258099e-01 3.811317e-01
      outer loop
         vertex 1.000000e+00 6.938567e+00 -2.091696e+02
         vertex 7.144248e-01 8.375121e+00 -2.114762e+02
         vertex 7.144248e-01 7.121599e+00 -2.090891e+02
      endloop
   endfacet
   facet normal 7.062542e-01 6.267958e-01 3.291382e-01
      outer loop
         vertex 7.144248e-01 7.121599e+00 -2.090891e+02
         vertex 7.144248e-01 8.375121e+00 -2.114762e+02
         vertex 4.679111e-01 8.584943e+00 -2.113468e+02
      endloop
   endfacet
   facet normal 7.062637e-01 6.267883e-01 3.291323e-01
      outer loop
         vertex 7.144248e-01 7.121599e+00 -2.090891e+02
         vertex 4.679111e-01 8.584943e+00 -2.113468e+02
         vertex 4.679111e-01 7.347242e+00 -2.089898e+02
      endloop
   endfacet
   facet normal 8.185098e-01 5.086317e-01 2.670872e-01
      outer loop
         vertex 4.679111e-01 7.347242e+00 -2.089898e+02
         vertex 4.679111e-01 8.584943e+00 -2.113468e+02
         vertex 2.679492e-01 8.828012e+00 -2.111969e+02
      endloop
   endfacet
   facet normal 8.185044e-01 5.086379e-01 2.670918e-01
      outer loop
         vertex 4.679111e-01 7.347242e+00 -2.089898e+02
         vertex 2.679492e-01 8.828012e+00 -2.111969e+02
         vertex 2.679492e-01 7.608638e+00 -2.088748e+02
      endloop
   endfacet
   facet normal 9.059205e-01 3.749025e-01 1.968658e-01
      outer loop
         vertex 2.679492e-01 7.608638e+00 -2.088748e+02
         vertex 2.679492e-01 8.828012e+00 -2.111969e+02
         vertex 1.206148e-01 9.096944e+00 -2.110311e+02
      endloop
   endfacet
   facet normal 9.059222e-01 3.748996e-01 1.968636e-01
      outer loop
         vertex 2.679492e-01 7.608638e+00 -2.088748e+02
         vertex 1.206148e-01 9.096944e+00 -2.110311e+02
         vertex 1.206148e-01 7.897847e+00 -2.087476e+02
      endloop
   endfacet
   facet normal 9.657707e-01 2.296593e-01 1.205965e-01
      outer loop
         vertex 1.206148e-01 7.897847e+00 -2.087476e+02
         vertex 1.206148e-01 9.096944e+00 -2.110311e+02
         vertex 3.038449e-02 9.383566e+00 -2.108543e+02
      endloop
   endfacet
   facet normal 9.657706e-01 2.296597e-01 1.205967e-01
      outer loop
         vertex 1.206148e-01 7.897847e+00 -2.087476e+02
         vertex 3.038449e-02 9.383566e+00 -2.108543e+02
         vertex 3.038449e-02 8.206081e+00 -2.086120e+02
      endloop
   endfacet
   facet normal 9.961766e-01 7.734697e-02 4.061571e-02
      outer loop
         vertex 3.038449e-02 8.206081e+00 -2.086120e+02
         vertex 3.038449e-02 9.383566e+00 -2.108543e+02
         vertex 1.272161e-14 9.679169e+00 -2.106720e+02
      endloop
   endfacet
   facet normal 9.961767e-01 7.734615e-02 4.061512e-02
      outer loop
         vertex 3.038449e-02 8.206081e+00 -2.086120e+02
         vertex 1.272161e-14 9.679169e+00 -2.106720e+02
         vertex 1.258691e-14 8.523974e+00 -2.084721e+02
      endloop
   endfacet
   facet normal 2.413680e-01 7.035115e-01 6.684407e-01
      outer loop
         vertex 1.652704e+00 1.150702e+01 -2.159452e+02
         vertex 1.381994e+00 1.155262e+01 -2.158955e+02
         vertex 1.652704e+00 9.608216e+00 -2.139468e+02
      endloop
   endfacet
   facet normal 2.582738e-01 7.015672e-01 6.641521e-01
      outer loop
         vertex 1.652704e+00 9.608216e+00 -2.139468e+02
         vertex 1.381994e+00 1.155262e+01 -2.158955e+02
         vertex 1.315960e+00 9.677761e+00 -2.138893e+02
      endloop
   endfacet
   facet normal 2.582434e-01 7.853236e-01 5.626518e-01
      outer loop
         vertex 1.652704e+00 9.608216e+00 -2.139468e+02
         vertex 1.315960e+00 9.677761e+00 -2.138893e+02
         vertex 1.652704e+00 8.002717e+00 -2.117059e+02
      endloop
   endfacet
   facet normal 1.646140e-01 7.150559e-01 6.794096e-01
      outer loop
         vertex 1.652704e+00 1.150702e+01 -2.159452e+02
         vertex 1.652704e+00 9.608216e+00 -2.139468e+02
         vertex 1.687146e+00 1.150312e+01 -2.159495e+02
      endloop
   endfacet
   facet normal 8.695091e-02 7.228819e-01 6.854789e-01
      outer loop
         vertex 1.687146e+00 1.150312e+01 -2.159495e+02
         vertex 1.652704e+00 9.608216e+00 -2.139468e+02
         vertex 2.000000e+00 9.584797e+00 -2.139661e+02
      endloop
   endfacet
   facet normal 7.826828e-02 7.227215e-01 6.866933e-01
      outer loop
         vertex 1.687146e+00 1.150312e+01 -2.159495e+02
         vertex 2.000000e+00 9.584797e+00 -2.139661e+02
         vertex 2.000000e+00 1.148649e+01 -2.159676e+02
      endloop
   endfacet
   facet normal 8.694110e-02 8.098191e-01 5.802019e-01
      outer loop
         vertex 1.652704e+00 8.002717e+00 -2.117059e+02
         vertex 2.000000e+00 7.976855e+00 -2.117219e+02
         vertex 1.652704e+00 9.608216e+00 -2.139468e+02
      endloop
   endfacet
   facet normal 1.932776e-01 8.053867e-01 5.603535e-01
      outer loop
         vertex 1.652704e+00 9.608216e+00 -2.139468e+02
         vertex 2.000000e+00 7.976855e+00 -2.117219e+02
         vertex 2.000000e+00 9.238643e+00 -2.135354e+02
      endloop
   endfacet
   facet normal 8.714339e-02 7.765283e-01 6.240271e-01
      outer loop
         vertex 1.652704e+00 9.608216e+00 -2.139468e+02
         vertex 2.000000e+00 9.238643e+00 -2.135354e+02
         vertex 2.000000e+00 9.584797e+00 -2.139661e+02
      endloop
   endfacet
   facet normal 8.707945e-02 8.944524e-01 4.386025e-01
      outer loop
         vertex 2.000000e+00 6.693304e+00 -2.092775e+02
         vertex 2.000000e+00 7.422994e+00 -2.107656e+02
         vertex 1.652704e+00 6.721116e+00 -2.092653e+02
      endloop
   endfacet
   facet normal 2.140326e-01 8.648408e-01 4.541370e-01
      outer loop
         vertex 1.652704e+00 6.721116e+00 -2.092653e+02
         vertex 2.000000e+00 7.422994e+00 -2.107656e+02
         vertex 1.652704e+00 8.002717e+00 -2.117059e+02
      endloop
   endfacet
   facet normal 2.582540e-01 8.553237e-01 4.491395e-01
      outer loop
         vertex 1.652704e+00 6.721116e+00 -2.092653e+02
         vertex 1.652704e+00 8.002717e+00 -2.117059e+02
         vertex 1.315960e+00 8.079518e+00 -2.116585e+02
      endloop
   endfacet
   facet normal 2.582564e-01 7.853218e-01 5.626484e-01
      outer loop
         vertex 1.315960e+00 8.079518e+00 -2.116585e+02
         vertex 1.652704e+00 8.002717e+00 -2.117059e+02
         vertex 1.315960e+00 9.677761e+00 -2.138893e+02
      endloop
   endfacet
   facet normal 4.217999e-01 7.370458e-01 5.280608e-01
      outer loop
         vertex 1.315960e+00 8.079518e+00 -2.116585e+02
         vertex 1.315960e+00 9.677761e+00 -2.138893e+02
         vertex 1.000000e+00 9.791321e+00 -2.137954e+02
      endloop
   endfacet
   facet normal 4.218623e-01 6.588880e-01 6.228153e-01
      outer loop
         vertex 1.000000e+00 9.791321e+00 -2.137954e+02
         vertex 1.315960e+00 9.677761e+00 -2.138893e+02
         vertex 1.092059e+00 1.163376e+01 -2.158069e+02
      endloop
   endfacet
   facet normal 4.762858e-01 6.374388e-01 6.056596e-01
      outer loop
         vertex 1.000000e+00 9.791321e+00 -2.137954e+02
         vertex 1.092059e+00 1.163376e+01 -2.158069e+02
         vertex 1.000000e+00 1.166753e+01 -2.157701e+02
      endloop
   endfacet
   facet normal 8.711902e-02 9.505388e-01 2.981381e-01
      outer loop
         vertex 1.652704e+00 5.787833e+00 -2.066714e+02
         vertex 2.000000e+00 5.758601e+00 -2.066797e+02
         vertex 2.000000e+00 6.089326e+00 -2.077341e+02
      endloop
   endfacet
   facet normal 9.961767e-01 8.220264e-02 2.957681e-02
      outer loop
         vertex 1.258691e-14 8.523974e+00 -2.084721e+02
         vertex 3.038449e-02 7.348617e+00 -2.062288e+02
         vertex 3.038449e-02 8.206081e+00 -2.086120e+02
      endloop
   endfacet
   facet normal 9.657701e-01 2.440810e-01 8.782126e-02
      outer loop
         vertex 3.038449e-02 8.206081e+00 -2.086120e+02
         vertex 3.038449e-02 7.348617e+00 -2.062288e+02
         vertex 1.206148e-01 7.024646e+00 -2.063207e+02
      endloop
   endfacet
   facet normal 9.657707e-01 2.440790e-01 8.782019e-02
      outer loop
         vertex 3.038449e-02 8.206081e+00 -2.086120e+02
         vertex 1.206148e-01 7.024646e+00 -2.063207e+02
         vertex 1.206148e-01 7.897847e+00 -2.087476e+02
      endloop
   endfacet
   facet normal 9.059221e-01 3.984386e-01 1.433591e-01
      outer loop
         vertex 1.206148e-01 7.897847e+00 -2.087476e+02
         vertex 1.206148e-01 7.024646e+00 -2.063207e+02
         vertex 2.679492e-01 6.720670e+00 -2.064069e+02
      endloop
   endfacet
   facet normal 9.059218e-01 3.984392e-01 1.433594e-01
      outer loop
         vertex 1.206148e-01 7.897847e+00 -2.087476e+02
         vertex 2.679492e-01 6.720670e+00 -2.064069e+02
         vertex 2.679492e-01 7.608638e+00 -2.088748e+02
      endloop
   endfacet
   facet normal 8.185071e-01 5.405704e-01 1.944986e-01
      outer loop
         vertex 2.679492e-01 7.608638e+00 -2.088748e+02
         vertex 2.679492e-01 6.720670e+00 -2.064069e+02
         vertex 4.679111e-01 6.445927e+00 -2.064848e+02
      endloop
   endfacet
   facet normal 8.185053e-01 5.405727e-01 1.944999e-01
      outer loop
         vertex 2.679492e-01 7.608638e+00 -2.088748e+02
         vertex 4.679111e-01 6.445927e+00 -2.064848e+02
         vertex 4.679111e-01 7.347242e+00 -2.089898e+02
      endloop
   endfacet
   facet normal 7.062615e-01 6.661440e-01 2.396809e-01
      outer loop
         vertex 4.679111e-01 7.347242e+00 -2.089898e+02
         vertex 4.679111e-01 6.445927e+00 -2.064848e+02
         vertex 7.144248e-01 6.208764e+00 -2.065520e+02
      endloop
   endfacet
   facet normal 7.062633e-01 6.661424e-01 2.396799e-01
      outer loop
         vertex 4.679111e-01 7.347242e+00 -2.089898e+02
         vertex 7.144248e-01 6.208764e+00 -2.065520e+02
         vertex 7.144248e-01 7.121599e+00 -2.090891e+02
      endloop
   endfacet
   facet normal 5.726592e-01 7.713819e-01 2.775454e-01
      outer loop
         vertex 7.144248e-01 7.121599e+00 -2.090891e+02
         vertex 7.144248e-01 6.208764e+00 -2.065520e+02
         vertex 1.000000e+00 6.016387e+00 -2.066066e+02
      endloop
   endfacet
   facet normal 5.726586e-01 7.713822e-01 2.775456e-01
      outer loop
         vertex 7.144248e-01 7.121599e+00 -2.090891e+02
         vertex 1.000000e+00 6.016387e+00 -2.066066e+02
         vertex 1.000000e+00 6.938567e+00 -2.091696e+02
      endloop
   endfacet
   facet normal 4.217868e-01 8.531515e-01 3.069664e-01
      outer loop
         vertex 1.000000e+00 6.938567e+00 -2.091696e+02
         vertex 1.000000e+00 6.016387e+00 -2.066066e+02
         vertex 1.315960e+00 5.874640e+00 -2.066468e+02
      endloop
   endfacet
   facet normal 4.217833e-01 8.531529e-01 3.069675e-01
      outer loop
         vertex 1.000000e+00 6.938567e+00 -2.091696e+02
         vertex 1.315960e+00 5.874640e+00 -2.066468e+02
         vertex 1.315960e+00 6.803706e+00 -2.092289e+02
      endloop
   endfacet
   facet normal 2.582441e-01 9.090291e-01 3.270719e-01
      outer loop
         vertex 1.315960e+00 6.803706e+00 -2.092289e+02
         vertex 1.315960e+00 5.874640e+00 -2.066468e+02
         vertex 1.652704e+00 5.787833e+00 -2.066714e+02
      endloop
   endfacet
   facet normal 2.582503e-01 9.090278e-01 3.270706e-01
      outer loop
         vertex 1.315960e+00 6.803706e+00 -2.092289e+02
         vertex 1.652704e+00 5.787833e+00 -2.066714e+02
         vertex 1.652704e+00 6.721116e+00 -2.092653e+02
      endloop
   endfacet
   facet normal 2.140429e-01 9.191395e-01 3.307088e-01
      outer loop
         vertex 1.652704e+00 6.721116e+00 -2.092653e+02
         vertex 1.652704e+00 5.787833e+00 -2.066714e+02
         vertex 2.000000e+00 6.089326e+00 -2.077341e+02
      endloop
   endfacet
   facet normal 8.707985e-02 9.276966e-01 3.630374e-01
      outer loop
         vertex 1.652704e+00 6.721116e+00 -2.092653e+02
         vertex 2.000000e+00 6.089326e+00 -2.077341e+02
         vertex 2.000000e+00 6.693304e+00 -2.092775e+02
      endloop
   endfacet
   facet normal 8.714934e-02 9.847138e-01 1.508100e-01
      outer loop
         vertex 1.652704e+00 5.220653e+00 -2.039737e+02
         vertex 2.000000e+00 5.190558e+00 -2.039779e+02
         vertex 2.000000e+00 5.274212e+00 -2.045241e+02
      endloop
   endfacet
   facet normal 9.961767e-01 8.549266e-02 1.797457e-02
      outer loop
         vertex 1.244374e-14 7.682741e+00 -2.061341e+02
         vertex 3.038449e-02 6.827515e+00 -2.037503e+02
         vertex 3.038449e-02 7.348617e+00 -2.062288e+02
      endloop
   endfacet
   facet normal 9.657709e-01 2.538466e-01 5.337049e-02
      outer loop
         vertex 3.038449e-02 7.348617e+00 -2.062288e+02
         vertex 3.038449e-02 6.827515e+00 -2.037503e+02
         vertex 1.206148e-01 6.493979e+00 -2.037967e+02
      endloop
   endfacet
   facet normal 9.657705e-01 2.538483e-01 5.337109e-02
      outer loop
         vertex 3.038449e-02 7.348617e+00 -2.062288e+02
         vertex 1.206148e-01 6.493979e+00 -2.037967e+02
         vertex 1.206148e-01 7.024646e+00 -2.063207e+02
      endloop
   endfacet
   facet normal 9.059204e-01 4.143881e-01 8.712427e-02
      outer loop
         vertex 1.206148e-01 7.024646e+00 -2.063207e+02
         vertex 1.206148e-01 6.493979e+00 -2.037967e+02
         vertex 2.679492e-01 6.181030e+00 -2.038402e+02
      endloop
   endfacet
   facet normal 9.059215e-01 4.143860e-01 8.712348e-02
      outer loop
         vertex 1.206148e-01 7.024646e+00 -2.063207e+02
         vertex 2.679492e-01 6.181030e+00 -2.038402e+02
         vertex 2.679492e-01 6.720670e+00 -2.064069e+02
      endloop
   endfacet
   facet normal 8.185072e-01 5.622049e-01 1.182020e-01
      outer loop
         vertex 2.679492e-01 6.720670e+00 -2.064069e+02
         vertex 2.679492e-01 6.181030e+00 -2.038402e+02
         vertex 4.679111e-01 5.898176e+00 -2.038795e+02
      endloop
   endfacet
   facet normal 8.185074e-01 5.622045e-01 1.182019e-01
      outer loop
         vertex 2.679492e-01 6.720670e+00 -2.064069e+02
         vertex 4.679111e-01 5.898176e+00 -2.038795e+02
         vertex 4.679111e-01 6.445927e+00 -2.064848e+02
      endloop
   endfacet
   facet normal 7.062610e-01 6.928048e-01 1.456602e-01
      outer loop
         vertex 4.679111e-01 6.445927e+00 -2.064848e+02
         vertex 4.679111e-01 5.898176e+00 -2.038795e+02
         vertex 7.144248e-01 5.654011e+00 -2.039135e+02
      endloop
   endfacet
   facet normal 7.062616e-01 6.928043e-01 1.456600e-01
      outer loop
         vertex 4.679111e-01 6.445927e+00 -2.064848e+02
         vertex 7.144248e-01 5.654011e+00 -2.039135e+02
         vertex 7.144248e-01 6.208764e+00 -2.065520e+02
      endloop
   endfacet
   facet normal 5.726578e-01 8.022549e-01 1.686716e-01
      outer loop
         vertex 7.144248e-01 6.208764e+00 -2.065520e+02
         vertex 7.144248e-01 5.654011e+00 -2.039135e+02
         vertex 1.000000e+00 5.455954e+00 -2.039410e+02
      endloop
   endfacet
   facet normal 5.726584e-01 8.022545e-01 1.686715e-01
      outer loop
         vertex 7.144248e-01 6.208764e+00 -2.065520e+02
         vertex 1.000000e+00 5.455954e+00 -2.039410e+02
         vertex 1.000000e+00 6.016387e+00 -2.066066e+02
      endloop
   endfacet
   facet normal 4.217918e-01 8.872939e-01 1.865507e-01
      outer loop
         vertex 1.000000e+00 6.016387e+00 -2.066066e+02
         vertex 1.000000e+00 5.455954e+00 -2.039410e+02
         vertex 1.315960e+00 5.310024e+00 -2.039613e+02
      endloop
   endfacet
   facet normal 4.217883e-01 8.872954e-01 1.865515e-01
      outer loop
         vertex 1.000000e+00 6.016387e+00 -2.066066e+02
         vertex 1.315960e+00 5.310024e+00 -2.039613e+02
         vertex 1.315960e+00 5.874640e+00 -2.066468e+02
      endloop
   endfacet
   facet normal 2.582442e-01 9.454102e-01 1.987700e-01
      outer loop
         vertex 1.315960e+00 5.874640e+00 -2.066468e+02
         vertex 1.315960e+00 5.310024e+00 -2.039613e+02
         vertex 1.652704e+00 5.220653e+00 -2.039737e+02
      endloop
   endfacet
   facet normal 2.582435e-01 9.454104e-01 1.987701e-01
      outer loop
         vertex 1.315960e+00 5.874640e+00 -2.066468e+02
         vertex 1.652704e+00 5.220653e+00 -2.039737e+02
         vertex 1.652704e+00 5.787833e+00 -2.066714e+02
      endloop
   endfacet
   facet normal 1.725337e-01 9.639292e-01 2.026637e-01
      outer loop
         vertex 1.652704e+00 5.787833e+00 -2.066714e+02
         vertex 1.652704e+00 5.220653e+00 -2.039737e+02
         vertex 2.000000e+00 5.274212e+00 -2.045241e+02
      endloop
   endfacet
   facet normal 8.702089e-02 9.719677e-01 2.184172e-01
      outer loop
         vertex 1.652704e+00 5.787833e+00 -2.066714e+02
         vertex 2.000000e+00 5.274212e+00 -2.045241e+02
         vertex 2.000000e+00 5.758601e+00 -2.066797e+02
      endloop
   endfacet
   facet normal 9.961766e-01 8.715397e-02 6.029865e-03
      outer loop
         vertex 1.229485e-14 7.171502e+00 -2.037025e+02
         vertex 3.038449e-02 6.652704e+00 -2.012236e+02
         vertex 3.038449e-02 6.827515e+00 -2.037503e+02
      endloop
   endfacet
   facet normal 9.657710e-01 2.587776e-01 1.790388e-02
      outer loop
         vertex 3.038449e-02 6.827515e+00 -2.037503e+02
         vertex 3.038449e-02 6.652704e+00 -2.012236e+02
         vertex 1.206148e-01 6.315960e+00 -2.012236e+02
      endloop
   endfacet
   facet normal 9.657710e-01 2.587776e-01 1.790389e-02
      outer loop
         vertex 3.038449e-02 6.827515e+00 -2.037503e+02
         vertex 1.206148e-01 6.315960e+00 -2.012236e+02
         vertex 1.206148e-01 6.493979e+00 -2.037967e+02
      endloop
   endfacet
   facet normal 9.059205e-01 4.224379e-01 2.922694e-02
      outer loop
         vertex 1.206148e-01 6.493979e+00 -2.037967e+02
         vertex 1.206148e-01 6.315960e+00 -2.012236e+02
         vertex 2.679492e-01 6.000000e+00 -2.012236e+02
      endloop
   endfacet
   facet normal 9.059205e-01 4.224380e-01 2.922697e-02
      outer loop
         vertex 1.206148e-01 6.493979e+00 -2.037967e+02
         vertex 2.679492e-01 6.000000e+00 -2.012236e+02
         vertex 2.679492e-01 6.181030e+00 -2.038402e+02
      endloop
   endfacet
   facet normal 8.185078e-01 5.731254e-01 3.965249e-02
      outer loop
         vertex 2.679492e-01 6.181030e+00 -2.038402e+02
         vertex 2.679492e-01 6.000000e+00 -2.012236e+02
         vertex 4.679111e-01 5.714425e+00 -2.012236e+02
      endloop
   endfacet
   facet normal 8.185076e-01 5.731256e-01 3.965254e-02
      outer loop
         vertex 2.679492e-01 6.181030e+00 -2.038402e+02
         vertex 4.679111e-01 5.714425e+00 -2.012236e+02
         vertex 4.679111e-01 5.898176e+00 -2.038795e+02
      endloop
   endfacet
   facet normal 7.062621e-01 7.062621e-01 4.886379e-02
      outer loop
         vertex 4.679111e-01 5.898176e+00 -2.038795e+02
         vertex 4.679111e-01 5.714425e+00 -2.012236e+02
         vertex 7.144248e-01 5.467911e+00 -2.012236e+02
      endloop
   endfacet
   facet normal 7.062617e-01 7.062625e-01 4.886388e-02
      outer loop
         vertex 4.679111e-01 5.898176e+00 -2.038795e+02
         vertex 7.144248e-01 5.467911e+00 -2.012236e+02
         vertex 7.144248e-01 5.654011e+00 -2.039135e+02
      endloop
   endfacet
   facet normal 5.726574e-01 8.178397e-01 5.658353e-02
      outer loop
         vertex 7.144248e-01 5.654011e+00 -2.039135e+02
         vertex 7.144248e-01 5.467911e+00 -2.012236e+02
         vertex 1.000000e+00 5.267949e+00 -2.012236e+02
      endloop
   endfacet
   facet normal 5.726578e-01 8.178394e-01 5.658345e-02
      outer loop
         vertex 7.144248e-01 5.654011e+00 -2.039135e+02
         vertex 1.000000e+00 5.267949e+00 -2.012236e+02
         vertex 1.000000e+00 5.455954e+00 -2.039410e+02
      endloop
   endfacet
   facet normal 4.217907e-01 9.045309e-01 6.258133e-02
      outer loop
         vertex 1.000000e+00 5.455954e+00 -2.039410e+02
         vertex 1.000000e+00 5.267949e+00 -2.012236e+02
         vertex 1.315960e+00 5.120615e+00 -2.012236e+02
      endloop
   endfacet
   facet normal 4.217901e-01 9.045312e-01 6.258144e-02
      outer loop
         vertex 1.000000e+00 5.455954e+00 -2.039410e+02
         vertex 1.315960e+00 5.120615e+00 -2.012236e+02
         vertex 1.315960e+00 5.310024e+00 -2.039613e+02
      endloop
   endfacet
   facet normal 2.582430e-01 9.637760e-01 6.668039e-02
      outer loop
         vertex 1.315960e+00 5.310024e+00 -2.039613e+02
         vertex 1.315960e+00 5.120615e+00 -2.012236e+02
         vertex 1.652704e+00 5.030384e+00 -2.012236e+02
      endloop
   endfacet
   facet normal 2.582436e-01 9.637759e-01 6.668030e-02
      outer loop
         vertex 1.315960e+00 5.310024e+00 -2.039613e+02
         vertex 1.652704e+00 5.030384e+00 -2.012236e+02
         vertex 1.652704e+00 5.220653e+00 -2.039737e+02
      endloop
   endfacet
   facet normal 8.694917e-02 9.938370e-01 6.876012e-02
      outer loop
         vertex 1.652704e+00 5.220653e+00 -2.039737e+02
         vertex 1.652704e+00 5.030384e+00 -2.012236e+02
         vertex 2.000000e+00 5.000000e+00 -2.012236e+02
      endloop
   endfacet
   facet normal 8.695065e-02 9.938368e-01 6.875993e-02
      outer loop
         vertex 1.652704e+00 5.220653e+00 -2.039737e+02
         vertex 2.000000e+00 5.000000e+00 -2.012236e+02
         vertex 2.000000e+00 5.190558e+00 -2.039779e+02
      endloop
   endfacet
   facet normal 1.644796e-01 7.226668e-01 6.713413e-01
      outer loop
         vertex 1.652704e+00 1.150702e+01 -2.159452e+02
         vertex 1.687146e+00 1.150312e+01 -2.159495e+02
         vertex 1.687146e+00 1.336242e+01 -2.179509e+02
      endloop
   endfacet
   facet normal 9.438938e-01 2.015016e-01 2.616518e-01
      outer loop
         vertex 2.241248e-01 1.264929e+01 -2.155816e+02
         vertex 1.026098e-01 1.241055e+01 -2.149594e+02
         vertex 1.206148e-01 1.237565e+01 -2.149975e+02
      endloop
   endfacet
   facet normal 9.170408e-01 2.732232e-01 2.904914e-01
      outer loop
         vertex 1.206148e-01 1.237565e+01 -2.149975e+02
         vertex 2.180342e-01 1.222427e+01 -2.151626e+02
         vertex 2.241248e-01 1.264929e+01 -2.155816e+02
      endloop
   endfacet
   facet normal 8.787783e-01 3.285843e-01 3.460941e-01
      outer loop
         vertex 2.241248e-01 1.264929e+01 -2.155816e+02
         vertex 2.180342e-01 1.222427e+01 -2.151626e+02
         vertex 2.679492e-01 1.216216e+01 -2.152304e+02
      endloop
   endfacet
   facet normal 8.695741e-01 3.378682e-01 3.601194e-01
      outer loop
         vertex 2.241248e-01 1.264929e+01 -2.155816e+02
         vertex 2.679492e-01 1.216216e+01 -2.152304e+02
         vertex 3.871385e-01 1.290556e+01 -2.162157e+02
      endloop
   endfacet
   facet normal 8.385124e-01 3.813621e-01 3.891785e-01
      outer loop
         vertex 3.871385e-01 1.290556e+01 -2.162157e+02
         vertex 2.679492e-01 1.216216e+01 -2.152304e+02
         vertex 3.820184e-01 1.204348e+01 -2.153599e+02
      endloop
   endfacet
   facet normal 8.149266e-01 4.058673e-01 4.137225e-01
      outer loop
         vertex 3.871385e-01 1.290556e+01 -2.162157e+02
         vertex 3.820184e-01 1.204348e+01 -2.153599e+02
         vertex 4.825796e-01 1.303983e+01 -2.165354e+02
      endloop
   endfacet
   facet normal 7.877397e-01 4.350419e-01 4.361248e-01
      outer loop
         vertex 4.825796e-01 1.303983e+01 -2.165354e+02
         vertex 3.820184e-01 1.204348e+01 -2.153599e+02
         vertex 4.679111e-01 1.196921e+01 -2.154409e+02
      endloop
   endfacet
   facet normal 7.794869e-01 4.425402e-01 4.433491e-01
      outer loop
         vertex 4.825796e-01 1.303983e+01 -2.165354e+02
         vertex 4.679111e-01 1.196921e+01 -2.154409e+02
         vertex 5.905704e-01 1.318344e+01 -2.168686e+02
      endloop
   endfacet
   facet normal 3.949599e-01 7.404754e-01 5.437857e-01
      outer loop
         vertex 1.383775e+00 1.412789e+01 -2.188709e+02
         vertex 1.230418e+00 1.395201e+01 -2.185200e+02
         vertex 1.381994e+00 1.341992e+01 -2.179055e+02
      endloop
   endfacet
   facet normal 4.111054e-01 7.368653e-01 5.366767e-01
      outer loop
         vertex 1.381994e+00 1.341992e+01 -2.179055e+02
         vertex 1.230418e+00 1.395201e+01 -2.185200e+02
         vertex 1.138595e+00 1.384608e+01 -2.183042e+02
      endloop
   endfacet
   facet normal 3.825866e-01 7.382342e-01 5.555517e-01
      outer loop
         vertex 1.381994e+00 1.341992e+01 -2.179055e+02
         vertex 1.138595e+00 1.384608e+01 -2.183042e+02
         vertex 1.092059e+00 1.351418e+01 -2.178311e+02
      endloop
   endfacet
   facet normal 4.728272e-01 6.987993e-01 5.367626e-01
      outer loop
         vertex 1.092059e+00 1.351418e+01 -2.178311e+02
         vertex 1.138595e+00 1.384608e+01 -2.183042e+02
         vertex 1.093997e+00 1.379436e+01 -2.181976e+02
      endloop
   endfacet
   facet normal 4.974874e-01 6.878653e-01 5.285335e-01
      outer loop
         vertex 1.092059e+00 1.351418e+01 -2.178311e+02
         vertex 1.093997e+00 1.379436e+01 -2.181976e+02
         vertex 9.196006e-01 1.358962e+01 -2.177670e+02
      endloop
   endfacet
   facet normal 2.472599e-01 7.945396e-01 5.545894e-01
      outer loop
         vertex 1.991732e+00 1.483052e+01 -2.201900e+02
         vertex 1.835142e+00 1.464698e+01 -2.198572e+02
         vertex 1.687146e+00 1.336242e+01 -2.179509e+02
      endloop
   endfacet
   facet normal 2.736776e-01 7.876528e-01 5.519998e-01
      outer loop
         vertex 1.687146e+00 1.336242e+01 -2.179509e+02
         vertex 1.835142e+00 1.464698e+01 -2.198572e+02
         vertex 1.688544e+00 1.447730e+01 -2.195424e+02
      endloop
   endfacet
   facet normal 3.098090e-01 7.786099e-01 5.456969e-01
      outer loop
         vertex 1.687146e+00 1.336242e+01 -2.179509e+02
         vertex 1.688544e+00 1.447730e+01 -2.195424e+02
         vertex 1.383775e+00 1.412789e+01 -2.188709e+02
      endloop
   endfacet
   facet normal 1.888835e-01 8.165713e-01 5.454671e-01
      outer loop
         vertex 2.000000e+00 1.484029e+01 -2.202075e+02
         vertex 1.991732e+00 1.483052e+01 -2.201900e+02
         vertex 2.000000e+00 1.334310e+01 -2.179662e+02
      endloop
   endfacet
   facet normal 7.821747e-02 8.287969e-01 5.540557e-01
      outer loop
         vertex 2.000000e+00 1.334310e+01 -2.179662e+02
         vertex 1.991732e+00 1.483052e+01 -2.201900e+02
         vertex 1.687146e+00 1.336242e+01 -2.179509e+02
      endloop
   endfacet
   facet normal 7.821035e-02 7.304015e-01 6.785255e-01
      outer loop
         vertex 2.000000e+00 1.334310e+01 -2.179662e+02
         vertex 1.687146e+00 1.336242e+01 -2.179509e+02
         vertex 2.000000e+00 1.148649e+01 -2.159676e+02
      endloop
   endfacet
   facet normal 7.820288e-02 7.304013e-01 6.785265e-01
      outer loop
         vertex 2.000000e+00 1.148649e+01 -2.159676e+02
         vertex 1.687146e+00 1.336242e+01 -2.179509e+02
         vertex 1.687146e+00 1.150312e+01 -2.159495e+02
      endloop
   endfacet
   facet normal 2.332906e-01 7.839275e-01 5.753548e-01
      outer loop
         vertex 1.383775e+00 1.412789e+01 -2.188709e+02
         vertex 1.381994e+00 1.341992e+01 -2.179055e+02
         vertex 1.687146e+00 1.336242e+01 -2.179509e+02
      endloop
   endfacet
   facet normal 2.327143e-01 7.125305e-01 6.619248e-01
      outer loop
         vertex 1.687146e+00 1.336242e+01 -2.179509e+02
         vertex 1.381994e+00 1.341992e+01 -2.179055e+02
         vertex 1.381994e+00 1.155262e+01 -2.158955e+02
      endloop
   endfacet
   facet normal 2.411955e-01 7.103336e-01 6.612495e-01
      outer loop
         vertex 1.687146e+00 1.336242e+01 -2.179509e+02
         vertex 1.381994e+00 1.155262e+01 -2.158955e+02
         vertex 1.652704e+00 1.150702e+01 -2.159452e+02
      endloop
   endfacet
   facet normal 7.368044e-01 4.824728e-01 4.736446e-01
      outer loop
         vertex 4.679111e-01 1.196921e+01 -2.154409e+02
         vertex 5.858390e-01 1.188225e+01 -2.155358e+02
         vertex 5.905704e-01 1.318344e+01 -2.168686e+02
      endloop
   endfacet
   facet normal 6.750575e-01 5.267025e-01 5.166061e-01
      outer loop
         vertex 5.905704e-01 1.318344e+01 -2.168686e+02
         vertex 5.858390e-01 1.188225e+01 -2.155358e+02
         vertex 7.144248e-01 1.180264e+01 -2.156227e+02
      endloop
   endfacet
   facet normal 7.192692e-01 4.998701e-01 4.824745e-01
      outer loop
         vertex 5.905704e-01 1.318344e+01 -2.168686e+02
         vertex 7.144248e-01 1.180264e+01 -2.156227e+02
         vertex 8.326286e-01 1.348544e+01 -2.175424e+02
      endloop
   endfacet
   facet normal 6.145985e-01 5.740472e-01 5.410531e-01
      outer loop
         vertex 8.326286e-01 1.348544e+01 -2.175424e+02
         vertex 7.144248e-01 1.180264e+01 -2.156227e+02
         vertex 8.244776e-01 1.174455e+01 -2.156861e+02
      endloop
   endfacet
   facet normal 6.691958e-01 5.405532e-01 5.098815e-01
      outer loop
         vertex 8.326286e-01 1.348544e+01 -2.175424e+02
         vertex 8.244776e-01 1.174455e+01 -2.156861e+02
         vertex 9.196006e-01 1.358962e+01 -2.177670e+02
      endloop
   endfacet
   facet normal 5.433577e-01 6.156598e-01 5.707236e-01
      outer loop
         vertex 9.196006e-01 1.358962e+01 -2.177670e+02
         vertex 8.244776e-01 1.174455e+01 -2.156861e+02
         vertex 1.000000e+00 1.166753e+01 -2.157701e+02
      endloop
   endfacet
   facet normal 4.975686e-01 6.348767e-01 5.910643e-01
      outer loop
         vertex 9.196006e-01 1.358962e+01 -2.177670e+02
         vertex 1.000000e+00 1.166753e+01 -2.157701e+02
         vertex 1.092059e+00 1.351418e+01 -2.178311e+02
      endloop
   endfacet
   facet normal 4.759759e-01 6.443300e-01 5.985699e-01
      outer loop
         vertex 1.092059e+00 1.351418e+01 -2.178311e+02
         vertex 1.000000e+00 1.166753e+01 -2.157701e+02
         vertex 1.092059e+00 1.163376e+01 -2.158069e+02
      endloop
   endfacet
   facet normal 3.816215e-01 6.771966e-01 6.291023e-01
      outer loop
         vertex 1.092059e+00 1.351418e+01 -2.178311e+02
         vertex 1.092059e+00 1.163376e+01 -2.158069e+02
         vertex 1.381994e+00 1.341992e+01 -2.179055e+02
      endloop
   endfacet
   facet normal 3.977058e-01 6.708546e-01 6.259267e-01
      outer loop
         vertex 1.381994e+00 1.341992e+01 -2.179055e+02
         vertex 1.092059e+00 1.163376e+01 -2.158069e+02
         vertex 1.315960e+00 1.156798e+01 -2.158787e+02
      endloop
   endfacet
   facet normal 3.246438e-01 6.929624e-01 6.437465e-01
      outer loop
         vertex 1.381994e+00 1.341992e+01 -2.179055e+02
         vertex 1.315960e+00 1.156798e+01 -2.158787e+02
         vertex 1.381994e+00 1.155262e+01 -2.158955e+02
      endloop
   endfacet
   facet normal 9.224107e-01 -2.637473e-01 2.821275e-01
      outer loop
         vertex 2.275989e-01 -1.265529e+01 -2.155969e+02
         vertex 2.180342e-01 -1.222427e+01 -2.151626e+02
         vertex 1.026098e-01 -1.241055e+01 -2.149594e+02
      endloop
   endfacet
   facet normal 4.974520e-01 -6.878199e-01 5.286259e-01
      outer loop
         vertex 1.095692e+00 -1.379632e+01 -2.182016e+02
         vertex 1.092059e+00 -1.351418e+01 -2.178311e+02
         vertex 9.199113e-01 -1.358999e+01 -2.177677e+02
      endloop
   endfacet
   facet normal 1.888835e-01 -8.165713e-01 5.454671e-01
      outer loop
         vertex 1.991732e+00 -1.483052e+01 -2.201900e+02
         vertex 2.000000e+00 -1.484029e+01 -2.202075e+02
         vertex 2.000000e+00 -1.334310e+01 -2.179662e+02
      endloop
   endfacet
   facet normal 3.552577e-01 -7.534689e-01 5.532418e-01
      outer loop
         vertex 1.381994e+00 -1.341992e+01 -2.179055e+02
         vertex 1.383775e+00 -1.412789e+01 -2.188709e+02
         vertex 1.688544e+00 -1.447730e+01 -2.195424e+02
      endloop
   endfacet
   facet normal 3.826411e-01 -7.332419e-01 5.620873e-01
      outer loop
         vertex 1.092059e+00 -1.351418e+01 -2.178311e+02
         vertex 1.095692e+00 -1.379632e+01 -2.182016e+02
         vertex 1.381994e+00 -1.341992e+01 -2.179055e+02
      endloop
   endfacet
   facet normal 4.141679e-01 -7.361500e-01 5.353019e-01
      outer loop
         vertex 1.381994e+00 -1.341992e+01 -2.179055e+02
         vertex 1.095692e+00 -1.379632e+01 -2.182016e+02
         vertex 1.230418e+00 -1.395201e+01 -2.185200e+02
      endloop
   endfacet
   facet normal 3.949599e-01 -7.404754e-01 5.437857e-01
      outer loop
         vertex 1.381994e+00 -1.341992e+01 -2.179055e+02
         vertex 1.230418e+00 -1.395201e+01 -2.185200e+02
         vertex 1.383775e+00 -1.412789e+01 -2.188709e+02
      endloop
   endfacet
   facet normal 8.585386e-01 -3.586309e-01 3.664632e-01
      outer loop
         vertex 3.877197e-01 -1.290640e+01 -2.162177e+02
         vertex 3.820184e-01 -1.204348e+01 -2.153599e+02
         vertex 2.275989e-01 -1.265529e+01 -2.155969e+02
      endloop
   endfacet
   facet normal 8.386504e-01 -3.674095e-01 4.020892e-01
      outer loop
         vertex 2.275989e-01 -1.265529e+01 -2.155969e+02
         vertex 3.820184e-01 -1.204348e+01 -2.153599e+02
         vertex 2.679492e-01 -1.216216e+01 -2.152304e+02
      endloop
   endfacet
   facet normal 8.787752e-01 -3.288803e-01 3.458205e-01
      outer loop
         vertex 2.275989e-01 -1.265529e+01 -2.155969e+02
         vertex 2.679492e-01 -1.216216e+01 -2.152304e+02
         vertex 2.180342e-01 -1.222427e+01 -2.151626e+02
      endloop
   endfacet
   facet normal 1.644796e-01 -7.226668e-01 6.713413e-01
      outer loop
         vertex 1.652704e+00 -1.150702e+01 -2.159452e+02
         vertex 1.687146e+00 -1.336242e+01 -2.179509e+02
         vertex 1.687146e+00 -1.150312e+01 -2.159495e+02
      endloop
   endfacet
   facet normal 7.821034e-02 -7.304009e-01 6.785261e-01
      outer loop
         vertex 1.687146e+00 -1.150312e+01 -2.159495e+02
         vertex 1.687146e+00 -1.336242e+01 -2.179509e+02
         vertex 2.000000e+00 -1.334310e+01 -2.179662e+02
      endloop
   endfacet
   facet normal 7.820288e-02 -7.304019e-01 6.785259e-01
      outer loop
         vertex 1.687146e+00 -1.150312e+01 -2.159495e+02
         vertex 2.000000e+00 -1.334310e+01 -2.179662e+02
         vertex 2.000000e+00 -1.148649e+01 -2.159676e+02
      endloop
   endfacet
   facet normal 2.326980e-01 -7.119279e-01 6.625785e-01
      outer loop
         vertex 1.652704e+00 -1.150702e+01 -2.159452e+02
         vertex 1.381994e+00 -1.341992e+01 -2.179055e+02
         vertex 1.687146e+00 -1.336242e+01 -2.179509e+02
      endloop
   endfacet
   facet normal 2.330681e-01 -7.963832e-01 5.580798e-01
      outer loop
         vertex 1.687146e+00 -1.336242e+01 -2.179509e+02
         vertex 1.381994e+00 -1.341992e+01 -2.179055e+02
         vertex 1.688544e+00 -1.447730e+01 -2.195424e+02
      endloop
   endfacet
   facet normal 7.833352e-02 -8.164862e-01 5.720263e-01
      outer loop
         vertex 1.687146e+00 -1.336242e+01 -2.179509e+02
         vertex 1.688544e+00 -1.447730e+01 -2.195424e+02
         vertex 2.000000e+00 -1.334310e+01 -2.179662e+02
      endloop
   endfacet
   facet normal 2.209752e-01 -8.118181e-01 5.404825e-01
      outer loop
         vertex 2.000000e+00 -1.334310e+01 -2.179662e+02
         vertex 1.688544e+00 -1.447730e+01 -2.195424e+02
         vertex 1.835142e+00 -1.464698e+01 -2.198572e+02
      endloop
   endfacet
   facet normal 2.014402e-01 -8.145159e-01 5.440457e-01
      outer loop
         vertex 2.000000e+00 -1.334310e+01 -2.179662e+02
         vertex 1.835142e+00 -1.464698e+01 -2.198572e+02
         vertex 1.991732e+00 -1.483052e+01 -2.201900e+02
      endloop
   endfacet
   facet normal 2.411768e-01 -7.110183e-01 6.605200e-01
      outer loop
         vertex 1.652704e+00 -1.150702e+01 -2.159452e+02
         vertex 1.381994e+00 -1.155262e+01 -2.158955e+02
         vertex 1.381994e+00 -1.341992e+01 -2.179055e+02
      endloop
   endfacet
   facet normal 3.246438e-01 -6.929624e-01 6.437465e-01
      outer loop
         vertex 1.381994e+00 -1.341992e+01 -2.179055e+02
         vertex 1.381994e+00 -1.155262e+01 -2.158955e+02
         vertex 1.315960e+00 -1.156798e+01 -2.158787e+02
      endloop
   endfacet
   facet normal 3.815772e-01 -6.761572e-01 6.302462e-01
      outer loop
         vertex 1.381994e+00 -1.341992e+01 -2.179055e+02
         vertex 1.315960e+00 -1.156798e+01 -2.158787e+02
         vertex 1.092059e+00 -1.351418e+01 -2.178311e+02
      endloop
   endfacet
   facet normal 3.976482e-01 -6.722288e-01 6.244873e-01
      outer loop
         vertex 1.092059e+00 -1.351418e+01 -2.178311e+02
         vertex 1.315960e+00 -1.156798e+01 -2.158787e+02
         vertex 1.092059e+00 -1.163376e+01 -2.158069e+02
      endloop
   endfacet
   facet normal 4.972513e-01 -6.356468e-01 5.905034e-01
      outer loop
         vertex 1.092059e+00 -1.351418e+01 -2.178311e+02
         vertex 1.092059e+00 -1.163376e+01 -2.158069e+02
         vertex 9.199113e-01 -1.358999e+01 -2.177677e+02
      endloop
   endfacet
   facet normal 4.760338e-01 -6.431209e-01 5.998227e-01
      outer loop
         vertex 9.199113e-01 -1.358999e+01 -2.177677e+02
         vertex 1.092059e+00 -1.163376e+01 -2.158069e+02
         vertex 1.000000e+00 -1.166753e+01 -2.157701e+02
      endloop
   endfacet
   facet normal 6.525098e-01 -5.589130e-01 5.117101e-01
      outer loop
         vertex 9.199113e-01 -1.358999e+01 -2.177677e+02
         vertex 1.000000e+00 -1.166753e+01 -2.157701e+02
         vertex 8.291854e-01 -1.348128e+01 -2.175333e+02
      endloop
   endfacet
   facet normal 5.436016e-01 -6.108275e-01 5.756622e-01
      outer loop
         vertex 8.291854e-01 -1.348128e+01 -2.175333e+02
         vertex 1.000000e+00 -1.166753e+01 -2.157701e+02
         vertex 8.244776e-01 -1.174455e+01 -2.156861e+02
      endloop
   endfacet
   facet normal 7.009451e-01 -5.187340e-01 4.894804e-01
      outer loop
         vertex 8.291854e-01 -1.348128e+01 -2.175333e+02
         vertex 8.244776e-01 -1.174455e+01 -2.156861e+02
         vertex 6.480362e-01 -1.325721e+01 -2.170365e+02
      endloop
   endfacet
   facet normal 6.150455e-01 -5.638185e-01 5.512057e-01
      outer loop
         vertex 6.480362e-01 -1.325721e+01 -2.170365e+02
         vertex 8.244776e-01 -1.174455e+01 -2.156861e+02
         vertex 7.144248e-01 -1.180264e+01 -2.156227e+02
      endloop
   endfacet
   facet normal 7.380691e-01 -4.872905e-01 4.666926e-01
      outer loop
         vertex 6.480362e-01 -1.325721e+01 -2.170365e+02
         vertex 7.144248e-01 -1.180264e+01 -2.156227e+02
         vertex 5.886730e-01 -1.318098e+01 -2.168630e+02
      endloop
   endfacet
   facet normal 6.750624e-01 -5.265714e-01 5.167334e-01
      outer loop
         vertex 5.886730e-01 -1.318098e+01 -2.168630e+02
         vertex 7.144248e-01 -1.180264e+01 -2.156227e+02
         vertex 5.858390e-01 -1.188225e+01 -2.155358e+02
      endloop
   endfacet
   facet normal 7.869725e-01 -4.401330e-01 4.323855e-01
      outer loop
         vertex 5.886730e-01 -1.318098e+01 -2.168630e+02
         vertex 5.858390e-01 -1.188225e+01 -2.155358e+02
         vertex 3.877197e-01 -1.290640e+01 -2.162177e+02
      endloop
   endfacet
   facet normal 7.371909e-01 -4.674571e-01 4.878867e-01
      outer loop
         vertex 3.877197e-01 -1.290640e+01 -2.162177e+02
         vertex 5.858390e-01 -1.188225e+01 -2.155358e+02
         vertex 4.679111e-01 -1.196921e+01 -2.154409e+02
      endloop
   endfacet
   facet normal 7.878283e-01 -4.315886e-01 4.393835e-01
      outer loop
         vertex 3.877197e-01 -1.290640e+01 -2.162177e+02
         vertex 4.679111e-01 -1.196921e+01 -2.154409e+02
         vertex 3.820184e-01 -1.204348e+01 -2.153599e+02
      endloop
   endfacet
   facet normal 8.711902e-02 -9.505388e-01 2.981381e-01
      outer loop
         vertex 2.000000e+00 -6.089326e+00 -2.077341e+02
         vertex 2.000000e+00 -5.758601e+00 -2.066797e+02
         vertex 1.652704e+00 -5.787833e+00 -2.066714e+02
      endloop
   endfacet
   facet normal 9.961767e-01 -7.101524e-02 5.087973e-02
      outer loop
         vertex 1.272161e-14 -9.679169e+00 -2.106720e+02
         vertex 1.284529e-14 -1.112632e+01 -2.126919e+02
         vertex 3.038449e-02 -1.085863e+01 -2.129132e+02
      endloop
   endfacet
   facet normal 9.961766e-01 -7.734704e-02 4.061559e-02
      outer loop
         vertex 1.258691e-14 -8.523974e+00 -2.084721e+02
         vertex 1.272161e-14 -9.679169e+00 -2.106720e+02
         vertex 3.038449e-02 -9.383566e+00 -2.108543e+02
      endloop
   endfacet
   facet normal 9.954774e-01 -7.113445e-02 6.296555e-02
      outer loop
         vertex 1.284529e-14 -1.112632e+01 -2.126919e+02
         vertex 1.290106e-14 -1.193255e+01 -2.136027e+02
         vertex 2.851456e-02 -1.218453e+01 -2.143382e+02
      endloop
   endfacet
   facet normal 9.961863e-01 -6.452650e-02 5.873039e-02
      outer loop
         vertex 1.284529e-14 -1.112632e+01 -2.126919e+02
         vertex 2.851456e-02 -1.218453e+01 -2.143382e+02
         vertex 3.038449e-02 -1.085863e+01 -2.129132e+02
      endloop
   endfacet
   facet normal 9.604773e-01 -2.044172e-01 1.889362e-01
      outer loop
         vertex 3.038449e-02 -1.085863e+01 -2.129132e+02
         vertex 2.851456e-02 -1.218453e+01 -2.143382e+02
         vertex 1.026098e-01 -1.241055e+01 -2.149594e+02
      endloop
   endfacet
   facet normal 9.657967e-01 -1.890524e-01 1.774709e-01
      outer loop
         vertex 3.038449e-02 -1.085863e+01 -2.129132e+02
         vertex 1.026098e-01 -1.241055e+01 -2.149594e+02
         vertex 1.206148e-01 -1.059909e+01 -2.131277e+02
      endloop
   endfacet
   facet normal 9.221195e-01 -2.795919e-01 2.674398e-01
      outer loop
         vertex 1.206148e-01 -1.059909e+01 -2.131277e+02
         vertex 1.026098e-01 -1.241055e+01 -2.149594e+02
         vertex 2.180342e-01 -1.222427e+01 -2.151626e+02
      endloop
   endfacet
   facet normal 9.059809e-01 -3.085637e-01 2.898054e-01
      outer loop
         vertex 1.206148e-01 -1.059909e+01 -2.131277e+02
         vertex 2.180342e-01 -1.222427e+01 -2.151626e+02
         vertex 2.679492e-01 -1.035556e+01 -2.133290e+02
      endloop
   endfacet
   facet normal 8.783304e-01 -3.465641e-01 3.292856e-01
      outer loop
         vertex 2.180342e-01 -1.222427e+01 -2.151626e+02
         vertex 2.679492e-01 -1.216216e+01 -2.152304e+02
         vertex 2.679492e-01 -1.035556e+01 -2.133290e+02
      endloop
   endfacet
   facet normal 8.380564e-01 -3.955195e-01 3.758002e-01
      outer loop
         vertex 2.679492e-01 -1.035556e+01 -2.133290e+02
         vertex 2.679492e-01 -1.216216e+01 -2.152304e+02
         vertex 3.820184e-01 -1.204348e+01 -2.153599e+02
      endloop
   endfacet
   facet normal 8.185916e-01 -4.182866e-01 3.936294e-01
      outer loop
         vertex 2.679492e-01 -1.035556e+01 -2.133290e+02
         vertex 3.820184e-01 -1.204348e+01 -2.153599e+02
         vertex 4.679111e-01 -1.013545e+01 -2.135110e+02
      endloop
   endfacet
   facet normal 5.726578e-01 -8.178394e-01 5.658351e-02
      outer loop
         vertex 1.000000e+00 -5.455954e+00 -2.039410e+02
         vertex 7.144248e-01 -5.467911e+00 -2.012236e+02
         vertex 7.144248e-01 -5.654011e+00 -2.039135e+02
      endloop
   endfacet
   facet normal 7.062621e-01 -7.062621e-01 4.886386e-02
      outer loop
         vertex 7.144248e-01 -5.654011e+00 -2.039135e+02
         vertex 7.144248e-01 -5.467911e+00 -2.012236e+02
         vertex 4.679111e-01 -5.714425e+00 -2.012236e+02
      endloop
   endfacet
   facet normal 7.062617e-01 -7.062625e-01 4.886381e-02
      outer loop
         vertex 7.144248e-01 -5.654011e+00 -2.039135e+02
         vertex 4.679111e-01 -5.714425e+00 -2.012236e+02
         vertex 4.679111e-01 -5.898176e+00 -2.038795e+02
      endloop
   endfacet
   facet normal 8.185078e-01 -5.731254e-01 3.965252e-02
      outer loop
         vertex 4.679111e-01 -5.898176e+00 -2.038795e+02
         vertex 4.679111e-01 -5.714425e+00 -2.012236e+02
         vertex 2.679492e-01 -6.000000e+00 -2.012236e+02
      endloop
   endfacet
   facet normal 8.185076e-01 -5.731256e-01 3.965250e-02
      outer loop
         vertex 4.679111e-01 -5.898176e+00 -2.038795e+02
         vertex 2.679492e-01 -6.000000e+00 -2.012236e+02
         vertex 2.679492e-01 -6.181030e+00 -2.038402e+02
      endloop
   endfacet
   facet normal 9.059205e-01 -4.224379e-01 2.922696e-02
      outer loop
         vertex 2.679492e-01 -6.181030e+00 -2.038402e+02
         vertex 2.679492e-01 -6.000000e+00 -2.012236e+02
         vertex 1.206148e-01 -6.315960e+00 -2.012236e+02
      endloop
   endfacet
   facet normal 9.059205e-01 -4.224380e-01 2.922695e-02
      outer loop
         vertex 2.679492e-01 -6.181030e+00 -2.038402e+02
         vertex 1.206148e-01 -6.315960e+00 -2.012236e+02
         vertex 1.206148e-01 -6.493979e+00 -2.037967e+02
      endloop
   endfacet
   facet normal 9.657710e-01 -2.587776e-01 1.790388e-02
      outer loop
         vertex 1.206148e-01 -6.493979e+00 -2.037967e+02
         vertex 1.206148e-01 -6.315960e+00 -2.012236e+02
         vertex 3.038449e-02 -6.652704e+00 -2.012236e+02
      endloop
   endfacet
   facet normal 9.657710e-01 -2.587776e-01 1.790388e-02
      outer loop
         vertex 1.206148e-01 -6.493979e+00 -2.037967e+02
         vertex 3.038449e-02 -6.652704e+00 -2.012236e+02
         vertex 3.038449e-02 -6.827515e+00 -2.037503e+02
      endloop
   endfacet
   facet normal 9.961766e-01 -8.715407e-02 6.029872e-03
      outer loop
         vertex 3.038449e-02 -6.827515e+00 -2.037503e+02
         vertex 3.038449e-02 -6.652704e+00 -2.012236e+02
         vertex 1.214306e-14 -7.000000e+00 -2.012236e+02
      endloop
   endfacet
   facet normal 9.961766e-01 -8.715397e-02 6.029878e-03
      outer loop
         vertex 3.038449e-02 -6.827515e+00 -2.037503e+02
         vertex 1.214306e-14 -7.000000e+00 -2.012236e+02
         vertex 1.229485e-14 -7.171502e+00 -2.037025e+02
      endloop
   endfacet
   facet normal 7.872925e-01 -4.469881e-01 4.247024e-01
      outer loop
         vertex 3.820184e-01 -1.204348e+01 -2.153599e+02
         vertex 4.679111e-01 -1.196921e+01 -2.154409e+02
         vertex 4.679111e-01 -1.013545e+01 -2.135110e+02
      endloop
   endfacet
   facet normal 7.364688e-01 -4.904066e-01 4.659561e-01
      outer loop
         vertex 4.679111e-01 -1.013545e+01 -2.135110e+02
         vertex 4.679111e-01 -1.196921e+01 -2.154409e+02
         vertex 5.858390e-01 -1.188225e+01 -2.155358e+02
      endloop
   endfacet
   facet normal 7.063555e-01 -5.151101e-01 4.855136e-01
      outer loop
         vertex 4.679111e-01 -1.013545e+01 -2.135110e+02
         vertex 5.858390e-01 -1.188225e+01 -2.155358e+02
         vertex 7.144248e-01 -9.945444e+00 -2.136680e+02
      endloop
   endfacet
   facet normal 4.217883e-01 -8.872955e-01 1.865510e-01
      outer loop
         vertex 1.315960e+00 -5.874640e+00 -2.066468e+02
         vertex 1.000000e+00 -5.455954e+00 -2.039410e+02
         vertex 1.000000e+00 -6.016387e+00 -2.066066e+02
      endloop
   endfacet
   facet normal 5.726578e-01 -8.022549e-01 1.686715e-01
      outer loop
         vertex 1.000000e+00 -6.016387e+00 -2.066066e+02
         vertex 1.000000e+00 -5.455954e+00 -2.039410e+02
         vertex 7.144248e-01 -5.654011e+00 -2.039135e+02
      endloop
   endfacet
   facet normal 5.726584e-01 -8.022545e-01 1.686715e-01
      outer loop
         vertex 1.000000e+00 -6.016387e+00 -2.066066e+02
         vertex 7.144248e-01 -5.654011e+00 -2.039135e+02
         vertex 7.144248e-01 -6.208764e+00 -2.065520e+02
      endloop
   endfacet
   facet normal 7.062610e-01 -6.928048e-01 1.456601e-01
      outer loop
         vertex 7.144248e-01 -6.208764e+00 -2.065520e+02
         vertex 7.144248e-01 -5.654011e+00 -2.039135e+02
         vertex 4.679111e-01 -5.898176e+00 -2.038795e+02
      endloop
   endfacet
   facet normal 7.062616e-01 -6.928043e-01 1.456601e-01
      outer loop
         vertex 7.144248e-01 -6.208764e+00 -2.065520e+02
         vertex 4.679111e-01 -5.898176e+00 -2.038795e+02
         vertex 4.679111e-01 -6.445927e+00 -2.064848e+02
      endloop
   endfacet
   facet normal 8.185072e-01 -5.622049e-01 1.182019e-01
      outer loop
         vertex 4.679111e-01 -6.445927e+00 -2.064848e+02
         vertex 4.679111e-01 -5.898176e+00 -2.038795e+02
         vertex 2.679492e-01 -6.181030e+00 -2.038402e+02
      endloop
   endfacet
   facet normal 8.185074e-01 -5.622045e-01 1.182019e-01
      outer loop
         vertex 4.679111e-01 -6.445927e+00 -2.064848e+02
         vertex 2.679492e-01 -6.181030e+00 -2.038402e+02
         vertex 2.679492e-01 -6.720670e+00 -2.064069e+02
      endloop
   endfacet
   facet normal 9.059205e-01 -4.143882e-01 8.712394e-02
      outer loop
         vertex 2.679492e-01 -6.720670e+00 -2.064069e+02
         vertex 2.679492e-01 -6.181030e+00 -2.038402e+02
         vertex 1.206148e-01 -6.493979e+00 -2.037967e+02
      endloop
   endfacet
   facet normal 9.059215e-01 -4.143859e-01 8.712381e-02
      outer loop
         vertex 2.679492e-01 -6.720670e+00 -2.064069e+02
         vertex 1.206148e-01 -6.493979e+00 -2.037967e+02
         vertex 1.206148e-01 -7.024646e+00 -2.063207e+02
      endloop
   endfacet
   facet normal 9.657709e-01 -2.538466e-01 5.337073e-02
      outer loop
         vertex 1.206148e-01 -7.024646e+00 -2.063207e+02
         vertex 1.206148e-01 -6.493979e+00 -2.037967e+02
         vertex 3.038449e-02 -6.827515e+00 -2.037503e+02
      endloop
   endfacet
   facet normal 9.657705e-01 -2.538483e-01 5.337085e-02
      outer loop
         vertex 1.206148e-01 -7.024646e+00 -2.063207e+02
         vertex 3.038449e-02 -6.827515e+00 -2.037503e+02
         vertex 3.038449e-02 -7.348617e+00 -2.062288e+02
      endloop
   endfacet
   facet normal 9.961766e-01 -8.549301e-02 1.797465e-02
      outer loop
         vertex 3.038449e-02 -7.348617e+00 -2.062288e+02
         vertex 3.038449e-02 -6.827515e+00 -2.037503e+02
         vertex 1.229485e-14 -7.171502e+00 -2.037025e+02
      endloop
   endfacet
   facet normal 9.961767e-01 -8.549264e-02 1.797462e-02
      outer loop
         vertex 3.038449e-02 -7.348617e+00 -2.062288e+02
         vertex 1.229485e-14 -7.171502e+00 -2.037025e+02
         vertex 1.244374e-14 -7.682741e+00 -2.061341e+02
      endloop
   endfacet
   facet normal 6.747002e-01 -5.350790e-01 5.083995e-01
      outer loop
         vertex 5.858390e-01 -1.188225e+01 -2.155358e+02
         vertex 7.144248e-01 -1.180264e+01 -2.156227e+02
         vertex 7.144248e-01 -9.945444e+00 -2.136680e+02
      endloop
   endfacet
   facet normal 6.147078e-01 -5.718071e-01 5.432963e-01
      outer loop
         vertex 7.144248e-01 -9.945444e+00 -2.136680e+02
         vertex 7.144248e-01 -1.180264e+01 -2.156227e+02
         vertex 8.244776e-01 -1.174455e+01 -2.156861e+02
      endloop
   endfacet
   facet normal 5.727483e-01 -5.961144e-01 5.626784e-01
      outer loop
         vertex 7.144248e-01 -9.945444e+00 -2.136680e+02
         vertex 8.244776e-01 -1.174455e+01 -2.156861e+02
         vertex 1.000000e+00 -9.791321e+00 -2.137954e+02
      endloop
   endfacet
   facet normal 2.582503e-01 -9.090276e-01 3.270714e-01
      outer loop
         vertex 1.652704e+00 -6.721116e+00 -2.092653e+02
         vertex 1.315960e+00 -5.874640e+00 -2.066468e+02
         vertex 1.315960e+00 -6.803706e+00 -2.092289e+02
      endloop
   endfacet
   facet normal 4.217868e-01 -8.531513e-01 3.069669e-01
      outer loop
         vertex 1.315960e+00 -6.803706e+00 -2.092289e+02
         vertex 1.315960e+00 -5.874640e+00 -2.066468e+02
         vertex 1.000000e+00 -6.016387e+00 -2.066066e+02
      endloop
   endfacet
   facet normal 4.217833e-01 -8.531531e-01 3.069670e-01
      outer loop
         vertex 1.315960e+00 -6.803706e+00 -2.092289e+02
         vertex 1.000000e+00 -6.016387e+00 -2.066066e+02
         vertex 1.000000e+00 -6.938567e+00 -2.091696e+02
      endloop
   endfacet
   facet normal 5.726592e-01 -7.713819e-01 2.775455e-01
      outer loop
         vertex 1.000000e+00 -6.938567e+00 -2.091696e+02
         vertex 1.000000e+00 -6.016387e+00 -2.066066e+02
         vertex 7.144248e-01 -6.208764e+00 -2.065520e+02
      endloop
   endfacet
   facet normal 5.726586e-01 -7.713822e-01 2.775455e-01
      outer loop
         vertex 1.000000e+00 -6.938567e+00 -2.091696e+02
         vertex 7.144248e-01 -6.208764e+00 -2.065520e+02
         vertex 7.144248e-01 -7.121599e+00 -2.090891e+02
      endloop
   endfacet
   facet normal 7.062615e-01 -6.661441e-01 2.396805e-01
      outer loop
         vertex 7.144248e-01 -7.121599e+00 -2.090891e+02
         vertex 7.144248e-01 -6.208764e+00 -2.065520e+02
         vertex 4.679111e-01 -6.445927e+00 -2.064848e+02
      endloop
   endfacet
   facet normal 7.062633e-01 -6.661423e-01 2.396802e-01
      outer loop
         vertex 7.144248e-01 -7.121599e+00 -2.090891e+02
         vertex 4.679111e-01 -6.445927e+00 -2.064848e+02
         vertex 4.679111e-01 -7.347242e+00 -2.089898e+02
      endloop
   endfacet
   facet normal 8.185071e-01 -5.405703e-01 1.944990e-01
      outer loop
         vertex 4.679111e-01 -7.347242e+00 -2.089898e+02
         vertex 4.679111e-01 -6.445927e+00 -2.064848e+02
         vertex 2.679492e-01 -6.720670e+00 -2.064069e+02
      endloop
   endfacet
   facet normal 8.185053e-01 -5.405729e-01 1.944995e-01
      outer loop
         vertex 4.679111e-01 -7.347242e+00 -2.089898e+02
         vertex 2.679492e-01 -6.720670e+00 -2.064069e+02
         vertex 2.679492e-01 -7.608638e+00 -2.088748e+02
      endloop
   endfacet
   facet normal 9.059221e-01 -3.984386e-01 1.433592e-01
      outer loop
         vertex 2.679492e-01 -7.608638e+00 -2.088748e+02
         vertex 2.679492e-01 -6.720670e+00 -2.064069e+02
         vertex 1.206148e-01 -7.024646e+00 -2.063207e+02
      endloop
   endfacet
   facet normal 9.059218e-01 -3.984392e-01 1.433593e-01
      outer loop
         vertex 2.679492e-01 -7.608638e+00 -2.088748e+02
         vertex 1.206148e-01 -7.024646e+00 -2.063207e+02
         vertex 1.206148e-01 -7.897847e+00 -2.087476e+02
      endloop
   endfacet
   facet normal 9.657701e-01 -2.440811e-01 8.782095e-02
      outer loop
         vertex 1.206148e-01 -7.897847e+00 -2.087476e+02
         vertex 1.206148e-01 -7.024646e+00 -2.063207e+02
         vertex 3.038449e-02 -7.348617e+00 -2.062288e+02
      endloop
   endfacet
   facet normal 9.657707e-01 -2.440789e-01 8.782048e-02
      outer loop
         vertex 1.206148e-01 -7.897847e+00 -2.087476e+02
         vertex 3.038449e-02 -7.348617e+00 -2.062288e+02
         vertex 3.038449e-02 -8.206081e+00 -2.086120e+02
      endloop
   endfacet
   facet normal 9.961767e-01 -8.220233e-02 2.957670e-02
      outer loop
         vertex 3.038449e-02 -8.206081e+00 -2.086120e+02
         vertex 3.038449e-02 -7.348617e+00 -2.062288e+02
         vertex 1.244374e-14 -7.682741e+00 -2.061341e+02
      endloop
   endfacet
   facet normal 9.961767e-01 -8.220266e-02 2.957677e-02
      outer loop
         vertex 3.038449e-02 -8.206081e+00 -2.086120e+02
         vertex 1.244374e-14 -7.682741e+00 -2.061341e+02
         vertex 1.258691e-14 -8.523974e+00 -2.084721e+02
      endloop
   endfacet
   facet normal 5.437127e-01 -6.084271e-01 5.780943e-01
      outer loop
         vertex 8.244776e-01 -1.174455e+01 -2.156861e+02
         vertex 1.000000e+00 -1.166753e+01 -2.157701e+02
         vertex 1.000000e+00 -9.791321e+00 -2.137954e+02
      endloop
   endfacet
   facet normal 4.762858e-01 -6.374388e-01 6.056596e-01
      outer loop
         vertex 1.000000e+00 -9.791321e+00 -2.137954e+02
         vertex 1.000000e+00 -1.166753e+01 -2.157701e+02
         vertex 1.092059e+00 -1.163376e+01 -2.158069e+02
      endloop
   endfacet
   facet normal 4.218623e-01 -6.588880e-01 6.228153e-01
      outer loop
         vertex 1.000000e+00 -9.791321e+00 -2.137954e+02
         vertex 1.092059e+00 -1.163376e+01 -2.158069e+02
         vertex 1.315960e+00 -9.677761e+00 -2.138893e+02
      endloop
   endfacet
   facet normal 2.582442e-01 -9.454102e-01 1.987701e-01
      outer loop
         vertex 1.652704e+00 -5.787833e+00 -2.066714e+02
         vertex 1.652704e+00 -5.220653e+00 -2.039737e+02
         vertex 1.315960e+00 -5.310024e+00 -2.039613e+02
      endloop
   endfacet
   facet normal 9.961766e-01 -7.101663e-02 5.088046e-02
      outer loop
         vertex 1.272161e-14 -9.679169e+00 -2.106720e+02
         vertex 3.038449e-02 -1.085863e+01 -2.129132e+02
         vertex 3.038449e-02 -9.383566e+00 -2.108543e+02
      endloop
   endfacet
   facet normal 9.657708e-01 -2.108630e-01 1.510746e-01
      outer loop
         vertex 3.038449e-02 -9.383566e+00 -2.108543e+02
         vertex 3.038449e-02 -1.085863e+01 -2.129132e+02
         vertex 1.206148e-01 -1.059909e+01 -2.131277e+02
      endloop
   endfacet
   facet normal 9.657707e-01 -2.108635e-01 1.510748e-01
      outer loop
         vertex 3.038449e-02 -9.383566e+00 -2.108543e+02
         vertex 1.206148e-01 -1.059909e+01 -2.131277e+02
         vertex 1.206148e-01 -9.096944e+00 -2.110311e+02
      endloop
   endfacet
   facet normal 9.059190e-01 -3.442223e-01 2.466208e-01
      outer loop
         vertex 1.206148e-01 -9.096944e+00 -2.110311e+02
         vertex 1.206148e-01 -1.059909e+01 -2.131277e+02
         vertex 2.679492e-01 -1.035556e+01 -2.133290e+02
      endloop
   endfacet
   facet normal 9.059204e-01 -3.442195e-01 2.466194e-01
      outer loop
         vertex 1.206148e-01 -9.096944e+00 -2.110311e+02
         vertex 2.679492e-01 -1.035556e+01 -2.133290e+02
         vertex 2.679492e-01 -8.828012e+00 -2.111969e+02
      endloop
   endfacet
   facet normal 8.185054e-01 -4.670083e-01 3.345926e-01
      outer loop
         vertex 2.679492e-01 -8.828012e+00 -2.111969e+02
         vertex 2.679492e-01 -1.035556e+01 -2.133290e+02
         vertex 4.679111e-01 -1.013545e+01 -2.135110e+02
      endloop
   endfacet
   facet normal 8.185102e-01 -4.670021e-01 3.345895e-01
      outer loop
         vertex 2.679492e-01 -8.828012e+00 -2.111969e+02
         vertex 4.679111e-01 -1.013545e+01 -2.135110e+02
         vertex 4.679111e-01 -8.584943e+00 -2.113468e+02
      endloop
   endfacet
   facet normal 7.062605e-01 -5.754912e-01 4.123178e-01
      outer loop
         vertex 4.679111e-01 -8.584943e+00 -2.113468e+02
         vertex 4.679111e-01 -1.013545e+01 -2.135110e+02
         vertex 7.144248e-01 -9.945444e+00 -2.136680e+02
      endloop
   endfacet
   facet normal 7.062524e-01 -5.754987e-01 4.123213e-01
      outer loop
         vertex 4.679111e-01 -8.584943e+00 -2.113468e+02
         vertex 7.144248e-01 -9.945444e+00 -2.136680e+02
         vertex 7.144248e-01 -8.375121e+00 -2.114762e+02
      endloop
   endfacet
   facet normal 5.726621e-01 -6.664060e-01 4.774528e-01
      outer loop
         vertex 7.144248e-01 -8.375121e+00 -2.114762e+02
         vertex 7.144248e-01 -9.945444e+00 -2.136680e+02
         vertex 1.000000e+00 -9.791321e+00 -2.137954e+02
      endloop
   endfacet
   facet normal 5.726595e-01 -6.664077e-01 4.774535e-01
      outer loop
         vertex 7.144248e-01 -8.375121e+00 -2.114762e+02
         vertex 1.000000e+00 -9.791321e+00 -2.137954e+02
         vertex 1.000000e+00 -8.204922e+00 -2.115812e+02
      endloop
   endfacet
   facet normal 4.218000e-01 -7.370449e-01 5.280621e-01
      outer loop
         vertex 1.000000e+00 -8.204922e+00 -2.115812e+02
         vertex 1.000000e+00 -9.791321e+00 -2.137954e+02
         vertex 1.315960e+00 -9.677761e+00 -2.138893e+02
      endloop
   endfacet
   facet normal 4.217888e-01 -7.370501e-01 5.280639e-01
      outer loop
         vertex 1.000000e+00 -8.204922e+00 -2.115812e+02
         vertex 1.315960e+00 -9.677761e+00 -2.138893e+02
         vertex 1.315960e+00 -8.079518e+00 -2.116585e+02
      endloop
   endfacet
   facet normal 2.582434e-01 -7.853246e-01 5.626505e-01
      outer loop
         vertex 1.315960e+00 -8.079518e+00 -2.116585e+02
         vertex 1.315960e+00 -9.677761e+00 -2.138893e+02
         vertex 1.652704e+00 -9.608216e+00 -2.139468e+02
      endloop
   endfacet
   facet normal 2.582564e-01 -7.853208e-01 5.626498e-01
      outer loop
         vertex 1.315960e+00 -8.079518e+00 -2.116585e+02
         vertex 1.652704e+00 -9.608216e+00 -2.139468e+02
         vertex 1.652704e+00 -8.002717e+00 -2.117059e+02
      endloop
   endfacet
   facet normal 4.217907e-01 -9.045309e-01 6.258142e-02
      outer loop
         vertex 1.000000e+00 -5.267949e+00 -2.012236e+02
         vertex 1.315960e+00 -5.310024e+00 -2.039613e+02
         vertex 1.315960e+00 -5.120615e+00 -2.012236e+02
      endloop
   endfacet
   facet normal 2.582436e-01 -9.637759e-01 6.668038e-02
      outer loop
         vertex 1.315960e+00 -5.120615e+00 -2.012236e+02
         vertex 1.315960e+00 -5.310024e+00 -2.039613e+02
         vertex 1.652704e+00 -5.220653e+00 -2.039737e+02
      endloop
   endfacet
   facet normal 2.582430e-01 -9.637761e-01 6.668031e-02
      outer loop
         vertex 1.315960e+00 -5.120615e+00 -2.012236e+02
         vertex 1.652704e+00 -5.220653e+00 -2.039737e+02
         vertex 1.652704e+00 -5.030384e+00 -2.012236e+02
      endloop
   endfacet
   facet normal 8.695065e-02 -9.938368e-01 6.876011e-02
      outer loop
         vertex 1.652704e+00 -5.030384e+00 -2.012236e+02
         vertex 1.652704e+00 -5.220653e+00 -2.039737e+02
         vertex 2.000000e+00 -5.190558e+00 -2.039779e+02
      endloop
   endfacet
   facet normal 8.694917e-02 -9.938370e-01 6.875993e-02
      outer loop
         vertex 1.652704e+00 -5.030384e+00 -2.012236e+02
         vertex 2.000000e+00 -5.190558e+00 -2.039779e+02
         vertex 2.000000e+00 -5.000000e+00 -2.012236e+02
      endloop
   endfacet
   facet normal 8.694680e-02 -9.748987e-01 2.049700e-01
      outer loop
         vertex 1.652704e+00 -5.787833e+00 -2.066714e+02
         vertex 2.000000e+00 -5.758601e+00 -2.066797e+02
         vertex 1.652704e+00 -5.220653e+00 -2.039737e+02
      endloop
   endfacet
   facet normal 1.932926e-01 -9.572690e-01 2.151141e-01
      outer loop
         vertex 1.652704e+00 -5.220653e+00 -2.039737e+02
         vertex 2.000000e+00 -5.758601e+00 -2.066797e+02
         vertex 2.000000e+00 -5.274212e+00 -2.045241e+02
      endloop
   endfacet
   facet normal 8.714934e-02 -9.847138e-01 1.508100e-01
      outer loop
         vertex 1.652704e+00 -5.220653e+00 -2.039737e+02
         vertex 2.000000e+00 -5.274212e+00 -2.045241e+02
         vertex 2.000000e+00 -5.190558e+00 -2.039779e+02
      endloop
   endfacet
   facet normal 8.707985e-02 -9.276966e-01 3.630374e-01
      outer loop
         vertex 2.000000e+00 -6.693304e+00 -2.092775e+02
         vertex 2.000000e+00 -6.089326e+00 -2.077341e+02
         vertex 1.652704e+00 -6.721116e+00 -2.092653e+02
      endloop
   endfacet
   facet normal 2.140429e-01 -9.191395e-01 3.307088e-01
      outer loop
         vertex 1.652704e+00 -6.721116e+00 -2.092653e+02
         vertex 2.000000e+00 -6.089326e+00 -2.077341e+02
         vertex 1.652704e+00 -5.787833e+00 -2.066714e+02
      endloop
   endfacet
   facet normal 2.582441e-01 -9.090294e-01 3.270712e-01
      outer loop
         vertex 1.652704e+00 -6.721116e+00 -2.092653e+02
         vertex 1.652704e+00 -5.787833e+00 -2.066714e+02
         vertex 1.315960e+00 -5.874640e+00 -2.066468e+02
      endloop
   endfacet
   facet normal 2.582435e-01 -9.454104e-01 1.987700e-01
      outer loop
         vertex 1.315960e+00 -5.874640e+00 -2.066468e+02
         vertex 1.652704e+00 -5.787833e+00 -2.066714e+02
         vertex 1.315960e+00 -5.310024e+00 -2.039613e+02
      endloop
   endfacet
   facet normal 4.217918e-01 -8.872938e-01 1.865512e-01
      outer loop
         vertex 1.315960e+00 -5.874640e+00 -2.066468e+02
         vertex 1.315960e+00 -5.310024e+00 -2.039613e+02
         vertex 1.000000e+00 -5.455954e+00 -2.039410e+02
      endloop
   endfacet
   facet normal 4.217901e-01 -9.045312e-01 6.258135e-02
      outer loop
         vertex 1.000000e+00 -5.455954e+00 -2.039410e+02
         vertex 1.315960e+00 -5.310024e+00 -2.039613e+02
         vertex 1.000000e+00 -5.267949e+00 -2.012236e+02
      endloop
   endfacet
   facet normal 5.726574e-01 -8.178397e-01 5.658347e-02
      outer loop
         vertex 1.000000e+00 -5.455954e+00 -2.039410e+02
         vertex 1.000000e+00 -5.267949e+00 -2.012236e+02
         vertex 7.144248e-01 -5.467911e+00 -2.012236e+02
      endloop
   endfacet
   facet normal 8.711548e-02 -8.620451e-01 4.992887e-01
      outer loop
         vertex 1.652704e+00 -8.002717e+00 -2.117059e+02
         vertex 2.000000e+00 -7.976855e+00 -2.117219e+02
         vertex 2.000000e+00 -7.422994e+00 -2.107656e+02
      endloop
   endfacet
   facet normal 9.961767e-01 -7.734610e-02 4.061525e-02
      outer loop
         vertex 1.258691e-14 -8.523974e+00 -2.084721e+02
         vertex 3.038449e-02 -9.383566e+00 -2.108543e+02
         vertex 3.038449e-02 -8.206081e+00 -2.086120e+02
      endloop
   endfacet
   facet normal 9.657707e-01 -2.296593e-01 1.205965e-01
      outer loop
         vertex 3.038449e-02 -8.206081e+00 -2.086120e+02
         vertex 3.038449e-02 -9.383566e+00 -2.108543e+02
         vertex 1.206148e-01 -9.096944e+00 -2.110311e+02
      endloop
   endfacet
   facet normal 9.657706e-01 -2.296597e-01 1.205967e-01
      outer loop
         vertex 3.038449e-02 -8.206081e+00 -2.086120e+02
         vertex 1.206148e-01 -9.096944e+00 -2.110311e+02
         vertex 1.206148e-01 -7.897847e+00 -2.087476e+02
      endloop
   endfacet
   facet normal 9.059205e-01 -3.749028e-01 1.968653e-01
      outer loop
         vertex 1.206148e-01 -7.897847e+00 -2.087476e+02
         vertex 1.206148e-01 -9.096944e+00 -2.110311e+02
         vertex 2.679492e-01 -8.828012e+00 -2.111969e+02
      endloop
   endfacet
   facet normal 9.059222e-01 -3.748994e-01 1.968641e-01
      outer loop
         vertex 1.206148e-01 -7.897847e+00 -2.087476e+02
         vertex 2.679492e-01 -8.828012e+00 -2.111969e+02
         vertex 2.679492e-01 -7.608638e+00 -2.088748e+02
      endloop
   endfacet
   facet normal 8.185098e-01 -5.086311e-01 2.670882e-01
      outer loop
         vertex 2.679492e-01 -7.608638e+00 -2.088748e+02
         vertex 2.679492e-01 -8.828012e+00 -2.111969e+02
         vertex 4.679111e-01 -8.584943e+00 -2.113468e+02
      endloop
   endfacet
   facet normal 8.185045e-01 -5.086384e-01 2.670907e-01
      outer loop
         vertex 2.679492e-01 -7.608638e+00 -2.088748e+02
         vertex 4.679111e-01 -8.584943e+00 -2.113468e+02
         vertex 4.679111e-01 -7.347242e+00 -2.089898e+02
      endloop
   endfacet
   facet normal 7.062541e-01 -6.267967e-01 3.291367e-01
      outer loop
         vertex 4.679111e-01 -7.347242e+00 -2.089898e+02
         vertex 4.679111e-01 -8.584943e+00 -2.113468e+02
         vertex 7.144248e-01 -8.375121e+00 -2.114762e+02
      endloop
   endfacet
   facet normal 7.062637e-01 -6.267875e-01 3.291338e-01
      outer loop
         vertex 4.679111e-01 -7.347242e+00 -2.089898e+02
         vertex 7.144248e-01 -8.375121e+00 -2.114762e+02
         vertex 7.144248e-01 -7.121599e+00 -2.090891e+02
      endloop
   endfacet
   facet normal 5.726592e-01 -7.258099e-01 3.811317e-01
      outer loop
         vertex 7.144248e-01 -7.121599e+00 -2.090891e+02
         vertex 7.144248e-01 -8.375121e+00 -2.114762e+02
         vertex 1.000000e+00 -8.204922e+00 -2.115812e+02
      endloop
   endfacet
   facet normal 5.726592e-01 -7.258099e-01 3.811317e-01
      outer loop
         vertex 7.144248e-01 -7.121599e+00 -2.090891e+02
         vertex 1.000000e+00 -8.204922e+00 -2.115812e+02
         vertex 1.000000e+00 -6.938567e+00 -2.091696e+02
      endloop
   endfacet
   facet normal 4.217888e-01 -8.027479e-01 4.215329e-01
      outer loop
         vertex 1.000000e+00 -6.938567e+00 -2.091696e+02
         vertex 1.000000e+00 -8.204922e+00 -2.115812e+02
         vertex 1.315960e+00 -8.079518e+00 -2.116585e+02
      endloop
   endfacet
   facet normal 4.217805e-01 -8.027519e-01 4.215336e-01
      outer loop
         vertex 1.000000e+00 -6.938567e+00 -2.091696e+02
         vertex 1.315960e+00 -8.079518e+00 -2.116585e+02
         vertex 1.315960e+00 -6.803706e+00 -2.092289e+02
      endloop
   endfacet
   facet normal 2.582540e-01 -8.553236e-01 4.491396e-01
      outer loop
         vertex 1.315960e+00 -6.803706e+00 -2.092289e+02
         vertex 1.315960e+00 -8.079518e+00 -2.116585e+02
         vertex 1.652704e+00 -8.002717e+00 -2.117059e+02
      endloop
   endfacet
   facet normal 2.582533e-01 -8.553238e-01 4.491396e-01
      outer loop
         vertex 1.315960e+00 -6.803706e+00 -2.092289e+02
         vertex 1.652704e+00 -8.002717e+00 -2.117059e+02
         vertex 1.652704e+00 -6.721116e+00 -2.092653e+02
      endloop
   endfacet
   facet normal 2.140326e-01 -8.648408e-01 4.541370e-01
      outer loop
         vertex 1.652704e+00 -6.721116e+00 -2.092653e+02
         vertex 1.652704e+00 -8.002717e+00 -2.117059e+02
         vertex 2.000000e+00 -7.422994e+00 -2.107656e+02
      endloop
   endfacet
   facet normal 8.707945e-02 -8.944524e-01 4.386025e-01
      outer loop
         vertex 1.652704e+00 -6.721116e+00 -2.092653e+02
         vertex 2.000000e+00 -7.422994e+00 -2.107656e+02
         vertex 2.000000e+00 -6.693304e+00 -2.092775e+02
      endloop
   endfacet
   facet normal 3.979298e-01 -6.650764e-01 6.319219e-01
      outer loop
         vertex 1.092059e+00 -1.163376e+01 -2.158069e+02
         vertex 1.315960e+00 -1.156798e+01 -2.158787e+02
         vertex 1.315960e+00 -9.677761e+00 -2.138893e+02
      endloop
   endfacet
   facet normal 3.248885e-01 -6.856188e-01 6.514402e-01
      outer loop
         vertex 1.315960e+00 -9.677761e+00 -2.138893e+02
         vertex 1.315960e+00 -1.156798e+01 -2.158787e+02
         vertex 1.381994e+00 -1.155262e+01 -2.158955e+02
      endloop
   endfacet
   facet normal 2.582738e-01 -7.015672e-01 6.641521e-01
      outer loop
         vertex 1.315960e+00 -9.677761e+00 -2.138893e+02
         vertex 1.381994e+00 -1.155262e+01 -2.158955e+02
         vertex 1.652704e+00 -9.608216e+00 -2.139468e+02
      endloop
   endfacet
   facet normal 2.413680e-01 -7.035115e-01 6.684407e-01
      outer loop
         vertex 1.652704e+00 -9.608216e+00 -2.139468e+02
         vertex 1.381994e+00 -1.155262e+01 -2.158955e+02
         vertex 1.652704e+00 -1.150702e+01 -2.159452e+02
      endloop
   endfacet
   facet normal 1.646140e-01 -7.150559e-01 6.794096e-01
      outer loop
         vertex 1.652704e+00 -9.608216e+00 -2.139468e+02
         vertex 1.652704e+00 -1.150702e+01 -2.159452e+02
         vertex 1.687146e+00 -1.150312e+01 -2.159495e+02
      endloop
   endfacet
   facet normal 8.701549e-02 -8.177512e-01 5.689563e-01
      outer loop
         vertex 2.000000e+00 -7.976855e+00 -2.117219e+02
         vertex 1.652704e+00 -8.002717e+00 -2.117059e+02
         vertex 2.000000e+00 -9.238643e+00 -2.135354e+02
      endloop
   endfacet
   facet normal 1.725201e-01 -8.007086e-01 5.736746e-01
      outer loop
         vertex 2.000000e+00 -9.238643e+00 -2.135354e+02
         vertex 1.652704e+00 -8.002717e+00 -2.117059e+02
         vertex 1.652704e+00 -9.608216e+00 -2.139468e+02
      endloop
   endfacet
   facet normal 8.714339e-02 -7.765283e-01 6.240271e-01
      outer loop
         vertex 2.000000e+00 -9.238643e+00 -2.135354e+02
         vertex 1.652704e+00 -9.608216e+00 -2.139468e+02
         vertex 2.000000e+00 -9.584797e+00 -2.139661e+02
      endloop
   endfacet
   facet normal 8.695091e-02 -7.228819e-01 6.854789e-01
      outer loop
         vertex 2.000000e+00 -9.584797e+00 -2.139661e+02
         vertex 1.652704e+00 -9.608216e+00 -2.139468e+02
         vertex 1.687146e+00 -1.150312e+01 -2.159495e+02
      endloop
   endfacet
   facet normal 7.826828e-02 -7.227215e-01 6.866933e-01
      outer loop
         vertex 2.000000e+00 -9.584797e+00 -2.139661e+02
         vertex 1.687146e+00 -1.150312e+01 -2.159495e+02
         vertex 2.000000e+00 -1.148649e+01 -2.159676e+02
      endloop
   endfacet
   facet normal 8.715544e-02 -9.961947e-01 0.000000e+00
      outer loop
         vertex 2.000000e+00 -5.000000e+00 -2.012236e+02
         vertex 2.000000e+00 -5.000000e+00 -2.727636e+01
         vertex 1.652704e+00 -5.030384e+00 -2.012236e+02
      endloop
   endfacet
   facet normal 8.715544e-02 -9.961947e-01 0.000000e+00
      outer loop
         vertex 1.652704e+00 -5.030384e+00 -2.012236e+02
         vertex 2.000000e+00 -5.000000e+00 -2.727636e+01
         vertex 1.652704e+00 -5.030384e+00 -2.727636e+01
      endloop
   endfacet
   facet normal 2.588191e-01 -9.659258e-01 0.000000e+00
      outer loop
         vertex 1.652704e+00 -5.030384e+00 -2.012236e+02
         vertex 1.652704e+00 -5.030384e+00 -2.727636e+01
         vertex 1.315960e+00 -5.120615e+00 -2.012236e+02
      endloop
   endfacet
   facet normal 2.588191e-01 -9.659258e-01 0.000000e+00
      outer loop
         vertex 1.315960e+00 -5.120615e+00 -2.012236e+02
         vertex 1.652704e+00 -5.030384e+00 -2.727636e+01
         vertex 1.315960e+00 -5.120615e+00 -2.727636e+01
      endloop
   endfacet
   facet normal 4.226191e-01 -9.063074e-01 0.000000e+00
      outer loop
         vertex 1.315960e+00 -5.120615e+00 -2.012236e+02
         vertex 1.315960e+00 -5.120615e+00 -2.727636e+01
         vertex 1.000000e+00 -5.267949e+00 -2.012236e+02
      endloop
   endfacet
   facet normal 4.226191e-01 -9.063074e-01 0.000000e+00
      outer loop
         vertex 1.000000e+00 -5.267949e+00 -2.012236e+02
         vertex 1.315960e+00 -5.120615e+00 -2.727636e+01
         vertex 1.000000e+00 -5.267949e+00 -2.727636e+01
      endloop
   endfacet
   facet normal 5.735764e-01 -8.191521e-01 0.000000e+00
      outer loop
         vertex 1.000000e+00 -5.267949e+00 -2.012236e+02
         vertex 1.000000e+00 -5.267949e+00 -2.727636e+01
         vertex 7.144248e-01 -5.467911e+00 -2.012236e+02
      endloop
   endfacet
   facet normal 5.735764e-01 -8.191521e-01 0.000000e+00
      outer loop
         vertex 7.144248e-01 -5.467911e+00 -2.012236e+02
         vertex 1.000000e+00 -5.267949e+00 -2.727636e+01
         vertex 7.144248e-01 -5.467911e+00 -2.727636e+01
      endloop
   endfacet
   facet normal 7.071067e-01 -7.071068e-01 0.000000e+00
      outer loop
         vertex 7.144248e-01 -5.467911e+00 -2.012236e+02
         vertex 7.144248e-01 -5.467911e+00 -2.727636e+01
         vertex 4.679111e-01 -5.714425e+00 -2.012236e+02
      endloop
   endfacet
   facet normal 7.071067e-01 -7.071068e-01 0.000000e+00
      outer loop
         vertex 4.679111e-01 -5.714425e+00 -2.012236e+02
         vertex 7.144248e-01 -5.467911e+00 -2.727636e+01
         vertex 4.679111e-01 -5.714425e+00 -2.727636e+01
      endloop
   endfacet
   facet normal 8.191520e-01 -5.735765e-01 0.000000e+00
      outer loop
         vertex 4.679111e-01 -5.714425e+00 -2.012236e+02
         vertex 4.679111e-01 -5.714425e+00 -2.727636e+01
         vertex 2.679492e-01 -6.000000e+00 -2.012236e+02
      endloop
   endfacet
   facet normal 8.191520e-01 -5.735765e-01 0.000000e+00
      outer loop
         vertex 2.679492e-01 -6.000000e+00 -2.012236e+02
         vertex 4.679111e-01 -5.714425e+00 -2.727636e+01
         vertex 2.679492e-01 -6.000000e+00 -2.727636e+01
      endloop
   endfacet
   facet normal 9.063077e-01 -4.226184e-01 0.000000e+00
      outer loop
         vertex 2.679492e-01 -6.000000e+00 -2.012236e+02
         vertex 2.679492e-01 -6.000000e+00 -2.727636e+01
         vertex 1.206148e-01 -6.315960e+00 -2.012236e+02
      endloop
   endfacet
   facet normal 9.063077e-01 -4.226184e-01 0.000000e+00
      outer loop
         vertex 1.206148e-01 -6.315960e+00 -2.012236e+02
         vertex 2.679492e-01 -6.000000e+00 -2.727636e+01
         vertex 1.206148e-01 -6.315960e+00 -2.727636e+01
      endloop
   endfacet
   facet normal 9.659258e-01 -2.588191e-01 0.000000e+00
      outer loop
         vertex 1.206148e-01 -6.315960e+00 -2.012236e+02
         vertex 1.206148e-01 -6.315960e+00 -2.727636e+01
         vertex 3.038449e-02 -6.652704e+00 -2.012236e+02
      endloop
   endfacet
   facet normal 9.659258e-01 -2.588191e-01 0.000000e+00
      outer loop
         vertex 3.038449e-02 -6.652704e+00 -2.012236e+02
         vertex 1.206148e-01 -6.315960e+00 -2.727636e+01
         vertex 3.038449e-02 -6.652704e+00 -2.727636e+01
      endloop
   endfacet
   facet normal 9.961947e-01 -8.715565e-02 0.000000e+00
      outer loop
         vertex 3.038449e-02 -6.652704e+00 -2.012236e+02
         vertex 3.038449e-02 -6.652704e+00 -2.727636e+01
         vertex 1.214306e-14 -7.000000e+00 -2.012236e+02
      endloop
   endfacet
   facet normal 9.961947e-01 -8.715565e-02 5.960849e-17
      outer loop
         vertex 1.214306e-14 -7.000000e+00 -2.012236e+02
         vertex 3.038449e-02 -6.652704e+00 -2.727636e+01
         vertex 1.734723e-15 -7.000000e+00 -2.727636e+01
      endloop
   endfacet
   facet normal 8.712346e-02 -8.620436e-01 -4.992898e-01
      outer loop
         vertex 2.000000e+00 -7.422994e+00 -1.773441e+01
         vertex 2.000000e+00 -7.976855e+00 -1.677815e+01
         vertex 1.652704e+00 -8.002717e+00 -1.679410e+01
      endloop
   endfacet
   facet normal 9.961766e-01 -8.715407e-02 -6.029871e-03
      outer loop
         vertex 1.582938e-15 -7.171502e+00 -2.479752e+01
         vertex 1.734723e-15 -7.000000e+00 -2.727636e+01
         vertex 3.038449e-02 -6.652704e+00 -2.727636e+01
      endloop
   endfacet
   facet normal 9.961766e-01 -8.549329e-02 -1.797472e-02
      outer loop
         vertex 1.434045e-15 -7.682741e+00 -2.236591e+01
         vertex 1.582938e-15 -7.171502e+00 -2.479752e+01
         vertex 3.038449e-02 -6.827515e+00 -2.474969e+01
      endloop
   endfacet
   facet normal 9.961766e-01 -8.220338e-02 -2.957705e-02
      outer loop
         vertex 1.290882e-15 -8.523974e+00 -2.002788e+01
         vertex 1.434045e-15 -7.682741e+00 -2.236591e+01
         vertex 3.038449e-02 -7.348617e+00 -2.227117e+01
      endloop
   endfacet
   facet normal 9.440378e-01 -2.391146e-01 -2.271935e-01
      outer loop
         vertex 1.206148e-01 -1.237565e+01 -1.350251e+01
         vertex 1.026098e-01 -1.241055e+01 -1.354059e+01
         vertex 1.206148e-01 -1.059909e+01 -1.537229e+01
      endloop
   endfacet
   facet normal 9.620493e-01 -1.986901e-01 -1.870385e-01
      outer loop
         vertex 1.206148e-01 -1.059909e+01 -1.537229e+01
         vertex 1.026098e-01 -1.241055e+01 -1.354059e+01
         vertex 2.851456e-02 -1.218453e+01 -1.416181e+01
      endloop
   endfacet
   facet normal 9.658276e-01 -1.903841e-01 -1.758722e-01
      outer loop
         vertex 1.206148e-01 -1.059909e+01 -1.537229e+01
         vertex 2.851456e-02 -1.218453e+01 -1.416181e+01
         vertex 3.038449e-02 -1.085863e+01 -1.558684e+01
      endloop
   endfacet
   facet normal 9.957720e-01 -6.789973e-02 -6.186946e-02
      outer loop
         vertex 3.038449e-02 -1.085863e+01 -1.558684e+01
         vertex 2.851456e-02 -1.218453e+01 -1.416181e+01
         vertex 9.767229e-16 -1.193255e+01 -1.489727e+01
      endloop
   endfacet
   facet normal 9.961904e-01 -6.529846e-02 -5.779981e-02
      outer loop
         vertex 3.038449e-02 -1.085863e+01 -1.558684e+01
         vertex 9.767229e-16 -1.193255e+01 -1.489727e+01
         vertex 1.032495e-15 -1.112632e+01 -1.580811e+01
      endloop
   endfacet
   facet normal 9.167006e-01 -2.896706e-01 -2.752290e-01
      outer loop
         vertex 1.206148e-01 -1.237565e+01 -1.350251e+01
         vertex 1.206148e-01 -1.059909e+01 -1.537229e+01
         vertex 2.180342e-01 -1.222427e+01 -1.333735e+01
      endloop
   endfacet
   facet normal 9.059831e-01 -3.085601e-01 -2.898020e-01
      outer loop
         vertex 2.180342e-01 -1.222427e+01 -1.333735e+01
         vertex 1.206148e-01 -1.059909e+01 -1.537229e+01
         vertex 2.679492e-01 -1.035556e+01 -1.517098e+01
      endloop
   endfacet
   facet normal 8.783277e-01 -3.465675e-01 -3.292894e-01
      outer loop
         vertex 2.180342e-01 -1.222427e+01 -1.333735e+01
         vertex 2.679492e-01 -1.035556e+01 -1.517098e+01
         vertex 2.679492e-01 -1.216216e+01 -1.326958e+01
      endloop
   endfacet
   facet normal 8.380637e-01 -3.955110e-01 -3.757929e-01
      outer loop
         vertex 2.679492e-01 -1.216216e+01 -1.326958e+01
         vertex 2.679492e-01 -1.035556e+01 -1.517098e+01
         vertex 3.820184e-01 -1.204348e+01 -1.314010e+01
      endloop
   endfacet
   facet normal 8.185940e-01 -4.182843e-01 -3.936269e-01
      outer loop
         vertex 3.820184e-01 -1.204348e+01 -1.314010e+01
         vertex 2.679492e-01 -1.035556e+01 -1.517098e+01
         vertex 4.679111e-01 -1.013545e+01 -1.498903e+01
      endloop
   endfacet
   facet normal 7.872821e-01 -4.469972e-01 -4.247122e-01
      outer loop
         vertex 3.820184e-01 -1.204348e+01 -1.314010e+01
         vertex 4.679111e-01 -1.013545e+01 -1.498903e+01
         vertex 4.679111e-01 -1.196921e+01 -1.305906e+01
      endloop
   endfacet
   facet normal 7.364604e-01 -4.904125e-01 -4.659631e-01
      outer loop
         vertex 4.679111e-01 -1.196921e+01 -1.305906e+01
         vertex 4.679111e-01 -1.013545e+01 -1.498903e+01
         vertex 5.858390e-01 -1.188225e+01 -1.296419e+01
      endloop
   endfacet
   facet normal 7.063573e-01 -5.151074e-01 -4.855138e-01
      outer loop
         vertex 5.858390e-01 -1.188225e+01 -1.296419e+01
         vertex 4.679111e-01 -1.013545e+01 -1.498903e+01
         vertex 7.144248e-01 -9.945444e+00 -1.483197e+01
      endloop
   endfacet
   facet normal 6.747003e-01 -5.350774e-01 -5.084011e-01
      outer loop
         vertex 5.858390e-01 -1.188225e+01 -1.296419e+01
         vertex 7.144248e-01 -9.945444e+00 -1.483197e+01
         vertex 7.144248e-01 -1.180264e+01 -1.287733e+01
      endloop
   endfacet
   facet normal 6.147365e-01 -5.717892e-01 -5.432827e-01
      outer loop
         vertex 7.144248e-01 -1.180264e+01 -1.287733e+01
         vertex 7.144248e-01 -9.945444e+00 -1.483197e+01
         vertex 8.244776e-01 -1.174455e+01 -1.281394e+01
      endloop
   endfacet
   facet normal 5.727434e-01 -5.961167e-01 -5.626809e-01
      outer loop
         vertex 8.244776e-01 -1.174455e+01 -1.281394e+01
         vertex 7.144248e-01 -9.945444e+00 -1.483197e+01
         vertex 1.000000e+00 -9.791321e+00 -1.470457e+01
      endloop
   endfacet
   facet normal 5.437127e-01 -6.084272e-01 -5.780942e-01
      outer loop
         vertex 8.244776e-01 -1.174455e+01 -1.281394e+01
         vertex 1.000000e+00 -9.791321e+00 -1.470457e+01
         vertex 1.000000e+00 -1.166753e+01 -1.272991e+01
      endloop
   endfacet
   facet normal 4.217887e-01 -7.370493e-01 -5.280650e-01
      outer loop
         vertex 1.315960e+00 -8.079518e+00 -1.684146e+01
         vertex 1.000000e+00 -9.791321e+00 -1.470457e+01
         vertex 1.000000e+00 -8.204922e+00 -1.691880e+01
      endloop
   endfacet
   facet normal 5.726579e-01 -6.664087e-01 -4.774540e-01
      outer loop
         vertex 1.000000e+00 -8.204922e+00 -1.691880e+01
         vertex 1.000000e+00 -9.791321e+00 -1.470457e+01
         vertex 7.144248e-01 -9.945444e+00 -1.483197e+01
      endloop
   endfacet
   facet normal 5.726574e-01 -6.664090e-01 -4.774543e-01
      outer loop
         vertex 1.000000e+00 -8.204922e+00 -1.691880e+01
         vertex 7.144248e-01 -9.945444e+00 -1.483197e+01
         vertex 7.144248e-01 -8.375121e+00 -1.702376e+01
      endloop
   endfacet
   facet normal 7.062620e-01 -5.754911e-01 -4.123154e-01
      outer loop
         vertex 7.144248e-01 -8.375121e+00 -1.702376e+01
         vertex 7.144248e-01 -9.945444e+00 -1.483197e+01
         vertex 4.679111e-01 -1.013545e+01 -1.498903e+01
      endloop
   endfacet
   facet normal 7.062617e-01 -5.754913e-01 -4.123156e-01
      outer loop
         vertex 7.144248e-01 -8.375121e+00 -1.702376e+01
         vertex 4.679111e-01 -1.013545e+01 -1.498903e+01
         vertex 4.679111e-01 -8.584943e+00 -1.715316e+01
      endloop
   endfacet
   facet normal 8.185074e-01 -4.670062e-01 -3.345905e-01
      outer loop
         vertex 4.679111e-01 -8.584943e+00 -1.715316e+01
         vertex 4.679111e-01 -1.013545e+01 -1.498903e+01
         vertex 2.679492e-01 -1.035556e+01 -1.517098e+01
      endloop
   endfacet
   facet normal 8.185082e-01 -4.670054e-01 -3.345897e-01
      outer loop
         vertex 4.679111e-01 -8.584943e+00 -1.715316e+01
         vertex 2.679492e-01 -1.035556e+01 -1.517098e+01
         vertex 2.679492e-01 -8.828012e+00 -1.730306e+01
      endloop
   endfacet
   facet normal 9.059209e-01 -3.442189e-01 -2.466184e-01
      outer loop
         vertex 2.679492e-01 -8.828012e+00 -1.730306e+01
         vertex 2.679492e-01 -1.035556e+01 -1.517098e+01
         vertex 1.206148e-01 -1.059909e+01 -1.537229e+01
      endloop
   endfacet
   facet normal 9.059204e-01 -3.442197e-01 -2.466191e-01
      outer loop
         vertex 2.679492e-01 -8.828012e+00 -1.730306e+01
         vertex 1.206148e-01 -1.059909e+01 -1.537229e+01
         vertex 1.206148e-01 -9.096944e+00 -1.746891e+01
      endloop
   endfacet
   facet normal 9.657709e-01 -2.108627e-01 -1.510744e-01
      outer loop
         vertex 1.206148e-01 -9.096944e+00 -1.746891e+01
         vertex 1.206148e-01 -1.059909e+01 -1.537229e+01
         vertex 3.038449e-02 -1.085863e+01 -1.558684e+01
      endloop
   endfacet
   facet normal 9.657711e-01 -2.108622e-01 -1.510739e-01
      outer loop
         vertex 1.206148e-01 -9.096944e+00 -1.746891e+01
         vertex 3.038449e-02 -1.085863e+01 -1.558684e+01
         vertex 3.038449e-02 -9.383566e+00 -1.764567e+01
      endloop
   endfacet
   facet normal 9.961766e-01 -7.101661e-02 -5.088042e-02
      outer loop
         vertex 3.038449e-02 -9.383566e+00 -1.764567e+01
         vertex 3.038449e-02 -1.085863e+01 -1.558684e+01
         vertex 1.032495e-15 -1.112632e+01 -1.580811e+01
      endloop
   endfacet
   facet normal 9.961766e-01 -7.101683e-02 -5.088063e-02
      outer loop
         vertex 3.038449e-02 -9.383566e+00 -1.764567e+01
         vertex 1.032495e-15 -1.112632e+01 -1.580811e+01
         vertex 1.156176e-15 -9.679169e+00 -1.782797e+01
      endloop
   endfacet
   facet normal 3.248720e-01 -6.856243e-01 -6.514427e-01
      outer loop
         vertex 1.381994e+00 -1.155262e+01 -1.260454e+01
         vertex 1.315960e+00 -1.156798e+01 -1.262130e+01
         vertex 1.315960e+00 -9.677761e+00 -1.461070e+01
      endloop
   endfacet
   facet normal 3.979386e-01 -6.650750e-01 -6.319178e-01
      outer loop
         vertex 1.315960e+00 -9.677761e+00 -1.461070e+01
         vertex 1.315960e+00 -1.156798e+01 -1.262130e+01
         vertex 1.092059e+00 -1.163376e+01 -1.269307e+01
      endloop
   endfacet
   facet normal 2.582417e-01 -8.553263e-01 -4.491417e-01
      outer loop
         vertex 1.652704e+00 -6.721116e+00 -1.923473e+01
         vertex 1.315960e+00 -8.079518e+00 -1.684146e+01
         vertex 1.315960e+00 -6.803706e+00 -1.927106e+01
      endloop
   endfacet
   facet normal 4.217888e-01 -8.027482e-01 -4.215323e-01
      outer loop
         vertex 1.315960e+00 -6.803706e+00 -1.927106e+01
         vertex 1.315960e+00 -8.079518e+00 -1.684146e+01
         vertex 1.000000e+00 -8.204922e+00 -1.691880e+01
      endloop
   endfacet
   facet normal 4.217907e-01 -8.027475e-01 -4.215317e-01
      outer loop
         vertex 1.315960e+00 -6.803706e+00 -1.927106e+01
         vertex 1.000000e+00 -8.204922e+00 -1.691880e+01
         vertex 1.000000e+00 -6.938567e+00 -1.933039e+01
      endloop
   endfacet
   facet normal 5.726575e-01 -7.258114e-01 -3.811316e-01
      outer loop
         vertex 1.000000e+00 -6.938567e+00 -1.933039e+01
         vertex 1.000000e+00 -8.204922e+00 -1.691880e+01
         vertex 7.144248e-01 -8.375121e+00 -1.702376e+01
      endloop
   endfacet
   facet normal 5.726576e-01 -7.258113e-01 -3.811316e-01
      outer loop
         vertex 1.000000e+00 -6.938567e+00 -1.933039e+01
         vertex 7.144248e-01 -8.375121e+00 -1.702376e+01
         vertex 7.144248e-01 -7.121599e+00 -1.941092e+01
      endloop
   endfacet
   facet normal 7.062617e-01 -6.267896e-01 -3.291342e-01
      outer loop
         vertex 7.144248e-01 -7.121599e+00 -1.941092e+01
         vertex 7.144248e-01 -8.375121e+00 -1.702376e+01
         vertex 4.679111e-01 -8.584943e+00 -1.715316e+01
      endloop
   endfacet
   facet normal 7.062624e-01 -6.267890e-01 -3.291337e-01
      outer loop
         vertex 7.144248e-01 -7.121599e+00 -1.941092e+01
         vertex 4.679111e-01 -8.584943e+00 -1.715316e+01
         vertex 4.679111e-01 -7.347242e+00 -1.951019e+01
      endloop
   endfacet
   facet normal 8.185082e-01 -5.086334e-01 -2.670889e-01
      outer loop
         vertex 4.679111e-01 -7.347242e+00 -1.951019e+01
         vertex 4.679111e-01 -8.584943e+00 -1.715316e+01
         vertex 2.679492e-01 -8.828012e+00 -1.730306e+01
      endloop
   endfacet
   facet normal 8.185077e-01 -5.086339e-01 -2.670893e-01
      outer loop
         vertex 4.679111e-01 -7.347242e+00 -1.951019e+01
         vertex 2.679492e-01 -8.828012e+00 -1.730306e+01
         vertex 2.679492e-01 -7.608638e+00 -1.962519e+01
      endloop
   endfacet
   facet normal 9.059205e-01 -3.749027e-01 -1.968655e-01
      outer loop
         vertex 2.679492e-01 -7.608638e+00 -1.962519e+01
         vertex 2.679492e-01 -8.828012e+00 -1.730306e+01
         vertex 1.206148e-01 -9.096944e+00 -1.746891e+01
      endloop
   endfacet
   facet normal 9.059204e-01 -3.749028e-01 -1.968657e-01
      outer loop
         vertex 2.679492e-01 -7.608638e+00 -1.962519e+01
         vertex 1.206148e-01 -9.096944e+00 -1.746891e+01
         vertex 1.206148e-01 -7.897847e+00 -1.975242e+01
      endloop
   endfacet
   facet normal 9.657711e-01 -2.296581e-01 -1.205960e-01
      outer loop
         vertex 1.206148e-01 -7.897847e+00 -1.975242e+01
         vertex 1.206148e-01 -9.096944e+00 -1.746891e+01
         vertex 3.038449e-02 -9.383566e+00 -1.764567e+01
      endloop
   endfacet
   facet normal 9.657711e-01 -2.296580e-01 -1.205959e-01
      outer loop
         vertex 1.206148e-01 -7.897847e+00 -1.975242e+01
         vertex 3.038449e-02 -9.383566e+00 -1.764567e+01
         vertex 3.038449e-02 -8.206081e+00 -1.988802e+01
      endloop
   endfacet
   facet normal 9.961766e-01 -7.734714e-02 -4.061583e-02
      outer loop
         vertex 3.038449e-02 -8.206081e+00 -1.988802e+01
         vertex 3.038449e-02 -9.383566e+00 -1.764567e+01
         vertex 1.156176e-15 -9.679169e+00 -1.782797e+01
      endloop
   endfacet
   facet normal 9.961766e-01 -7.734705e-02 -4.061577e-02
      outer loop
         vertex 3.038449e-02 -8.206081e+00 -1.988802e+01
         vertex 1.156176e-15 -9.679169e+00 -1.782797e+01
         vertex 1.290882e-15 -8.523974e+00 -2.002788e+01
      endloop
   endfacet
   facet normal 2.413701e-01 -7.035124e-01 -6.684391e-01
      outer loop
         vertex 1.652704e+00 -1.150702e+01 -1.255478e+01
         vertex 1.381994e+00 -1.155262e+01 -1.260454e+01
         vertex 1.652704e+00 -9.608216e+00 -1.455321e+01
      endloop
   endfacet
   facet normal 2.582738e-01 -7.015683e-01 -6.641510e-01
      outer loop
         vertex 1.652704e+00 -9.608216e+00 -1.455321e+01
         vertex 1.381994e+00 -1.155262e+01 -1.260454e+01
         vertex 1.315960e+00 -9.677761e+00 -1.461070e+01
      endloop
   endfacet
   facet normal 2.582434e-01 -7.853238e-01 -5.626517e-01
      outer loop
         vertex 1.652704e+00 -9.608216e+00 -1.455321e+01
         vertex 1.315960e+00 -9.677761e+00 -1.461070e+01
         vertex 1.652704e+00 -8.002717e+00 -1.679410e+01
      endloop
   endfacet
   facet normal 1.646498e-01 -7.150528e-01 -6.794041e-01
      outer loop
         vertex 1.652704e+00 -1.150702e+01 -1.255478e+01
         vertex 1.652704e+00 -9.608216e+00 -1.455321e+01
         vertex 1.687146e+00 -1.150312e+01 -1.255053e+01
      endloop
   endfacet
   facet normal 8.695457e-02 -7.228833e-01 -6.854770e-01
      outer loop
         vertex 1.687146e+00 -1.150312e+01 -1.255053e+01
         vertex 1.652704e+00 -9.608216e+00 -1.455321e+01
         vertex 2.000000e+00 -9.584797e+00 -1.453386e+01
      endloop
   endfacet
   facet normal 7.827030e-02 -7.227228e-01 -6.866917e-01
      outer loop
         vertex 1.687146e+00 -1.150312e+01 -1.255053e+01
         vertex 2.000000e+00 -9.584797e+00 -1.453386e+01
         vertex 2.000000e+00 -1.148649e+01 -1.253238e+01
      endloop
   endfacet
   facet normal 8.695037e-02 -8.098186e-01 -5.802012e-01
      outer loop
         vertex 1.652704e+00 -8.002717e+00 -1.679410e+01
         vertex 2.000000e+00 -7.976855e+00 -1.677815e+01
         vertex 1.652704e+00 -9.608216e+00 -1.455321e+01
      endloop
   endfacet
   facet normal 1.932957e-01 -8.053846e-01 -5.603503e-01
      outer loop
         vertex 1.652704e+00 -9.608216e+00 -1.455321e+01
         vertex 2.000000e+00 -7.976855e+00 -1.677815e+01
         vertex 2.000000e+00 -9.238643e+00 -1.496460e+01
      endloop
   endfacet
   facet normal 8.714673e-02 -7.765221e-01 -6.240343e-01
      outer loop
         vertex 1.652704e+00 -9.608216e+00 -1.455321e+01
         vertex 2.000000e+00 -9.238643e+00 -1.496460e+01
         vertex 2.000000e+00 -9.584797e+00 -1.453386e+01
      endloop
   endfacet
   facet normal 8.708179e-02 -8.944528e-01 -4.386011e-01
      outer loop
         vertex 2.000000e+00 -6.693304e+00 -1.922249e+01
         vertex 2.000000e+00 -7.422994e+00 -1.773441e+01
         vertex 1.652704e+00 -6.721116e+00 -1.923473e+01
      endloop
   endfacet
   facet normal 2.140433e-01 -8.648386e-01 -4.541362e-01
      outer loop
         vertex 1.652704e+00 -6.721116e+00 -1.923473e+01
         vertex 2.000000e+00 -7.422994e+00 -1.773441e+01
         vertex 1.652704e+00 -8.002717e+00 -1.679410e+01
      endloop
   endfacet
   facet normal 2.582447e-01 -8.553257e-01 -4.491409e-01
      outer loop
         vertex 1.652704e+00 -6.721116e+00 -1.923473e+01
         vertex 1.652704e+00 -8.002717e+00 -1.679410e+01
         vertex 1.315960e+00 -8.079518e+00 -1.684146e+01
      endloop
   endfacet
   facet normal 2.582448e-01 -7.853236e-01 -5.626513e-01
      outer loop
         vertex 1.315960e+00 -8.079518e+00 -1.684146e+01
         vertex 1.652704e+00 -8.002717e+00 -1.679410e+01
         vertex 1.315960e+00 -9.677761e+00 -1.461070e+01
      endloop
   endfacet
   facet normal 4.217897e-01 -7.370490e-01 -5.280646e-01
      outer loop
         vertex 1.315960e+00 -8.079518e+00 -1.684146e+01
         vertex 1.315960e+00 -9.677761e+00 -1.461070e+01
         vertex 1.000000e+00 -9.791321e+00 -1.470457e+01
      endloop
   endfacet
   facet normal 4.218502e-01 -6.588920e-01 -6.228192e-01
      outer loop
         vertex 1.000000e+00 -9.791321e+00 -1.470457e+01
         vertex 1.315960e+00 -9.677761e+00 -1.461070e+01
         vertex 1.092059e+00 -1.163376e+01 -1.269307e+01
      endloop
   endfacet
   facet normal 4.762669e-01 -6.374464e-01 -6.056666e-01
      outer loop
         vertex 1.000000e+00 -9.791321e+00 -1.470457e+01
         vertex 1.092059e+00 -1.163376e+01 -1.269307e+01
         vertex 1.000000e+00 -1.166753e+01 -1.272991e+01
      endloop
   endfacet
   facet normal 8.712219e-02 -9.505380e-01 -2.981395e-01
      outer loop
         vertex 1.652704e+00 -5.787833e+00 -2.182860e+01
         vertex 2.000000e+00 -5.758601e+00 -2.182031e+01
         vertex 2.000000e+00 -6.089326e+00 -2.076588e+01
      endloop
   endfacet
   facet normal 9.961766e-01 -8.220339e-02 -2.957706e-02
      outer loop
         vertex 1.290882e-15 -8.523974e+00 -2.002788e+01
         vertex 3.038449e-02 -7.348617e+00 -2.227117e+01
         vertex 3.038449e-02 -8.206081e+00 -1.988802e+01
      endloop
   endfacet
   facet normal 9.657711e-01 -2.440776e-01 -8.781997e-02
      outer loop
         vertex 3.038449e-02 -8.206081e+00 -1.988802e+01
         vertex 3.038449e-02 -7.348617e+00 -2.227117e+01
         vertex 1.206148e-01 -7.024646e+00 -2.217930e+01
      endloop
   endfacet
   facet normal 9.657711e-01 -2.440776e-01 -8.781996e-02
      outer loop
         vertex 3.038449e-02 -8.206081e+00 -1.988802e+01
         vertex 1.206148e-01 -7.024646e+00 -2.217930e+01
         vertex 1.206148e-01 -7.897847e+00 -1.975242e+01
      endloop
   endfacet
   facet normal 9.059205e-01 -3.984418e-01 -1.433607e-01
      outer loop
         vertex 1.206148e-01 -7.897847e+00 -1.975242e+01
         vertex 1.206148e-01 -7.024646e+00 -2.217930e+01
         vertex 2.679492e-01 -6.720670e+00 -2.209311e+01
      endloop
   endfacet
   facet normal 9.059205e-01 -3.984417e-01 -1.433607e-01
      outer loop
         vertex 1.206148e-01 -7.897847e+00 -1.975242e+01
         vertex 2.679492e-01 -6.720670e+00 -2.209311e+01
         vertex 2.679492e-01 -7.608638e+00 -1.962519e+01
      endloop
   endfacet
   facet normal 8.185077e-01 -5.405695e-01 -1.944987e-01
      outer loop
         vertex 2.679492e-01 -7.608638e+00 -1.962519e+01
         vertex 2.679492e-01 -6.720670e+00 -2.209311e+01
         vertex 4.679111e-01 -6.445927e+00 -2.201520e+01
      endloop
   endfacet
   facet normal 8.185077e-01 -5.405695e-01 -1.944988e-01
      outer loop
         vertex 2.679492e-01 -7.608638e+00 -1.962519e+01
         vertex 4.679111e-01 -6.445927e+00 -2.201520e+01
         vertex 4.679111e-01 -7.347242e+00 -1.951019e+01
      endloop
   endfacet
   facet normal 7.062624e-01 -6.661432e-01 -2.396806e-01
      outer loop
         vertex 4.679111e-01 -7.347242e+00 -1.951019e+01
         vertex 4.679111e-01 -6.445927e+00 -2.201520e+01
         vertex 7.144248e-01 -6.208764e+00 -2.194795e+01
      endloop
   endfacet
   facet normal 7.062624e-01 -6.661431e-01 -2.396805e-01
      outer loop
         vertex 4.679111e-01 -7.347242e+00 -1.951019e+01
         vertex 7.144248e-01 -6.208764e+00 -2.194795e+01
         vertex 7.144248e-01 -7.121599e+00 -1.941092e+01
      endloop
   endfacet
   facet normal 5.726567e-01 -7.713834e-01 -2.775463e-01
      outer loop
         vertex 7.144248e-01 -7.121599e+00 -1.941092e+01
         vertex 7.144248e-01 -6.208764e+00 -2.194795e+01
         vertex 1.000000e+00 -6.016387e+00 -2.189340e+01
      endloop
   endfacet
   facet normal 5.726574e-01 -7.713829e-01 -2.775461e-01
      outer loop
         vertex 7.144248e-01 -7.121599e+00 -1.941092e+01
         vertex 1.000000e+00 -6.016387e+00 -2.189340e+01
         vertex 1.000000e+00 -6.938567e+00 -1.933039e+01
      endloop
   endfacet
   facet normal 4.217913e-01 -8.531495e-01 -3.069659e-01
      outer loop
         vertex 1.000000e+00 -6.938567e+00 -1.933039e+01
         vertex 1.000000e+00 -6.016387e+00 -2.189340e+01
         vertex 1.315960e+00 -5.874640e+00 -2.185321e+01
      endloop
   endfacet
   facet normal 4.217907e-01 -8.531497e-01 -3.069661e-01
      outer loop
         vertex 1.000000e+00 -6.938567e+00 -1.933039e+01
         vertex 1.315960e+00 -5.874640e+00 -2.185321e+01
         vertex 1.315960e+00 -6.803706e+00 -1.927106e+01
      endloop
   endfacet
   facet normal 2.582424e-01 -9.090296e-01 -3.270719e-01
      outer loop
         vertex 1.315960e+00 -6.803706e+00 -1.927106e+01
         vertex 1.315960e+00 -5.874640e+00 -2.185321e+01
         vertex 1.652704e+00 -5.787833e+00 -2.182860e+01
      endloop
   endfacet
   facet normal 2.582418e-01 -9.090297e-01 -3.270720e-01
      outer loop
         vertex 1.315960e+00 -6.803706e+00 -1.927106e+01
         vertex 1.652704e+00 -5.787833e+00 -2.182860e+01
         vertex 1.652704e+00 -6.721116e+00 -1.923473e+01
      endloop
   endfacet
   facet normal 2.140432e-01 -9.191392e-01 -3.307094e-01
      outer loop
         vertex 1.652704e+00 -6.721116e+00 -1.923473e+01
         vertex 1.652704e+00 -5.787833e+00 -2.182860e+01
         vertex 2.000000e+00 -6.089326e+00 -2.076588e+01
      endloop
   endfacet
   facet normal 8.708178e-02 -9.276963e-01 -3.630377e-01
      outer loop
         vertex 1.652704e+00 -6.721116e+00 -1.923473e+01
         vertex 2.000000e+00 -6.089326e+00 -2.076588e+01
         vertex 2.000000e+00 -6.693304e+00 -1.922249e+01
      endloop
   endfacet
   facet normal 8.714854e-02 -9.847142e-01 -1.508080e-01
      outer loop
         vertex 1.652704e+00 -5.220653e+00 -2.452628e+01
         vertex 2.000000e+00 -5.190558e+00 -2.452209e+01
         vertex 2.000000e+00 -5.274212e+00 -2.397587e+01
      endloop
   endfacet
   facet normal 9.961766e-01 -8.549331e-02 -1.797473e-02
      outer loop
         vertex 1.434045e-15 -7.682741e+00 -2.236591e+01
         vertex 3.038449e-02 -6.827515e+00 -2.474969e+01
         vertex 3.038449e-02 -7.348617e+00 -2.227117e+01
      endloop
   endfacet
   facet normal 9.657710e-01 -2.538463e-01 -5.337047e-02
      outer loop
         vertex 3.038449e-02 -7.348617e+00 -2.227117e+01
         vertex 3.038449e-02 -6.827515e+00 -2.474969e+01
         vertex 1.206148e-01 -6.493979e+00 -2.470332e+01
      endloop
   endfacet
   facet normal 9.657710e-01 -2.538462e-01 -5.337042e-02
      outer loop
         vertex 3.038449e-02 -7.348617e+00 -2.227117e+01
         vertex 1.206148e-01 -6.493979e+00 -2.470332e+01
         vertex 1.206148e-01 -7.024646e+00 -2.217930e+01
      endloop
   endfacet
   facet normal 9.059205e-01 -4.143882e-01 -8.712390e-02
      outer loop
         vertex 1.206148e-01 -7.024646e+00 -2.217930e+01
         vertex 1.206148e-01 -6.493979e+00 -2.470332e+01
         vertex 2.679492e-01 -6.181030e+00 -2.465981e+01
      endloop
   endfacet
   facet normal 9.059205e-01 -4.143881e-01 -8.712386e-02
      outer loop
         vertex 1.206148e-01 -7.024646e+00 -2.217930e+01
         vertex 2.679492e-01 -6.181030e+00 -2.465981e+01
         vertex 2.679492e-01 -6.720670e+00 -2.209311e+01
      endloop
   endfacet
   facet normal 8.185079e-01 -5.622039e-01 -1.182017e-01
      outer loop
         vertex 2.679492e-01 -6.720670e+00 -2.209311e+01
         vertex 2.679492e-01 -6.181030e+00 -2.465981e+01
         vertex 4.679111e-01 -5.898176e+00 -2.462048e+01
      endloop
   endfacet
   facet normal 8.185078e-01 -5.622040e-01 -1.182018e-01
      outer loop
         vertex 2.679492e-01 -6.720670e+00 -2.209311e+01
         vertex 4.679111e-01 -5.898176e+00 -2.462048e+01
         vertex 4.679111e-01 -6.445927e+00 -2.201520e+01
      endloop
   endfacet
   facet normal 7.062621e-01 -6.928037e-01 -1.456600e-01
      outer loop
         vertex 4.679111e-01 -6.445927e+00 -2.201520e+01
         vertex 4.679111e-01 -5.898176e+00 -2.462048e+01
         vertex 7.144248e-01 -5.654011e+00 -2.458653e+01
      endloop
   endfacet
   facet normal 7.062621e-01 -6.928037e-01 -1.456600e-01
      outer loop
         vertex 4.679111e-01 -6.445927e+00 -2.201520e+01
         vertex 7.144248e-01 -5.654011e+00 -2.458653e+01
         vertex 7.144248e-01 -6.208764e+00 -2.194795e+01
      endloop
   endfacet
   facet normal 5.726578e-01 -8.022549e-01 -1.686717e-01
      outer loop
         vertex 7.144248e-01 -6.208764e+00 -2.194795e+01
         vertex 7.144248e-01 -5.654011e+00 -2.458653e+01
         vertex 1.000000e+00 -5.455954e+00 -2.455899e+01
      endloop
   endfacet
   facet normal 5.726569e-01 -8.022555e-01 -1.686720e-01
      outer loop
         vertex 7.144248e-01 -6.208764e+00 -2.194795e+01
         vertex 1.000000e+00 -5.455954e+00 -2.455899e+01
         vertex 1.000000e+00 -6.016387e+00 -2.189340e+01
      endloop
   endfacet
   facet normal 4.217891e-01 -8.872951e-01 -1.865513e-01
      outer loop
         vertex 1.000000e+00 -6.016387e+00 -2.189340e+01
         vertex 1.000000e+00 -5.455954e+00 -2.455899e+01
         vertex 1.315960e+00 -5.310024e+00 -2.453870e+01
      endloop
   endfacet
   facet normal 4.217910e-01 -8.872942e-01 -1.865509e-01
      outer loop
         vertex 1.000000e+00 -6.016387e+00 -2.189340e+01
         vertex 1.315960e+00 -5.310024e+00 -2.453870e+01
         vertex 1.315960e+00 -5.874640e+00 -2.185321e+01
      endloop
   endfacet
   facet normal 2.582432e-01 -9.454105e-01 -1.987697e-01
      outer loop
         vertex 1.315960e+00 -5.874640e+00 -2.185321e+01
         vertex 1.315960e+00 -5.310024e+00 -2.453870e+01
         vertex 1.652704e+00 -5.220653e+00 -2.452628e+01
      endloop
   endfacet
   facet normal 2.582425e-01 -9.454107e-01 -1.987698e-01
      outer loop
         vertex 1.315960e+00 -5.874640e+00 -2.185321e+01
         vertex 1.652704e+00 -5.220653e+00 -2.452628e+01
         vertex 1.652704e+00 -5.787833e+00 -2.182860e+01
      endloop
   endfacet
   facet normal 1.725362e-01 -9.639289e-01 -2.026632e-01
      outer loop
         vertex 1.652704e+00 -5.787833e+00 -2.182860e+01
         vertex 1.652704e+00 -5.220653e+00 -2.452628e+01
         vertex 2.000000e+00 -5.274212e+00 -2.397587e+01
      endloop
   endfacet
   facet normal 8.702321e-02 -9.719676e-01 -2.184168e-01
      outer loop
         vertex 1.652704e+00 -5.787833e+00 -2.182860e+01
         vertex 2.000000e+00 -5.274212e+00 -2.397587e+01
         vertex 2.000000e+00 -5.758601e+00 -2.182031e+01
      endloop
   endfacet
   facet normal 9.961766e-01 -8.715407e-02 -6.029872e-03
      outer loop
         vertex 1.582938e-15 -7.171502e+00 -2.479752e+01
         vertex 3.038449e-02 -6.652704e+00 -2.727636e+01
         vertex 3.038449e-02 -6.827515e+00 -2.474969e+01
      endloop
   endfacet
   facet normal 9.657710e-01 -2.587776e-01 -1.790388e-02
      outer loop
         vertex 3.038449e-02 -6.827515e+00 -2.474969e+01
         vertex 3.038449e-02 -6.652704e+00 -2.727636e+01
         vertex 1.206148e-01 -6.315960e+00 -2.727636e+01
      endloop
   endfacet
   facet normal 9.657710e-01 -2.587775e-01 -1.790387e-02
      outer loop
         vertex 3.038449e-02 -6.827515e+00 -2.474969e+01
         vertex 1.206148e-01 -6.315960e+00 -2.727636e+01
         vertex 1.206148e-01 -6.493979e+00 -2.470332e+01
      endloop
   endfacet
   facet normal 9.059205e-01 -4.224379e-01 -2.922692e-02
      outer loop
         vertex 1.206148e-01 -6.493979e+00 -2.470332e+01
         vertex 1.206148e-01 -6.315960e+00 -2.727636e+01
         vertex 2.679492e-01 -6.000000e+00 -2.727636e+01
      endloop
   endfacet
   facet normal 9.059205e-01 -4.224380e-01 -2.922695e-02
      outer loop
         vertex 1.206148e-01 -6.493979e+00 -2.470332e+01
         vertex 2.679492e-01 -6.000000e+00 -2.727636e+01
         vertex 2.679492e-01 -6.181030e+00 -2.465981e+01
      endloop
   endfacet
   facet normal 8.185078e-01 -5.731254e-01 -3.965246e-02
      outer loop
         vertex 2.679492e-01 -6.181030e+00 -2.465981e+01
         vertex 2.679492e-01 -6.000000e+00 -2.727636e+01
         vertex 4.679111e-01 -5.714425e+00 -2.727636e+01
      endloop
   endfacet
   facet normal 8.185079e-01 -5.731253e-01 -3.965243e-02
      outer loop
         vertex 2.679492e-01 -6.181030e+00 -2.465981e+01
         vertex 4.679111e-01 -5.714425e+00 -2.727636e+01
         vertex 4.679111e-01 -5.898176e+00 -2.462048e+01
      endloop
   endfacet
   facet normal 7.062621e-01 -7.062622e-01 -4.886368e-02
      outer loop
         vertex 4.679111e-01 -5.898176e+00 -2.462048e+01
         vertex 4.679111e-01 -5.714425e+00 -2.727636e+01
         vertex 7.144248e-01 -5.467911e+00 -2.727636e+01
      endloop
   endfacet
   facet normal 7.062620e-01 -7.062622e-01 -4.886369e-02
      outer loop
         vertex 4.679111e-01 -5.898176e+00 -2.462048e+01
         vertex 7.144248e-01 -5.467911e+00 -2.727636e+01
         vertex 7.144248e-01 -5.654011e+00 -2.458653e+01
      endloop
   endfacet
   facet normal 5.726575e-01 -8.178397e-01 -5.658333e-02
      outer loop
         vertex 7.144248e-01 -5.654011e+00 -2.458653e+01
         vertex 7.144248e-01 -5.467911e+00 -2.727636e+01
         vertex 1.000000e+00 -5.267949e+00 -2.727636e+01
      endloop
   endfacet
   facet normal 5.726578e-01 -8.178395e-01 -5.658326e-02
      outer loop
         vertex 7.144248e-01 -5.654011e+00 -2.458653e+01
         vertex 1.000000e+00 -5.267949e+00 -2.727636e+01
         vertex 1.000000e+00 -5.455954e+00 -2.455899e+01
      endloop
   endfacet
   facet normal 4.217907e-01 -9.045309e-01 -6.258112e-02
      outer loop
         vertex 1.000000e+00 -5.455954e+00 -2.455899e+01
         vertex 1.000000e+00 -5.267949e+00 -2.727636e+01
         vertex 1.315960e+00 -5.120615e+00 -2.727636e+01
      endloop
   endfacet
   facet normal 4.217891e-01 -9.045316e-01 -6.258138e-02
      outer loop
         vertex 1.000000e+00 -5.455954e+00 -2.455899e+01
         vertex 1.315960e+00 -5.120615e+00 -2.727636e+01
         vertex 1.315960e+00 -5.310024e+00 -2.453870e+01
      endloop
   endfacet
   facet normal 2.582430e-01 -9.637761e-01 -6.668030e-02
      outer loop
         vertex 1.315960e+00 -5.310024e+00 -2.453870e+01
         vertex 1.315960e+00 -5.120615e+00 -2.727636e+01
         vertex 1.652704e+00 -5.030384e+00 -2.727636e+01
      endloop
   endfacet
   facet normal 2.582432e-01 -9.637760e-01 -6.668027e-02
      outer loop
         vertex 1.315960e+00 -5.310024e+00 -2.453870e+01
         vertex 1.652704e+00 -5.030384e+00 -2.727636e+01
         vertex 1.652704e+00 -5.220653e+00 -2.452628e+01
      endloop
   endfacet
   facet normal 8.694917e-02 -9.938370e-01 -6.876008e-02
      outer loop
         vertex 1.652704e+00 -5.220653e+00 -2.452628e+01
         vertex 1.652704e+00 -5.030384e+00 -2.727636e+01
         vertex 2.000000e+00 -5.000000e+00 -2.727636e+01
      endloop
   endfacet
   facet normal 8.695029e-02 -9.938369e-01 -6.875993e-02
      outer loop
         vertex 1.652704e+00 -5.220653e+00 -2.452628e+01
         vertex 2.000000e+00 -5.000000e+00 -2.727636e+01
         vertex 2.000000e+00 -5.190558e+00 -2.452209e+01
      endloop
   endfacet
   facet normal 1.645150e-01 -7.226613e-01 -6.713386e-01
      outer loop
         vertex 1.652704e+00 -1.150702e+01 -1.255478e+01
         vertex 1.687146e+00 -1.150312e+01 -1.255053e+01
         vertex 1.687146e+00 -1.336242e+01 -1.054909e+01
      endloop
   endfacet
   facet normal 9.439049e-01 -2.014634e-01 -2.616409e-01
      outer loop
         vertex 2.241248e-01 -1.264929e+01 -1.291838e+01
         vertex 1.026098e-01 -1.241055e+01 -1.354059e+01
         vertex 1.206148e-01 -1.237565e+01 -1.350251e+01
      endloop
   endfacet
   facet normal 9.170373e-01 -2.732276e-01 -2.904984e-01
      outer loop
         vertex 1.206148e-01 -1.237565e+01 -1.350251e+01
         vertex 2.180342e-01 -1.222427e+01 -1.333735e+01
         vertex 2.241248e-01 -1.264929e+01 -1.291838e+01
      endloop
   endfacet
   facet normal 8.787753e-01 -3.285865e-01 -3.460994e-01
      outer loop
         vertex 2.241248e-01 -1.264929e+01 -1.291838e+01
         vertex 2.180342e-01 -1.222427e+01 -1.333735e+01
         vertex 2.679492e-01 -1.216216e+01 -1.326958e+01
      endloop
   endfacet
   facet normal 8.695777e-01 -3.378638e-01 -3.601149e-01
      outer loop
         vertex 2.241248e-01 -1.264929e+01 -1.291838e+01
         vertex 2.679492e-01 -1.216216e+01 -1.326958e+01
         vertex 3.871385e-01 -1.290556e+01 -1.228431e+01
      endloop
   endfacet
   facet normal 8.385199e-01 -3.813533e-01 -3.891709e-01
      outer loop
         vertex 3.871385e-01 -1.290556e+01 -1.228431e+01
         vertex 2.679492e-01 -1.216216e+01 -1.326958e+01
         vertex 3.820184e-01 -1.204348e+01 -1.314010e+01
      endloop
   endfacet
   facet normal 8.149139e-01 -4.058792e-01 -4.137358e-01
      outer loop
         vertex 3.871385e-01 -1.290556e+01 -1.228431e+01
         vertex 3.820184e-01 -1.204348e+01 -1.314010e+01
         vertex 4.825796e-01 -1.303983e+01 -1.196460e+01
      endloop
   endfacet
   facet normal 7.877289e-01 -4.350504e-01 -4.361356e-01
      outer loop
         vertex 4.825796e-01 -1.303983e+01 -1.196460e+01
         vertex 3.820184e-01 -1.204348e+01 -1.314010e+01
         vertex 4.679111e-01 -1.196921e+01 -1.305906e+01
      endloop
   endfacet
   facet normal 7.794939e-01 -4.425325e-01 -4.433444e-01
      outer loop
         vertex 4.825796e-01 -1.303983e+01 -1.196460e+01
         vertex 4.679111e-01 -1.196921e+01 -1.305906e+01
         vertex 5.905704e-01 -1.318344e+01 -1.163138e+01
      endloop
   endfacet
   facet normal 3.949536e-01 -7.404793e-01 -5.437849e-01
      outer loop
         vertex 1.383775e+00 -1.412789e+01 -9.629136e+00
         vertex 1.230418e+00 -1.395201e+01 -9.980028e+00
         vertex 1.381994e+00 -1.341992e+01 -1.059448e+01
      endloop
   endfacet
   facet normal 4.111083e-01 -7.368672e-01 -5.366719e-01
      outer loop
         vertex 1.381994e+00 -1.341992e+01 -1.059448e+01
         vertex 1.230418e+00 -1.395201e+01 -9.980028e+00
         vertex 1.138595e+00 -1.384608e+01 -1.019582e+01
      endloop
   endfacet
   facet normal 3.825790e-01 -7.382366e-01 -5.555538e-01
      outer loop
         vertex 1.381994e+00 -1.341992e+01 -1.059448e+01
         vertex 1.138595e+00 -1.384608e+01 -1.019582e+01
         vertex 1.092059e+00 -1.351418e+01 -1.066890e+01
      endloop
   endfacet
   facet normal 4.728404e-01 -6.987923e-01 -5.367600e-01
      outer loop
         vertex 1.092059e+00 -1.351418e+01 -1.066890e+01
         vertex 1.138595e+00 -1.384608e+01 -1.019582e+01
         vertex 1.093997e+00 -1.379436e+01 -1.030243e+01
      endloop
   endfacet
   facet normal 4.974874e-01 -6.878639e-01 -5.285352e-01
      outer loop
         vertex 1.092059e+00 -1.351418e+01 -1.066890e+01
         vertex 1.093997e+00 -1.379436e+01 -1.030243e+01
         vertex 9.196006e-01 -1.358962e+01 -1.073305e+01
      endloop
   endfacet
   facet normal 2.472227e-01 -7.945497e-01 -5.545915e-01
      outer loop
         vertex 1.991732e+00 -1.483052e+01 -8.310015e+00
         vertex 1.835142e+00 -1.464698e+01 -8.642765e+00
         vertex 1.687146e+00 -1.336242e+01 -1.054909e+01
      endloop
   endfacet
   facet normal 2.736696e-01 -7.876558e-01 -5.519993e-01
      outer loop
         vertex 1.687146e+00 -1.336242e+01 -1.054909e+01
         vertex 1.835142e+00 -1.464698e+01 -8.642765e+00
         vertex 1.688544e+00 -1.447730e+01 -8.957566e+00
      endloop
   endfacet
   facet normal 3.098119e-01 -7.786103e-01 -5.456946e-01
      outer loop
         vertex 1.687146e+00 -1.336242e+01 -1.054909e+01
         vertex 1.688544e+00 -1.447730e+01 -8.957566e+00
         vertex 1.383775e+00 -1.412789e+01 -9.629136e+00
      endloop
   endfacet
   facet normal 1.893534e-01 -8.164970e-01 -5.454154e-01
      outer loop
         vertex 2.000000e+00 -1.484029e+01 -8.292514e+00
         vertex 1.991732e+00 -1.483052e+01 -8.310015e+00
         vertex 2.000000e+00 -1.334310e+01 -1.053384e+01
      endloop
   endfacet
   facet normal 7.821255e-02 -8.287973e-01 -5.540558e-01
      outer loop
         vertex 2.000000e+00 -1.334310e+01 -1.053384e+01
         vertex 1.991732e+00 -1.483052e+01 -8.310015e+00
         vertex 1.687146e+00 -1.336242e+01 -1.054909e+01
      endloop
   endfacet
   facet normal 7.820431e-02 -7.304000e-01 -6.785278e-01
      outer loop
         vertex 2.000000e+00 -1.334310e+01 -1.053384e+01
         vertex 1.687146e+00 -1.336242e+01 -1.054909e+01
         vertex 2.000000e+00 -1.148649e+01 -1.253238e+01
      endloop
   endfacet
   facet normal 7.820490e-02 -7.304000e-01 -6.785277e-01
      outer loop
         vertex 2.000000e+00 -1.148649e+01 -1.253238e+01
         vertex 1.687146e+00 -1.336242e+01 -1.054909e+01
         vertex 1.687146e+00 -1.150312e+01 -1.255053e+01
      endloop
   endfacet
   facet normal 2.332972e-01 -7.839281e-01 -5.753513e-01
      outer loop
         vertex 1.383775e+00 -1.412789e+01 -9.629136e+00
         vertex 1.381994e+00 -1.341992e+01 -1.059448e+01
         vertex 1.687146e+00 -1.336242e+01 -1.054909e+01
      endloop
   endfacet
   facet normal 2.327219e-01 -7.125277e-01 -6.619250e-01
      outer loop
         vertex 1.687146e+00 -1.336242e+01 -1.054909e+01
         vertex 1.381994e+00 -1.341992e+01 -1.059448e+01
         vertex 1.381994e+00 -1.155262e+01 -1.260454e+01
      endloop
   endfacet
   facet normal 2.411977e-01 -7.103322e-01 -6.612502e-01
      outer loop
         vertex 1.687146e+00 -1.336242e+01 -1.054909e+01
         vertex 1.381994e+00 -1.155262e+01 -1.260454e+01
         vertex 1.652704e+00 -1.150702e+01 -1.255478e+01
      endloop
   endfacet
   facet normal 7.367959e-01 -4.824796e-01 -4.736510e-01
      outer loop
         vertex 4.679111e-01 -1.196921e+01 -1.305906e+01
         vertex 5.858390e-01 -1.188225e+01 -1.296419e+01
         vertex 5.905704e-01 -1.318344e+01 -1.163138e+01
      endloop
   endfacet
   facet normal 6.750575e-01 -5.267027e-01 -5.166059e-01
      outer loop
         vertex 5.905704e-01 -1.318344e+01 -1.163138e+01
         vertex 5.858390e-01 -1.188225e+01 -1.296419e+01
         vertex 7.144248e-01 -1.180264e+01 -1.287733e+01
      endloop
   endfacet
   facet normal 7.192735e-01 -4.998675e-01 -4.824709e-01
      outer loop
         vertex 5.905704e-01 -1.318344e+01 -1.163138e+01
         vertex 7.144248e-01 -1.180264e+01 -1.287733e+01
         vertex 8.326286e-01 -1.348544e+01 -1.095763e+01
      endloop
   endfacet
   facet normal 6.146271e-01 -5.740305e-01 -5.410384e-01
      outer loop
         vertex 8.326286e-01 -1.348544e+01 -1.095763e+01
         vertex 7.144248e-01 -1.180264e+01 -1.287733e+01
         vertex 8.244776e-01 -1.174455e+01 -1.281394e+01
      endloop
   endfacet
   facet normal 6.691876e-01 -5.405583e-01 -5.098870e-01
      outer loop
         vertex 8.326286e-01 -1.348544e+01 -1.095763e+01
         vertex 8.244776e-01 -1.174455e+01 -1.281394e+01
         vertex 9.196006e-01 -1.358962e+01 -1.073305e+01
      endloop
   endfacet
   facet normal 5.433577e-01 -6.156590e-01 -5.707245e-01
      outer loop
         vertex 9.196006e-01 -1.358962e+01 -1.073305e+01
         vertex 8.244776e-01 -1.174455e+01 -1.281394e+01
         vertex 1.000000e+00 -1.166753e+01 -1.272991e+01
      endloop
   endfacet
   facet normal 4.975686e-01 -6.348759e-01 -5.910652e-01
      outer loop
         vertex 9.196006e-01 -1.358962e+01 -1.073305e+01
         vertex 1.000000e+00 -1.166753e+01 -1.272991e+01
         vertex 1.092059e+00 -1.351418e+01 -1.066890e+01
      endloop
   endfacet
   facet normal 4.759571e-01 -6.443371e-01 -5.985771e-01
      outer loop
         vertex 1.092059e+00 -1.351418e+01 -1.066890e+01
         vertex 1.000000e+00 -1.166753e+01 -1.272991e+01
         vertex 1.092059e+00 -1.163376e+01 -1.269307e+01
      endloop
   endfacet
   facet normal 3.816129e-01 -6.771990e-01 -6.291051e-01
      outer loop
         vertex 1.092059e+00 -1.351418e+01 -1.066890e+01
         vertex 1.092059e+00 -1.163376e+01 -1.269307e+01
         vertex 1.381994e+00 -1.341992e+01 -1.059448e+01
      endloop
   endfacet
   facet normal 3.977146e-01 -6.708500e-01 -6.259259e-01
      outer loop
         vertex 1.381994e+00 -1.341992e+01 -1.059448e+01
         vertex 1.092059e+00 -1.163376e+01 -1.269307e+01
         vertex 1.315960e+00 -1.156798e+01 -1.262130e+01
      endloop
   endfacet
   facet normal 3.246276e-01 -6.929651e-01 -6.437517e-01
      outer loop
         vertex 1.381994e+00 -1.341992e+01 -1.059448e+01
         vertex 1.315960e+00 -1.156798e+01 -1.262130e+01
         vertex 1.381994e+00 -1.155262e+01 -1.260454e+01
      endloop
   endfacet
   facet normal 2.425356e-01 -9.701425e-01 0.000000e+00
      outer loop
         vertex 2.000000e+00 -5.000000e+00 -2.012236e+02
         vertex 6.000000e+00 -4.000000e+00 -2.012236e+02
         vertex 2.000000e+00 -5.000000e+00 -2.727636e+01
      endloop
   endfacet
   facet normal 2.425356e-01 -9.701425e-01 0.000000e+00
      outer loop
         vertex 2.000000e+00 -5.000000e+00 -2.727636e+01
         vertex 6.000000e+00 -4.000000e+00 -2.012236e+02
         vertex 6.000000e+00 -4.000000e+00 -2.727636e+01
      endloop
   endfacet
   facet normal 2.417516e-01 -9.670065e-01 8.034068e-02
      outer loop
         vertex 6.000000e+00 -4.287922e+00 -2.046892e+02
         vertex 6.000000e+00 -4.000000e+00 -2.012236e+02
         vertex 2.000000e+00 -5.000000e+00 -2.012236e+02
      endloop
   endfacet
   facet normal 2.309745e-01 -9.706395e-01 6.715499e-02
      outer loop
         vertex 2.000000e+00 -5.000000e+00 -2.012236e+02
         vertex 2.000000e+00 -5.190558e+00 -2.039779e+02
         vertex 6.000000e+00 -4.287922e+00 -2.046892e+02
      endloop
   endfacet
   facet normal 2.425141e-01 -9.589667e-01 1.468668e-01
      outer loop
         vertex 6.000000e+00 -4.287922e+00 -2.046892e+02
         vertex 2.000000e+00 -5.190558e+00 -2.039779e+02
         vertex 2.000000e+00 -5.274212e+00 -2.045241e+02
      endloop
   endfacet
   facet normal 2.417520e-01 -9.404900e-01 2.388191e-01
      outer loop
         vertex 6.000000e+00 -4.287922e+00 -2.046892e+02
         vertex 2.000000e+00 -5.274212e+00 -2.045241e+02
         vertex 6.000000e+00 -5.143793e+00 -2.080597e+02
      endloop
   endfacet
   facet normal 2.200705e-01 -9.517494e-01 2.138738e-01
      outer loop
         vertex 2.000000e+00 -5.274212e+00 -2.045241e+02
         vertex 2.000000e+00 -5.758601e+00 -2.066797e+02
         vertex 6.000000e+00 -5.143793e+00 -2.080597e+02
      endloop
   endfacet
   facet normal 2.424489e-01 -9.256982e-01 2.903469e-01
      outer loop
         vertex 6.000000e+00 -5.143793e+00 -2.080597e+02
         vertex 2.000000e+00 -5.758601e+00 -2.066797e+02
         vertex 2.000000e+00 -6.089326e+00 -2.077341e+02
      endloop
   endfacet
   facet normal 2.417522e-01 -8.881840e-01 3.907493e-01
      outer loop
         vertex 6.000000e+00 -5.143793e+00 -2.080597e+02
         vertex 2.000000e+00 -6.089326e+00 -2.077341e+02
         vertex 6.000000e+00 -6.544144e+00 -2.112427e+02
      endloop
   endfacet
   facet normal 2.090415e-01 -9.106601e-01 3.563705e-01
      outer loop
         vertex 6.000000e+00 -6.544144e+00 -2.112427e+02
         vertex 2.000000e+00 -6.089326e+00 -2.077341e+02
         vertex 2.000000e+00 -6.693304e+00 -2.092775e+02
      endloop
   endfacet
   facet normal 2.423403e-01 -8.710989e-01 4.271509e-01
      outer loop
         vertex 2.000000e+00 -6.693304e+00 -2.092775e+02
         vertex 2.000000e+00 -7.422994e+00 -2.107656e+02
         vertex 6.000000e+00 -6.544144e+00 -2.112427e+02
      endloop
   endfacet
   facet normal 2.424493e-01 -8.395168e-01 4.862405e-01
      outer loop
         vertex 6.000000e+00 -6.544144e+00 -2.112427e+02
         vertex 2.000000e+00 -7.422994e+00 -2.107656e+02
         vertex 2.000000e+00 -7.976855e+00 -2.117219e+02
      endloop
   endfacet
   facet normal 2.277371e-01 -8.143540e-01 5.338196e-01
      outer loop
         vertex 6.000000e+00 -6.544144e+00 -2.112427e+02
         vertex 2.000000e+00 -7.976855e+00 -2.117219e+02
         vertex 6.000000e+00 -8.450575e+00 -2.141510e+02
      endloop
   endfacet
   facet normal 2.419921e-01 -7.033987e-01 6.683338e-01
      outer loop
         vertex 2.000000e+00 -1.148649e+01 -2.159676e+02
         vertex 6.000000e+00 -1.081081e+01 -2.167048e+02
         vertex 2.000000e+00 -9.584797e+00 -2.139661e+02
      endloop
   endfacet
   facet normal 2.330111e-01 -7.141781e-01 6.600420e-01
      outer loop
         vertex 2.000000e+00 -9.584797e+00 -2.139661e+02
         vertex 6.000000e+00 -1.081081e+01 -2.167048e+02
         vertex 6.000000e+00 -8.450575e+00 -2.141510e+02
      endloop
   endfacet
   facet normal 2.425150e-01 -7.562239e-01 6.077103e-01
      outer loop
         vertex 2.000000e+00 -9.584797e+00 -2.139661e+02
         vertex 6.000000e+00 -8.450575e+00 -2.141510e+02
         vertex 2.000000e+00 -9.238643e+00 -2.135354e+02
      endloop
   endfacet
   facet normal 2.421882e-01 -7.964271e-01 5.541198e-01
      outer loop
         vertex 2.000000e+00 -9.238643e+00 -2.135354e+02
         vertex 6.000000e+00 -8.450575e+00 -2.141510e+02
         vertex 2.000000e+00 -7.976855e+00 -2.117219e+02
      endloop
   endfacet
   facet normal 2.417515e-01 -7.126098e-01 -6.585921e-01
      outer loop
         vertex 6.000000e+00 -8.450575e+00 -1.434901e+01
         vertex 6.000000e+00 -1.081081e+01 -1.179518e+01
         vertex 2.000000e+00 -1.148649e+01 -1.253238e+01
      endloop
   endfacet
   facet normal 2.309746e-01 -7.053441e-01 -6.701794e-01
      outer loop
         vertex 2.000000e+00 -1.148649e+01 -1.253238e+01
         vertex 2.000000e+00 -9.584797e+00 -1.453386e+01
         vertex 6.000000e+00 -8.450575e+00 -1.434901e+01
      endloop
   endfacet
   facet normal 2.425138e-01 -7.562184e-01 -6.077177e-01
      outer loop
         vertex 6.000000e+00 -8.450575e+00 -1.434901e+01
         vertex 2.000000e+00 -9.584797e+00 -1.453386e+01
         vertex 2.000000e+00 -9.238643e+00 -1.496460e+01
      endloop
   endfacet
   facet normal 2.417515e-01 -8.115235e-01 -5.319640e-01
      outer loop
         vertex 6.000000e+00 -8.450575e+00 -1.434901e+01
         vertex 2.000000e+00 -9.238643e+00 -1.496460e+01
         vertex 6.000000e+00 -6.544144e+00 -1.725731e+01
      endloop
   endfacet
   facet normal 2.200697e-01 -8.007414e-01 -5.571199e-01
      outer loop
         vertex 2.000000e+00 -9.238643e+00 -1.496460e+01
         vertex 2.000000e+00 -7.976855e+00 -1.677815e+01
         vertex 6.000000e+00 -6.544144e+00 -1.725731e+01
      endloop
   endfacet
   facet normal 2.424485e-01 -8.395162e-01 -4.862421e-01
      outer loop
         vertex 6.000000e+00 -6.544144e+00 -1.725731e+01
         vertex 2.000000e+00 -7.976855e+00 -1.677815e+01
         vertex 2.000000e+00 -7.422994e+00 -1.773441e+01
      endloop
   endfacet
   facet normal 2.417516e-01 -8.881843e-01 -3.907490e-01
      outer loop
         vertex 6.000000e+00 -6.544144e+00 -1.725731e+01
         vertex 2.000000e+00 -7.422994e+00 -1.773441e+01
         vertex 6.000000e+00 -5.143793e+00 -2.044035e+01
      endloop
   endfacet
   facet normal 2.090414e-01 -8.780270e-01 -4.305465e-01
      outer loop
         vertex 6.000000e+00 -5.143793e+00 -2.044035e+01
         vertex 2.000000e+00 -7.422994e+00 -1.773441e+01
         vertex 2.000000e+00 -6.693304e+00 -1.922249e+01
      endloop
   endfacet
   facet normal 2.423395e-01 -9.034752e-01 -3.535592e-01
      outer loop
         vertex 2.000000e+00 -6.693304e+00 -1.922249e+01
         vertex 2.000000e+00 -6.089326e+00 -2.076588e+01
         vertex 6.000000e+00 -5.143793e+00 -2.044035e+01
      endloop
   endfacet
   facet normal 2.424484e-01 -9.256979e-01 -2.903483e-01
      outer loop
         vertex 6.000000e+00 -5.143793e+00 -2.044035e+01
         vertex 2.000000e+00 -6.089326e+00 -2.076588e+01
         vertex 2.000000e+00 -5.758601e+00 -2.182031e+01
      endloop
   endfacet
   facet normal 2.277367e-01 -9.437705e-01 -2.396523e-01
      outer loop
         vertex 6.000000e+00 -5.143793e+00 -2.044035e+01
         vertex 2.000000e+00 -5.758601e+00 -2.182031e+01
         vertex 6.000000e+00 -4.287922e+00 -2.381084e+01
      endloop
   endfacet
   facet normal 2.419911e-01 -9.679645e-01 -6.696992e-02
      outer loop
         vertex 2.000000e+00 -5.000000e+00 -2.727636e+01
         vertex 6.000000e+00 -4.000000e+00 -2.727636e+01
         vertex 2.000000e+00 -5.190558e+00 -2.452209e+01
      endloop
   endfacet
   facet normal 2.330110e-01 -9.691351e-01 -8.051748e-02
      outer loop
         vertex 2.000000e+00 -5.190558e+00 -2.452209e+01
         vertex 6.000000e+00 -4.000000e+00 -2.727636e+01
         vertex 6.000000e+00 -4.287922e+00 -2.381084e+01
      endloop
   endfacet
   facet normal 2.425139e-01 -9.589670e-01 -1.468648e-01
      outer loop
         vertex 2.000000e+00 -5.190558e+00 -2.452209e+01
         vertex 6.000000e+00 -4.287922e+00 -2.381084e+01
         vertex 2.000000e+00 -5.274212e+00 -2.397587e+01
      endloop
   endfacet
   facet normal 2.421872e-01 -9.466229e-01 -2.127214e-01
      outer loop
         vertex 2.000000e+00 -5.274212e+00 -2.397587e+01
         vertex 6.000000e+00 -4.287922e+00 -2.381084e+01
         vertex 2.000000e+00 -5.758601e+00 -2.182031e+01
      endloop
   endfacet
   facet normal 2.418092e-01 -7.105862e-01 6.607538e-01
      outer loop
         vertex 6.000000e+00 -1.081081e+01 -2.167048e+02
         vertex 2.000000e+00 -1.148649e+01 -2.159676e+02
         vertex 6.000000e+00 -1.254871e+01 -2.185738e+02
      endloop
   endfacet
   facet normal 2.415204e-01 -7.109563e-01 6.604613e-01
      outer loop
         vertex 6.000000e+00 -1.254871e+01 -2.185738e+02
         vertex 2.000000e+00 -1.148649e+01 -2.159676e+02
         vertex 2.000000e+00 -1.334310e+01 -2.179662e+02
      endloop
   endfacet
   facet normal 2.421032e-01 -8.065442e-01 5.393260e-01
      outer loop
         vertex 6.000000e+00 -1.254871e+01 -2.185738e+02
         vertex 2.000000e+00 -1.334310e+01 -2.179662e+02
         vertex 6.000000e+00 -1.396733e+01 -2.206953e+02
      endloop
   endfacet
   facet normal 2.416779e-01 8.848790e-01 3.982223e-01
      outer loop
         vertex 2.000000e+00 1.484029e+01 -2.202075e+02
         vertex 6.000000e+00 1.510425e+01 -2.232216e+02
         vertex 2.000000e+00 1.604826e+01 -2.228917e+02
      endloop
   endfacet
   facet normal 2.416781e-01 9.403063e-01 2.396158e-01
      outer loop
         vertex 2.000000e+00 1.604826e+01 -2.228917e+02
         vertex 6.000000e+00 1.510425e+01 -2.232216e+02
         vertex 6.000000e+00 1.578834e+01 -2.259061e+02
      endloop
   endfacet
   facet normal 2.416788e-01 9.403059e-01 2.396167e-01
      outer loop
         vertex 2.000000e+00 1.604826e+01 -2.228917e+02
         vertex 6.000000e+00 1.578834e+01 -2.259061e+02
         vertex 2.000000e+00 1.677512e+01 -2.257440e+02
      endloop
   endfacet
   facet normal 2.416785e-01 9.675439e-01 7.382563e-02
      outer loop
         vertex 2.000000e+00 1.677512e+01 -2.257440e+02
         vertex 6.000000e+00 1.578834e+01 -2.259061e+02
         vertex 6.000000e+00 1.599911e+01 -2.286684e+02
      endloop
   endfacet
   facet normal 2.416781e-01 9.675441e-01 7.382508e-02
      outer loop
         vertex 2.000000e+00 1.677512e+01 -2.257440e+02
         vertex 6.000000e+00 1.599911e+01 -2.286684e+02
         vertex 2.000000e+00 1.699906e+01 -2.286790e+02
      endloop
   endfacet
   facet normal 2.416784e-01 9.657753e-01 -9.417884e-02
      outer loop
         vertex 2.000000e+00 1.699906e+01 -2.286790e+02
         vertex 6.000000e+00 1.599911e+01 -2.286684e+02
         vertex 6.000000e+00 1.573024e+01 -2.314257e+02
      endloop
   endfacet
   facet normal 2.416782e-01 9.657753e-01 -9.417919e-02
      outer loop
         vertex 2.000000e+00 1.699906e+01 -2.286790e+02
         vertex 6.000000e+00 1.573024e+01 -2.314257e+02
         vertex 2.000000e+00 1.671338e+01 -2.316086e+02
      endloop
   endfacet
   facet normal 2.416780e-01 9.350528e-01 -2.593607e-01
      outer loop
         vertex 2.000000e+00 1.671338e+01 -2.316086e+02
         vertex 6.000000e+00 1.573024e+01 -2.314257e+02
         vertex 6.000000e+00 1.498977e+01 -2.340952e+02
      endloop
   endfacet
   facet normal 2.416783e-01 9.350529e-01 -2.593603e-01
      outer loop
         vertex 2.000000e+00 1.671338e+01 -2.316086e+02
         vertex 6.000000e+00 1.498977e+01 -2.340952e+02
         vertex 2.000000e+00 1.592663e+01 -2.344449e+02
      endloop
   endfacet
   facet normal 2.416782e-01 8.762980e-01 -4.167655e-01
      outer loop
         vertex 2.000000e+00 1.592663e+01 -2.344449e+02
         vertex 6.000000e+00 1.498977e+01 -2.340952e+02
         vertex 6.000000e+00 1.379992e+01 -2.365970e+02
      endloop
   endfacet
   facet normal 2.416789e-01 8.762983e-01 -4.167645e-01
      outer loop
         vertex 2.000000e+00 1.592663e+01 -2.344449e+02
         vertex 6.000000e+00 1.379992e+01 -2.365970e+02
         vertex 2.000000e+00 1.466241e+01 -2.371031e+02
      endloop
   endfacet
   facet normal 2.416792e-01 7.912723e-01 -5.616754e-01
      outer loop
         vertex 2.000000e+00 1.466241e+01 -2.371031e+02
         vertex 6.000000e+00 1.379992e+01 -2.365970e+02
         vertex 6.000000e+00 1.219635e+01 -2.388561e+02
      endloop
   endfacet
   facet normal 2.416789e-01 7.912722e-01 -5.616758e-01
      outer loop
         vertex 2.000000e+00 1.466241e+01 -2.371031e+02
         vertex 6.000000e+00 1.219635e+01 -2.388561e+02
         vertex 2.000000e+00 1.295862e+01 -2.395034e+02
      endloop
   endfacet
   facet normal 2.416791e-01 6.825256e-01 -6.897463e-01
      outer loop
         vertex 2.000000e+00 1.295862e+01 -2.395034e+02
         vertex 6.000000e+00 1.219635e+01 -2.388561e+02
         vertex 6.000000e+00 1.022714e+01 -2.408047e+02
      endloop
   endfacet
   facet normal 2.416768e-01 6.825236e-01 -6.897491e-01
      outer loop
         vertex 2.000000e+00 1.295862e+01 -2.395034e+02
         vertex 6.000000e+00 1.022714e+01 -2.408047e+02
         vertex 2.000000e+00 1.086634e+01 -2.415737e+02
      endloop
   endfacet
   facet normal 2.416765e-01 5.533126e-01 -7.971435e-01
      outer loop
         vertex 2.000000e+00 1.086634e+01 -2.415737e+02
         vertex 6.000000e+00 1.022714e+01 -2.408047e+02
         vertex 6.000000e+00 7.951326e+00 -2.423844e+02
      endloop
   endfacet
   facet normal 2.416801e-01 5.533165e-01 -7.971397e-01
      outer loop
         vertex 2.000000e+00 1.086634e+01 -2.415737e+02
         vertex 6.000000e+00 7.951326e+00 -2.423844e+02
         vertex 2.000000e+00 8.448284e+00 -2.432522e+02
      endloop
   endfacet
   facet normal 2.416803e-01 4.075179e-01 -8.806360e-01
      outer loop
         vertex 2.000000e+00 8.448284e+00 -2.432522e+02
         vertex 6.000000e+00 7.951326e+00 -2.423844e+02
         vertex 6.000000e+00 5.437133e+00 -2.435478e+02
      endloop
   endfacet
   facet normal 2.416776e-01 4.075146e-01 -8.806383e-01
      outer loop
         vertex 2.000000e+00 8.448284e+00 -2.432522e+02
         vertex 6.000000e+00 5.437133e+00 -2.435478e+02
         vertex 2.000000e+00 5.776954e+00 -2.444883e+02
      endloop
   endfacet
   facet normal 2.416775e-01 2.495018e-01 -9.377317e-01
      outer loop
         vertex 2.000000e+00 5.776954e+00 -2.444883e+02
         vertex 6.000000e+00 5.437133e+00 -2.435478e+02
         vertex 6.000000e+00 2.759937e+00 -2.442602e+02
      endloop
   endfacet
   facet normal 2.416786e-01 2.495032e-01 -9.377311e-01
      outer loop
         vertex 2.000000e+00 5.776954e+00 -2.444883e+02
         vertex 6.000000e+00 2.759937e+00 -2.442602e+02
         vertex 2.000000e+00 2.932434e+00 -2.452452e+02
      endloop
   endfacet
   facet normal 2.416786e-01 8.400585e-02 -9.667132e-01
      outer loop
         vertex 2.000000e+00 2.932434e+00 -2.452452e+02
         vertex 6.000000e+00 2.759937e+00 -2.442602e+02
         vertex 6.000000e+00 9.064862e-15 -2.445000e+02
      endloop
   endfacet
   facet normal 2.416788e-01 8.400614e-02 -9.667132e-01
      outer loop
         vertex 2.000000e+00 2.932434e+00 -2.452452e+02
         vertex 6.000000e+00 9.064862e-15 -2.445000e+02
         vertex 2.000000e+00 9.631416e-15 -2.455000e+02
      endloop
   endfacet
   facet normal 2.416788e-01 -8.400584e-02 -9.667132e-01
      outer loop
         vertex 2.000000e+00 9.631416e-15 -2.455000e+02
         vertex 6.000000e+00 9.064862e-15 -2.445000e+02
         vertex 6.000000e+00 -2.759937e+00 -2.442602e+02
      endloop
   endfacet
   facet normal 2.416786e-01 -8.400615e-02 -9.667132e-01
      outer loop
         vertex 2.000000e+00 9.631416e-15 -2.455000e+02
         vertex 6.000000e+00 -2.759937e+00 -2.442602e+02
         vertex 2.000000e+00 -2.932434e+00 -2.452452e+02
      endloop
   endfacet
   facet normal 2.416786e-01 -2.495018e-01 -9.377315e-01
      outer loop
         vertex 2.000000e+00 -2.932434e+00 -2.452452e+02
         vertex 6.000000e+00 -2.759937e+00 -2.442602e+02
         vertex 6.000000e+00 -5.437133e+00 -2.435478e+02
      endloop
   endfacet
   facet normal 2.416776e-01 -2.495033e-01 -9.377313e-01
      outer loop
         vertex 2.000000e+00 -2.932434e+00 -2.452452e+02
         vertex 6.000000e+00 -5.437133e+00 -2.435478e+02
         vertex 2.000000e+00 -5.776954e+00 -2.444883e+02
      endloop
   endfacet
   facet normal 2.416775e-01 -4.075182e-01 -8.806366e-01
      outer loop
         vertex 2.000000e+00 -5.776954e+00 -2.444883e+02
         vertex 6.000000e+00 -5.437133e+00 -2.435478e+02
         vertex 6.000000e+00 -7.951326e+00 -2.423844e+02
      endloop
   endfacet
   facet normal 2.416802e-01 -4.075143e-01 -8.806377e-01
      outer loop
         vertex 2.000000e+00 -5.776954e+00 -2.444883e+02
         vertex 6.000000e+00 -7.951326e+00 -2.423844e+02
         vertex 2.000000e+00 -8.448284e+00 -2.432522e+02
      endloop
   endfacet
   facet normal 2.416802e-01 -5.533120e-01 -7.971427e-01
      outer loop
         vertex 2.000000e+00 -8.448284e+00 -2.432522e+02
         vertex 6.000000e+00 -7.951326e+00 -2.423844e+02
         vertex 6.000000e+00 -1.022714e+01 -2.408047e+02
      endloop
   endfacet
   facet normal 2.416766e-01 -5.533170e-01 -7.971404e-01
      outer loop
         vertex 2.000000e+00 -8.448284e+00 -2.432522e+02
         vertex 6.000000e+00 -1.022714e+01 -2.408047e+02
         vertex 2.000000e+00 -1.086634e+01 -2.415737e+02
      endloop
   endfacet
   facet normal 2.416767e-01 -6.825261e-01 -6.897467e-01
      outer loop
         vertex 2.000000e+00 -1.086634e+01 -2.415737e+02
         vertex 6.000000e+00 -1.022714e+01 -2.408047e+02
         vertex 6.000000e+00 -1.219635e+01 -2.388561e+02
      endloop
   endfacet
   facet normal 2.416790e-01 -6.825232e-01 -6.897487e-01
      outer loop
         vertex 2.000000e+00 -1.086634e+01 -2.415737e+02
         vertex 6.000000e+00 -1.219635e+01 -2.388561e+02
         vertex 2.000000e+00 -1.295862e+01 -2.395034e+02
      endloop
   endfacet
   facet normal 2.416789e-01 -7.912724e-01 -5.616755e-01
      outer loop
         vertex 2.000000e+00 -1.295862e+01 -2.395034e+02
         vertex 6.000000e+00 -1.219635e+01 -2.388561e+02
         vertex 6.000000e+00 -1.379992e+01 -2.365970e+02
      endloop
   endfacet
   facet normal 2.416792e-01 -7.912721e-01 -5.616758e-01
      outer loop
         vertex 2.000000e+00 -1.295862e+01 -2.395034e+02
         vertex 6.000000e+00 -1.379992e+01 -2.365970e+02
         vertex 2.000000e+00 -1.466241e+01 -2.371031e+02
      endloop
   endfacet
   facet normal 2.416789e-01 -8.762978e-01 -4.167654e-01
      outer loop
         vertex 2.000000e+00 -1.466241e+01 -2.371031e+02
         vertex 6.000000e+00 -1.379992e+01 -2.365970e+02
         vertex 6.000000e+00 -1.498977e+01 -2.340952e+02
      endloop
   endfacet
   facet normal 2.416782e-01 -8.762984e-01 -4.167646e-01
      outer loop
         vertex 2.000000e+00 -1.466241e+01 -2.371031e+02
         vertex 6.000000e+00 -1.498977e+01 -2.340952e+02
         vertex 2.000000e+00 -1.592663e+01 -2.344449e+02
      endloop
   endfacet
   facet normal 2.416783e-01 -9.350527e-01 -2.593607e-01
      outer loop
         vertex 2.000000e+00 -1.592663e+01 -2.344449e+02
         vertex 6.000000e+00 -1.498977e+01 -2.340952e+02
         vertex 6.000000e+00 -1.573024e+01 -2.314257e+02
      endloop
   endfacet
   facet normal 2.416780e-01 -9.350529e-01 -2.593603e-01
      outer loop
         vertex 2.000000e+00 -1.592663e+01 -2.344449e+02
         vertex 6.000000e+00 -1.573024e+01 -2.314257e+02
         vertex 2.000000e+00 -1.671338e+01 -2.316086e+02
      endloop
   endfacet
   facet normal 2.416782e-01 -9.657753e-01 -9.417884e-02
      outer loop
         vertex 2.000000e+00 -1.671338e+01 -2.316086e+02
         vertex 6.000000e+00 -1.573024e+01 -2.314257e+02
         vertex 6.000000e+00 -1.599911e+01 -2.286684e+02
      endloop
   endfacet
   facet normal 2.416784e-01 -9.657752e-01 -9.417919e-02
      outer loop
         vertex 2.000000e+00 -1.671338e+01 -2.316086e+02
         vertex 6.000000e+00 -1.599911e+01 -2.286684e+02
         vertex 2.000000e+00 -1.699906e+01 -2.286790e+02
      endloop
   endfacet
   facet normal 2.416781e-01 -9.675440e-01 7.382563e-02
      outer loop
         vertex 2.000000e+00 -1.699906e+01 -2.286790e+02
         vertex 6.000000e+00 -1.599911e+01 -2.286684e+02
         vertex 6.000000e+00 -1.578834e+01 -2.259061e+02
      endloop
   endfacet
   facet normal 2.416785e-01 -9.675440e-01 7.382508e-02
      outer loop
         vertex 2.000000e+00 -1.699906e+01 -2.286790e+02
         vertex 6.000000e+00 -1.578834e+01 -2.259061e+02
         vertex 2.000000e+00 -1.677512e+01 -2.257440e+02
      endloop
   endfacet
   facet normal 2.416788e-01 -9.403062e-01 2.396158e-01
      outer loop
         vertex 2.000000e+00 -1.677512e+01 -2.257440e+02
         vertex 6.000000e+00 -1.578834e+01 -2.259061e+02
         vertex 6.000000e+00 -1.510425e+01 -2.232216e+02
      endloop
   endfacet
   facet normal 2.416781e-01 -9.403061e-01 2.396168e-01
      outer loop
         vertex 2.000000e+00 -1.677512e+01 -2.257440e+02
         vertex 6.000000e+00 -1.510425e+01 -2.232216e+02
         vertex 2.000000e+00 -1.604826e+01 -2.228917e+02
      endloop
   endfacet
   facet normal 2.416779e-01 -8.848783e-01 3.982238e-01
      outer loop
         vertex 2.000000e+00 -1.604826e+01 -2.228917e+02
         vertex 6.000000e+00 -1.510425e+01 -2.232216e+02
         vertex 6.000000e+00 -1.396733e+01 -2.206953e+02
      endloop
   endfacet
   facet normal 2.416790e-01 -8.848787e-01 3.982222e-01
      outer loop
         vertex 2.000000e+00 -1.604826e+01 -2.228917e+02
         vertex 6.000000e+00 -1.396733e+01 -2.206953e+02
         vertex 2.000000e+00 -1.484029e+01 -2.202075e+02
      endloop
   endfacet
   facet normal 2.418180e-01 -8.068607e-01 5.389804e-01
      outer loop
         vertex 2.000000e+00 -1.484029e+01 -2.202075e+02
         vertex 6.000000e+00 -1.396733e+01 -2.206953e+02
         vertex 2.000000e+00 -1.334310e+01 -2.179662e+02
      endloop
   endfacet
   facet normal 2.418004e-01 7.109052e-01 6.604138e-01
      outer loop
         vertex 2.000000e+00 1.148649e+01 -2.159676e+02
         vertex 6.000000e+00 1.081081e+01 -2.167048e+02
         vertex 2.000000e+00 1.334310e+01 -2.179662e+02
      endloop
   endfacet
   facet normal 2.415098e-01 7.106408e-01 6.608045e-01
      outer loop
         vertex 2.000000e+00 1.334310e+01 -2.179662e+02
         vertex 6.000000e+00 1.081081e+01 -2.167048e+02
         vertex 6.000000e+00 1.254871e+01 -2.185738e+02
      endloop
   endfacet
   facet normal 2.420963e-01 8.068030e-01 5.389419e-01
      outer loop
         vertex 2.000000e+00 1.334310e+01 -2.179662e+02
         vertex 6.000000e+00 1.254871e+01 -2.185738e+02
         vertex 2.000000e+00 1.484029e+01 -2.202075e+02
      endloop
   endfacet
   facet normal 2.418094e-01 8.066051e-01 5.393667e-01
      outer loop
         vertex 2.000000e+00 1.484029e+01 -2.202075e+02
         vertex 6.000000e+00 1.254871e+01 -2.185738e+02
         vertex 6.000000e+00 1.396733e+01 -2.206953e+02
      endloop
   endfacet
   facet normal 2.416791e-01 8.848780e-01 3.982237e-01
      outer loop
         vertex 2.000000e+00 1.484029e+01 -2.202075e+02
         vertex 6.000000e+00 1.396733e+01 -2.206953e+02
         vertex 6.000000e+00 1.510425e+01 -2.232216e+02
      endloop
   endfacet
   facet normal 2.418082e-01 7.105856e-01 -6.607548e-01
      outer loop
         vertex 6.000000e+00 1.081081e+01 -1.179518e+01
         vertex 2.000000e+00 1.148649e+01 -1.253238e+01
         vertex 6.000000e+00 1.254871e+01 -9.926226e+00
      endloop
   endfacet
   facet normal 2.415203e-01 7.109544e-01 -6.604633e-01
      outer loop
         vertex 6.000000e+00 1.254871e+01 -9.926226e+00
         vertex 2.000000e+00 1.148649e+01 -1.253238e+01
         vertex 2.000000e+00 1.334310e+01 -1.053384e+01
      endloop
   endfacet
   facet normal 2.421032e-01 8.065441e-01 -5.393262e-01
      outer loop
         vertex 6.000000e+00 1.254871e+01 -9.926226e+00
         vertex 2.000000e+00 1.334310e+01 -1.053384e+01
         vertex 6.000000e+00 1.396733e+01 -7.804719e+00
      endloop
   endfacet
   facet normal 2.416783e-01 -8.848783e-01 -3.982235e-01
      outer loop
         vertex 2.000000e+00 -1.484029e+01 -8.292514e+00
         vertex 6.000000e+00 -1.510425e+01 -5.278417e+00
         vertex 2.000000e+00 -1.604826e+01 -5.608318e+00
      endloop
   endfacet
   facet normal 2.416783e-01 -9.403062e-01 -2.396160e-01
      outer loop
         vertex 2.000000e+00 -1.604826e+01 -5.608318e+00
         vertex 6.000000e+00 -1.510425e+01 -5.278417e+00
         vertex 6.000000e+00 -1.578834e+01 -2.593871e+00
      endloop
   endfacet
   facet normal 2.416783e-01 -9.403062e-01 -2.396160e-01
      outer loop
         vertex 2.000000e+00 -1.604826e+01 -5.608318e+00
         vertex 6.000000e+00 -1.578834e+01 -2.593871e+00
         vertex 2.000000e+00 -1.677512e+01 -2.755988e+00
      endloop
   endfacet
   facet normal 2.416783e-01 -9.675440e-01 -7.382545e-02
      outer loop
         vertex 2.000000e+00 -1.677512e+01 -2.755988e+00
         vertex 6.000000e+00 -1.578834e+01 -2.593871e+00
         vertex 6.000000e+00 -1.599911e+01 1.684385e-01
      endloop
   endfacet
   facet normal 2.416782e-01 -9.675440e-01 -7.382530e-02
      outer loop
         vertex 2.000000e+00 -1.677512e+01 -2.755988e+00
         vertex 6.000000e+00 -1.599911e+01 1.684385e-01
         vertex 2.000000e+00 -1.699906e+01 1.789659e-01
      endloop
   endfacet
   facet normal 2.416782e-01 -9.657753e-01 9.417906e-02
      outer loop
         vertex 2.000000e+00 -1.699906e+01 1.789659e-01
         vertex 6.000000e+00 -1.599911e+01 1.684385e-01
         vertex 6.000000e+00 -1.573024e+01 2.925698e+00
      endloop
   endfacet
   facet normal 2.416783e-01 -9.657753e-01 9.417902e-02
      outer loop
         vertex 2.000000e+00 -1.699906e+01 1.789659e-01
         vertex 6.000000e+00 -1.573024e+01 2.925698e+00
         vertex 2.000000e+00 -1.671338e+01 3.108554e+00
      endloop
   endfacet
   facet normal 2.416783e-01 -9.350529e-01 2.593602e-01
      outer loop
         vertex 2.000000e+00 -1.671338e+01 3.108554e+00
         vertex 6.000000e+00 -1.573024e+01 2.925698e+00
         vertex 6.000000e+00 -1.498977e+01 5.595247e+00
      endloop
   endfacet
   facet normal 2.416784e-01 -9.350529e-01 2.593599e-01
      outer loop
         vertex 2.000000e+00 -1.671338e+01 3.108554e+00
         vertex 6.000000e+00 -1.498977e+01 5.595247e+00
         vertex 2.000000e+00 -1.592663e+01 5.944950e+00
      endloop
   endfacet
   facet normal 2.416784e-01 -8.762982e-01 4.167649e-01
      outer loop
         vertex 2.000000e+00 -1.592663e+01 5.944950e+00
         vertex 6.000000e+00 -1.498977e+01 5.595247e+00
         vertex 6.000000e+00 -1.379992e+01 8.097052e+00
      endloop
   endfacet
   facet normal 2.416782e-01 -8.762981e-01 4.167653e-01
      outer loop
         vertex 2.000000e+00 -1.592663e+01 5.944950e+00
         vertex 6.000000e+00 -1.379992e+01 8.097052e+00
         vertex 2.000000e+00 -1.466241e+01 8.603117e+00
      endloop
   endfacet
   facet normal 2.416782e-01 -7.912723e-01 5.616759e-01
      outer loop
         vertex 2.000000e+00 -1.466241e+01 8.603117e+00
         vertex 6.000000e+00 -1.379992e+01 8.097052e+00
         vertex 6.000000e+00 -1.219635e+01 1.035611e+01
      endloop
   endfacet
   facet normal 2.416783e-01 -7.912724e-01 5.616757e-01
      outer loop
         vertex 2.000000e+00 -1.466241e+01 8.603117e+00
         vertex 6.000000e+00 -1.219635e+01 1.035611e+01
         vertex 2.000000e+00 -1.295862e+01 1.100337e+01
      endloop
   endfacet
   facet normal 2.416783e-01 -6.825245e-01 6.897477e-01
      outer loop
         vertex 2.000000e+00 -1.295862e+01 1.100337e+01
         vertex 6.000000e+00 -1.219635e+01 1.035611e+01
         vertex 6.000000e+00 -1.022714e+01 1.230470e+01
      endloop
   endfacet
   facet normal 2.416783e-01 -6.825245e-01 6.897478e-01
      outer loop
         vertex 2.000000e+00 -1.295862e+01 1.100337e+01
         vertex 6.000000e+00 -1.022714e+01 1.230470e+01
         vertex 2.000000e+00 -1.086634e+01 1.307374e+01
      endloop
   endfacet
   facet normal 2.416783e-01 -5.533145e-01 7.971416e-01
      outer loop
         vertex 2.000000e+00 -1.086634e+01 1.307374e+01
         vertex 6.000000e+00 -1.022714e+01 1.230470e+01
         vertex 6.000000e+00 -7.951326e+00 1.388439e+01
      endloop
   endfacet
   facet normal 2.416784e-01 -5.533146e-01 7.971414e-01
      outer loop
         vertex 2.000000e+00 -1.086634e+01 1.307374e+01
         vertex 6.000000e+00 -7.951326e+00 1.388439e+01
         vertex 2.000000e+00 -8.448284e+00 1.475217e+01
      endloop
   endfacet
   facet normal 2.416784e-01 -4.075168e-01 8.806371e-01
      outer loop
         vertex 2.000000e+00 -8.448284e+00 1.475217e+01
         vertex 6.000000e+00 -7.951326e+00 1.388439e+01
         vertex 6.000000e+00 -5.437133e+00 1.504784e+01
      endloop
   endfacet
   facet normal 2.416783e-01 -4.075168e-01 8.806371e-01
      outer loop
         vertex 2.000000e+00 -8.448284e+00 1.475217e+01
         vertex 6.000000e+00 -5.437133e+00 1.504784e+01
         vertex 2.000000e+00 -5.776954e+00 1.598833e+01
      endloop
   endfacet
   facet normal 2.416784e-01 -2.495018e-01 9.377315e-01
      outer loop
         vertex 2.000000e+00 -5.776954e+00 1.598833e+01
         vertex 6.000000e+00 -5.437133e+00 1.504784e+01
         vertex 6.000000e+00 -2.759937e+00 1.576016e+01
      endloop
   endfacet
   facet normal 2.416786e-01 -2.495021e-01 9.377314e-01
      outer loop
         vertex 2.000000e+00 -5.776954e+00 1.598833e+01
         vertex 6.000000e+00 -2.759937e+00 1.576016e+01
         vertex 2.000000e+00 -2.932434e+00 1.674517e+01
      endloop
   endfacet
   facet normal 2.416786e-01 -8.400714e-02 9.667131e-01
      outer loop
         vertex 2.000000e+00 -2.932434e+00 1.674517e+01
         vertex 6.000000e+00 -2.759937e+00 1.576016e+01
         vertex 6.000000e+00 -3.918870e-15 1.600000e+01
      endloop
   endfacet
   facet normal 2.416783e-01 -8.400676e-02 9.667132e-01
      outer loop
         vertex 2.000000e+00 -2.932434e+00 1.674517e+01
         vertex 6.000000e+00 -3.918870e-15 1.600000e+01
         vertex 2.000000e+00 -4.163799e-15 1.700000e+01
      endloop
   endfacet
   facet normal 2.416783e-01 8.400715e-02 9.667132e-01
      outer loop
         vertex 2.000000e+00 -4.163799e-15 1.700000e+01
         vertex 6.000000e+00 -3.918870e-15 1.600000e+01
         vertex 6.000000e+00 2.759937e+00 1.576016e+01
      endloop
   endfacet
   facet normal 2.416786e-01 8.400676e-02 9.667132e-01
      outer loop
         vertex 2.000000e+00 -4.163799e-15 1.700000e+01
         vertex 6.000000e+00 2.759937e+00 1.576016e+01
         vertex 2.000000e+00 2.932434e+00 1.674517e+01
      endloop
   endfacet
   facet normal 2.416786e-01 2.495018e-01 9.377315e-01
      outer loop
         vertex 2.000000e+00 2.932434e+00 1.674517e+01
         vertex 6.000000e+00 2.759937e+00 1.576016e+01
         vertex 6.000000e+00 5.437133e+00 1.504784e+01
      endloop
   endfacet
   facet normal 2.416784e-01 2.495021e-01 9.377314e-01
      outer loop
         vertex 2.000000e+00 2.932434e+00 1.674517e+01
         vertex 6.000000e+00 5.437133e+00 1.504784e+01
         vertex 2.000000e+00 5.776954e+00 1.598833e+01
      endloop
   endfacet
   facet normal 2.416783e-01 4.075168e-01 8.806371e-01
      outer loop
         vertex 2.000000e+00 5.776954e+00 1.598833e+01
         vertex 6.000000e+00 5.437133e+00 1.504784e+01
         vertex 6.000000e+00 7.951326e+00 1.388439e+01
      endloop
   endfacet
   facet normal 2.416784e-01 4.075168e-01 8.806371e-01
      outer loop
         vertex 2.000000e+00 5.776954e+00 1.598833e+01
         vertex 6.000000e+00 7.951326e+00 1.388439e+01
         vertex 2.000000e+00 8.448284e+00 1.475217e+01
      endloop
   endfacet
   facet normal 2.416784e-01 5.533145e-01 7.971415e-01
      outer loop
         vertex 2.000000e+00 8.448284e+00 1.475217e+01
         vertex 6.000000e+00 7.951326e+00 1.388439e+01
         vertex 6.000000e+00 1.022714e+01 1.230470e+01
      endloop
   endfacet
   facet normal 2.416783e-01 5.533146e-01 7.971415e-01
      outer loop
         vertex 2.000000e+00 8.448284e+00 1.475217e+01
         vertex 6.000000e+00 1.022714e+01 1.230470e+01
         vertex 2.000000e+00 1.086634e+01 1.307374e+01
      endloop
   endfacet
   facet normal 2.416783e-01 6.825245e-01 6.897478e-01
      outer loop
         vertex 2.000000e+00 1.086634e+01 1.307374e+01
         vertex 6.000000e+00 1.022714e+01 1.230470e+01
         vertex 6.000000e+00 1.219635e+01 1.035611e+01
      endloop
   endfacet
   facet normal 2.416783e-01 6.825245e-01 6.897478e-01
      outer loop
         vertex 2.000000e+00 1.086634e+01 1.307374e+01
         vertex 6.000000e+00 1.219635e+01 1.035611e+01
         vertex 2.000000e+00 1.295862e+01 1.100337e+01
      endloop
   endfacet
   facet normal 2.416783e-01 7.912723e-01 5.616759e-01
      outer loop
         vertex 2.000000e+00 1.295862e+01 1.100337e+01
         vertex 6.000000e+00 1.219635e+01 1.035611e+01
         vertex 6.000000e+00 1.379992e+01 8.097052e+00
      endloop
   endfacet
   facet normal 2.416782e-01 7.912724e-01 5.616757e-01
      outer loop
         vertex 2.000000e+00 1.295862e+01 1.100337e+01
         vertex 6.000000e+00 1.379992e+01 8.097052e+00
         vertex 2.000000e+00 1.466241e+01 8.603117e+00
      endloop
   endfacet
   facet normal 2.416781e-01 8.762983e-01 4.167649e-01
      outer loop
         vertex 2.000000e+00 1.466241e+01 8.603117e+00
         vertex 6.000000e+00 1.379992e+01 8.097052e+00
         vertex 6.000000e+00 1.498977e+01 5.595247e+00
      endloop
   endfacet
   facet normal 2.416784e-01 8.762981e-01 4.167652e-01
      outer loop
         vertex 2.000000e+00 1.466241e+01 8.603117e+00
         vertex 6.000000e+00 1.498977e+01 5.595247e+00
         vertex 2.000000e+00 1.592663e+01 5.944950e+00
      endloop
   endfacet
   facet normal 2.416784e-01 9.350529e-01 2.593602e-01
      outer loop
         vertex 2.000000e+00 1.592663e+01 5.944950e+00
         vertex 6.000000e+00 1.498977e+01 5.595247e+00
         vertex 6.000000e+00 1.573024e+01 2.925698e+00
      endloop
   endfacet
   facet normal 2.416783e-01 9.350530e-01 2.593600e-01
      outer loop
         vertex 2.000000e+00 1.592663e+01 5.944950e+00
         vertex 6.000000e+00 1.573024e+01 2.925698e+00
         vertex 2.000000e+00 1.671338e+01 3.108554e+00
      endloop
   endfacet
   facet normal 2.416783e-01 9.657753e-01 9.417906e-02
      outer loop
         vertex 2.000000e+00 1.671338e+01 3.108554e+00
         vertex 6.000000e+00 1.573024e+01 2.925698e+00
         vertex 6.000000e+00 1.599911e+01 1.684385e-01
      endloop
   endfacet
   facet normal 2.416782e-01 9.657753e-01 9.417903e-02
      outer loop
         vertex 2.000000e+00 1.671338e+01 3.108554e+00
         vertex 6.000000e+00 1.599911e+01 1.684385e-01
         vertex 2.000000e+00 1.699906e+01 1.789659e-01
      endloop
   endfacet
   facet normal 2.416782e-01 9.675440e-01 -7.382545e-02
      outer loop
         vertex 2.000000e+00 1.699906e+01 1.789659e-01
         vertex 6.000000e+00 1.599911e+01 1.684385e-01
         vertex 6.000000e+00 1.578834e+01 -2.593871e+00
      endloop
   endfacet
   facet normal 2.416783e-01 9.675440e-01 -7.382530e-02
      outer loop
         vertex 2.000000e+00 1.699906e+01 1.789659e-01
         vertex 6.000000e+00 1.578834e+01 -2.593871e+00
         vertex 2.000000e+00 1.677512e+01 -2.755988e+00
      endloop
   endfacet
   facet normal 2.416783e-01 9.403062e-01 -2.396160e-01
      outer loop
         vertex 2.000000e+00 1.677512e+01 -2.755988e+00
         vertex 6.000000e+00 1.578834e+01 -2.593871e+00
         vertex 6.000000e+00 1.510425e+01 -5.278417e+00
      endloop
   endfacet
   facet normal 2.416783e-01 9.403062e-01 -2.396160e-01
      outer loop
         vertex 2.000000e+00 1.677512e+01 -2.755988e+00
         vertex 6.000000e+00 1.510425e+01 -5.278417e+00
         vertex 2.000000e+00 1.604826e+01 -5.608318e+00
      endloop
   endfacet
   facet normal 2.416783e-01 8.848784e-01 -3.982233e-01
      outer loop
         vertex 2.000000e+00 1.604826e+01 -5.608318e+00
         vertex 6.000000e+00 1.510425e+01 -5.278417e+00
         vertex 6.000000e+00 1.396733e+01 -7.804719e+00
      endloop
   endfacet
   facet normal 2.416782e-01 8.848783e-01 -3.982235e-01
      outer loop
         vertex 2.000000e+00 1.604826e+01 -5.608318e+00
         vertex 6.000000e+00 1.396733e+01 -7.804719e+00
         vertex 2.000000e+00 1.484029e+01 -8.292514e+00
      endloop
   endfacet
   facet normal 2.418169e-01 8.068618e-01 -5.389792e-01
      outer loop
         vertex 2.000000e+00 1.484029e+01 -8.292514e+00
         vertex 6.000000e+00 1.396733e+01 -7.804719e+00
         vertex 2.000000e+00 1.334310e+01 -1.053384e+01
      endloop
   endfacet
   facet normal 2.417994e-01 -7.109035e-01 -6.604160e-01
      outer loop
         vertex 2.000000e+00 -1.148649e+01 -1.253238e+01
         vertex 6.000000e+00 -1.081081e+01 -1.179518e+01
         vertex 2.000000e+00 -1.334310e+01 -1.053384e+01
      endloop
   endfacet
   facet normal 2.415098e-01 -7.106400e-01 -6.608054e-01
      outer loop
         vertex 2.000000e+00 -1.334310e+01 -1.053384e+01
         vertex 6.000000e+00 -1.081081e+01 -1.179518e+01
         vertex 6.000000e+00 -1.254871e+01 -9.926226e+00
      endloop
   endfacet
   facet normal 2.420962e-01 -8.068039e-01 -5.389405e-01
      outer loop
         vertex 2.000000e+00 -1.334310e+01 -1.053384e+01
         vertex 6.000000e+00 -1.254871e+01 -9.926226e+00
         vertex 2.000000e+00 -1.484029e+01 -8.292514e+00
      endloop
   endfacet
   facet normal 2.418082e-01 -8.066052e-01 -5.393671e-01
      outer loop
         vertex 2.000000e+00 -1.484029e+01 -8.292514e+00
         vertex 6.000000e+00 -1.254871e+01 -9.926226e+00
         vertex 6.000000e+00 -1.396733e+01 -7.804719e+00
      endloop
   endfacet
   facet normal 2.416782e-01 -8.848784e-01 -3.982234e-01
      outer loop
         vertex 2.000000e+00 -1.484029e+01 -8.292514e+00
         vertex 6.000000e+00 -1.396733e+01 -7.804719e+00
         vertex 6.000000e+00 -1.510425e+01 -5.278417e+00
      endloop
   endfacet
   facet normal 2.417525e-01 7.126094e-01 6.585921e-01
      outer loop
         vertex 6.000000e+00 8.450575e+00 -2.141510e+02
         vertex 6.000000e+00 1.081081e+01 -2.167048e+02
         vertex 2.000000e+00 1.148649e+01 -2.159676e+02
      endloop
   endfacet
   facet normal 2.309743e-01 7.053428e-01 6.701809e-01
      outer loop
         vertex 2.000000e+00 1.148649e+01 -2.159676e+02
         vertex 2.000000e+00 9.584797e+00 -2.139661e+02
         vertex 6.000000e+00 8.450575e+00 -2.141510e+02
      endloop
   endfacet
   facet normal 2.425150e-01 7.562239e-01 6.077103e-01
      outer loop
         vertex 6.000000e+00 8.450575e+00 -2.141510e+02
         vertex 2.000000e+00 9.584797e+00 -2.139661e+02
         vertex 2.000000e+00 9.238643e+00 -2.135354e+02
      endloop
   endfacet
   facet normal 2.417526e-01 8.115232e-01 5.319640e-01
      outer loop
         vertex 6.000000e+00 8.450575e+00 -2.141510e+02
         vertex 2.000000e+00 9.238643e+00 -2.135354e+02
         vertex 6.000000e+00 6.544144e+00 -2.112427e+02
      endloop
   endfacet
   facet normal 2.200698e-01 8.007406e-01 5.571210e-01
      outer loop
         vertex 2.000000e+00 9.238643e+00 -2.135354e+02
         vertex 2.000000e+00 7.976855e+00 -2.117219e+02
         vertex 6.000000e+00 6.544144e+00 -2.112427e+02
      endloop
   endfacet
   facet normal 2.424493e-01 8.395168e-01 4.862405e-01
      outer loop
         vertex 6.000000e+00 6.544144e+00 -2.112427e+02
         vertex 2.000000e+00 7.976855e+00 -2.117219e+02
         vertex 2.000000e+00 7.422994e+00 -2.107656e+02
      endloop
   endfacet
   facet normal 2.417523e-01 8.881840e-01 3.907493e-01
      outer loop
         vertex 6.000000e+00 6.544144e+00 -2.112427e+02
         vertex 2.000000e+00 7.422994e+00 -2.107656e+02
         vertex 6.000000e+00 5.143793e+00 -2.080597e+02
      endloop
   endfacet
   facet normal 2.090414e-01 8.780263e-01 4.305478e-01
      outer loop
         vertex 6.000000e+00 5.143793e+00 -2.080597e+02
         vertex 2.000000e+00 7.422994e+00 -2.107656e+02
         vertex 2.000000e+00 6.693304e+00 -2.092775e+02
      endloop
   endfacet
   facet normal 2.423401e-01 9.034752e-01 3.535588e-01
      outer loop
         vertex 2.000000e+00 6.693304e+00 -2.092775e+02
         vertex 2.000000e+00 6.089326e+00 -2.077341e+02
         vertex 6.000000e+00 5.143793e+00 -2.080597e+02
      endloop
   endfacet
   facet normal 2.424489e-01 9.256982e-01 2.903469e-01
      outer loop
         vertex 6.000000e+00 5.143793e+00 -2.080597e+02
         vertex 2.000000e+00 6.089326e+00 -2.077341e+02
         vertex 2.000000e+00 5.758601e+00 -2.066797e+02
      endloop
   endfacet
   facet normal 2.277374e-01 9.437704e-01 2.396521e-01
      outer loop
         vertex 6.000000e+00 5.143793e+00 -2.080597e+02
         vertex 2.000000e+00 5.758601e+00 -2.066797e+02
         vertex 6.000000e+00 4.287922e+00 -2.046892e+02
      endloop
   endfacet
   facet normal 2.419911e-01 9.679645e-01 6.696992e-02
      outer loop
         vertex 2.000000e+00 5.000000e+00 -2.012236e+02
         vertex 6.000000e+00 4.000000e+00 -2.012236e+02
         vertex 2.000000e+00 5.190558e+00 -2.039779e+02
      endloop
   endfacet
   facet normal 2.330110e-01 9.691351e-01 8.051752e-02
      outer loop
         vertex 2.000000e+00 5.190558e+00 -2.039779e+02
         vertex 6.000000e+00 4.000000e+00 -2.012236e+02
         vertex 6.000000e+00 4.287922e+00 -2.046892e+02
      endloop
   endfacet
   facet normal 2.425141e-01 9.589667e-01 1.468668e-01
      outer loop
         vertex 2.000000e+00 5.190558e+00 -2.039779e+02
         vertex 6.000000e+00 4.287922e+00 -2.046892e+02
         vertex 2.000000e+00 5.274212e+00 -2.045241e+02
      endloop
   endfacet
   facet normal 2.421875e-01 9.466228e-01 2.127217e-01
      outer loop
         vertex 2.000000e+00 5.274212e+00 -2.045241e+02
         vertex 6.000000e+00 4.287922e+00 -2.046892e+02
         vertex 2.000000e+00 5.758601e+00 -2.066797e+02
      endloop
   endfacet
   facet normal 2.417516e-01 9.670065e-01 -8.034063e-02
      outer loop
         vertex 6.000000e+00 4.287922e+00 -2.381084e+01
         vertex 6.000000e+00 4.000000e+00 -2.727636e+01
         vertex 2.000000e+00 5.000000e+00 -2.727636e+01
      endloop
   endfacet
   facet normal 2.309745e-01 9.706395e-01 -6.715499e-02
      outer loop
         vertex 2.000000e+00 5.000000e+00 -2.727636e+01
         vertex 2.000000e+00 5.190558e+00 -2.452209e+01
         vertex 6.000000e+00 4.287922e+00 -2.381084e+01
      endloop
   endfacet
   facet normal 2.425139e-01 9.589670e-01 -1.468648e-01
      outer loop
         vertex 6.000000e+00 4.287922e+00 -2.381084e+01
         vertex 2.000000e+00 5.190558e+00 -2.452209e+01
         vertex 2.000000e+00 5.274212e+00 -2.397587e+01
      endloop
   endfacet
   facet normal 2.417517e-01 9.404900e-01 -2.388193e-01
      outer loop
         vertex 6.000000e+00 4.287922e+00 -2.381084e+01
         vertex 2.000000e+00 5.274212e+00 -2.397587e+01
         vertex 6.000000e+00 5.143793e+00 -2.044035e+01
      endloop
   endfacet
   facet normal 2.200697e-01 9.517497e-01 -2.138735e-01
      outer loop
         vertex 2.000000e+00 5.274212e+00 -2.397587e+01
         vertex 2.000000e+00 5.758601e+00 -2.182031e+01
         vertex 6.000000e+00 5.143793e+00 -2.044035e+01
      endloop
   endfacet
   facet normal 2.424484e-01 9.256979e-01 -2.903483e-01
      outer loop
         vertex 6.000000e+00 5.143793e+00 -2.044035e+01
         vertex 2.000000e+00 5.758601e+00 -2.182031e+01
         vertex 2.000000e+00 6.089326e+00 -2.076588e+01
      endloop
   endfacet
   facet normal 2.417515e-01 8.881844e-01 -3.907490e-01
      outer loop
         vertex 6.000000e+00 5.143793e+00 -2.044035e+01
         vertex 2.000000e+00 6.089326e+00 -2.076588e+01
         vertex 6.000000e+00 6.544144e+00 -1.725731e+01
      endloop
   endfacet
   facet normal 2.090415e-01 9.106599e-01 -3.563709e-01
      outer loop
         vertex 6.000000e+00 6.544144e+00 -1.725731e+01
         vertex 2.000000e+00 6.089326e+00 -2.076588e+01
         vertex 2.000000e+00 6.693304e+00 -1.922249e+01
      endloop
   endfacet
   facet normal 2.423396e-01 8.710997e-01 -4.271497e-01
      outer loop
         vertex 2.000000e+00 6.693304e+00 -1.922249e+01
         vertex 2.000000e+00 7.422994e+00 -1.773441e+01
         vertex 6.000000e+00 6.544144e+00 -1.725731e+01
      endloop
   endfacet
   facet normal 2.424485e-01 8.395162e-01 -4.862421e-01
      outer loop
         vertex 6.000000e+00 6.544144e+00 -1.725731e+01
         vertex 2.000000e+00 7.422994e+00 -1.773441e+01
         vertex 2.000000e+00 7.976855e+00 -1.677815e+01
      endloop
   endfacet
   facet normal 2.277366e-01 8.143542e-01 -5.338196e-01
      outer loop
         vertex 6.000000e+00 6.544144e+00 -1.725731e+01
         vertex 2.000000e+00 7.976855e+00 -1.677815e+01
         vertex 6.000000e+00 8.450575e+00 -1.434901e+01
      endloop
   endfacet
   facet normal 2.419910e-01 7.034003e-01 -6.683325e-01
      outer loop
         vertex 2.000000e+00 1.148649e+01 -1.253238e+01
         vertex 6.000000e+00 1.081081e+01 -1.179518e+01
         vertex 2.000000e+00 9.584797e+00 -1.453386e+01
      endloop
   endfacet
   facet normal 2.330111e-01 7.141784e-01 -6.600417e-01
      outer loop
         vertex 2.000000e+00 9.584797e+00 -1.453386e+01
         vertex 6.000000e+00 1.081081e+01 -1.179518e+01
         vertex 6.000000e+00 8.450575e+00 -1.434901e+01
      endloop
   endfacet
   facet normal 2.425138e-01 7.562184e-01 -6.077177e-01
      outer loop
         vertex 2.000000e+00 9.584797e+00 -1.453386e+01
         vertex 6.000000e+00 8.450575e+00 -1.434901e+01
         vertex 2.000000e+00 9.238643e+00 -1.496460e+01
      endloop
   endfacet
   facet normal 2.421871e-01 7.964281e-01 -5.541188e-01
      outer loop
         vertex 2.000000e+00 9.238643e+00 -1.496460e+01
         vertex 6.000000e+00 8.450575e+00 -1.434901e+01
         vertex 2.000000e+00 7.976855e+00 -1.677815e+01
      endloop
   endfacet
   facet normal 2.425356e-01 9.701425e-01 0.000000e+00
      outer loop
         vertex 2.000000e+00 5.000000e+00 -2.727636e+01
         vertex 6.000000e+00 4.000000e+00 -2.727636e+01
         vertex 2.000000e+00 5.000000e+00 -2.012236e+02
      endloop
   endfacet
   facet normal 2.425356e-01 9.701425e-01 0.000000e+00
      outer loop
         vertex 2.000000e+00 5.000000e+00 -2.012236e+02
         vertex 6.000000e+00 4.000000e+00 -2.727636e+01
         vertex 6.000000e+00 4.000000e+00 -2.012236e+02
      endloop
   endfacet
   facet normal -2.416782e-01 -8.848783e-01 -3.982235e-01
      outer loop
         vertex -6.000000e+00 -1.396733e+01 -7.804719e+00
         vertex -2.000000e+00 -1.484029e+01 -8.292514e+00
         vertex -2.000000e+00 -1.604826e+01 -5.608318e+00
      endloop
   endfacet
   facet normal -2.416783e-01 -8.848784e-01 -3.982233e-01
      outer loop
         vertex -6.000000e+00 -1.396733e+01 -7.804719e+00
         vertex -2.000000e+00 -1.604826e+01 -5.608318e+00
         vertex -6.000000e+00 -1.510425e+01 -5.278417e+00
      endloop
   endfacet
   facet normal -2.416783e-01 -9.403062e-01 -2.396160e-01
      outer loop
         vertex -6.000000e+00 -1.510425e+01 -5.278417e+00
         vertex -2.000000e+00 -1.604826e+01 -5.608318e+00
         vertex -2.000000e+00 -1.677512e+01 -2.755988e+00
      endloop
   endfacet
   facet normal -2.416783e-01 -9.403062e-01 -2.396160e-01
      outer loop
         vertex -6.000000e+00 -1.510425e+01 -5.278417e+00
         vertex -2.000000e+00 -1.677512e+01 -2.755988e+00
         vertex -6.000000e+00 -1.578834e+01 -2.593871e+00
      endloop
   endfacet
   facet normal -2.416783e-01 -9.675440e-01 -7.382530e-02
      outer loop
         vertex -6.000000e+00 -1.578834e+01 -2.593871e+00
         vertex -2.000000e+00 -1.677512e+01 -2.755988e+00
         vertex -2.000000e+00 -1.699906e+01 1.789659e-01
      endloop
   endfacet
   facet normal -2.416782e-01 -9.675440e-01 -7.382545e-02
      outer loop
         vertex -6.000000e+00 -1.578834e+01 -2.593871e+00
         vertex -2.000000e+00 -1.699906e+01 1.789659e-01
         vertex -6.000000e+00 -1.599911e+01 1.684385e-01
      endloop
   endfacet
   facet normal -2.416782e-01 -9.657753e-01 9.417903e-02
      outer loop
         vertex -6.000000e+00 -1.599911e+01 1.684385e-01
         vertex -2.000000e+00 -1.699906e+01 1.789659e-01
         vertex -2.000000e+00 -1.671338e+01 3.108554e+00
      endloop
   endfacet
   facet normal -2.416783e-01 -9.657753e-01 9.417906e-02
      outer loop
         vertex -6.000000e+00 -1.599911e+01 1.684385e-01
         vertex -2.000000e+00 -1.671338e+01 3.108554e+00
         vertex -6.000000e+00 -1.573024e+01 2.925698e+00
      endloop
   endfacet
   facet normal -2.416783e-01 -9.350530e-01 2.593600e-01
      outer loop
         vertex -6.000000e+00 -1.573024e+01 2.925698e+00
         vertex -2.000000e+00 -1.671338e+01 3.108554e+00
         vertex -2.000000e+00 -1.592663e+01 5.944950e+00
      endloop
   endfacet
   facet normal -2.416784e-01 -9.350529e-01 2.593602e-01
      outer loop
         vertex -6.000000e+00 -1.573024e+01 2.925698e+00
         vertex -2.000000e+00 -1.592663e+01 5.944950e+00
         vertex -6.000000e+00 -1.498977e+01 5.595247e+00
      endloop
   endfacet
   facet normal -2.416784e-01 -8.762981e-01 4.167652e-01
      outer loop
         vertex -6.000000e+00 -1.498977e+01 5.595247e+00
         vertex -2.000000e+00 -1.592663e+01 5.944950e+00
         vertex -2.000000e+00 -1.466241e+01 8.603117e+00
      endloop
   endfacet
   facet normal -2.416781e-01 -8.762983e-01 4.167649e-01
      outer loop
         vertex -6.000000e+00 -1.498977e+01 5.595247e+00
         vertex -2.000000e+00 -1.466241e+01 8.603117e+00
         vertex -6.000000e+00 -1.379992e+01 8.097052e+00
      endloop
   endfacet
   facet normal -2.416782e-01 -7.912724e-01 5.616757e-01
      outer loop
         vertex -6.000000e+00 -1.379992e+01 8.097052e+00
         vertex -2.000000e+00 -1.466241e+01 8.603117e+00
         vertex -2.000000e+00 -1.295862e+01 1.100337e+01
      endloop
   endfacet
   facet normal -2.416783e-01 -7.912723e-01 5.616759e-01
      outer loop
         vertex -6.000000e+00 -1.379992e+01 8.097052e+00
         vertex -2.000000e+00 -1.295862e+01 1.100337e+01
         vertex -6.000000e+00 -1.219635e+01 1.035611e+01
      endloop
   endfacet
   facet normal -2.416783e-01 -6.825245e-01 6.897478e-01
      outer loop
         vertex -6.000000e+00 -1.219635e+01 1.035611e+01
         vertex -2.000000e+00 -1.295862e+01 1.100337e+01
         vertex -2.000000e+00 -1.086634e+01 1.307374e+01
      endloop
   endfacet
   facet normal -2.416783e-01 -6.825245e-01 6.897478e-01
      outer loop
         vertex -6.000000e+00 -1.219635e+01 1.035611e+01
         vertex -2.000000e+00 -1.086634e+01 1.307374e+01
         vertex -6.000000e+00 -1.022714e+01 1.230470e+01
      endloop
   endfacet
   facet normal -2.416783e-01 -5.533146e-01 7.971415e-01
      outer loop
         vertex -6.000000e+00 -1.022714e+01 1.230470e+01
         vertex -2.000000e+00 -1.086634e+01 1.307374e+01
         vertex -2.000000e+00 -8.448284e+00 1.475217e+01
      endloop
   endfacet
   facet normal -2.416784e-01 -5.533145e-01 7.971415e-01
      outer loop
         vertex -6.000000e+00 -1.022714e+01 1.230470e+01
         vertex -2.000000e+00 -8.448284e+00 1.475217e+01
         vertex -6.000000e+00 -7.951326e+00 1.388439e+01
      endloop
   endfacet
   facet normal -2.416784e-01 -4.075168e-01 8.806371e-01
      outer loop
         vertex -6.000000e+00 -7.951326e+00 1.388439e+01
         vertex -2.000000e+00 -8.448284e+00 1.475217e+01
         vertex -2.000000e+00 -5.776954e+00 1.598833e+01
      endloop
   endfacet
   facet normal -2.416783e-01 -4.075168e-01 8.806371e-01
      outer loop
         vertex -6.000000e+00 -7.951326e+00 1.388439e+01
         vertex -2.000000e+00 -5.776954e+00 1.598833e+01
         vertex -6.000000e+00 -5.437133e+00 1.504784e+01
      endloop
   endfacet
   facet normal -2.416784e-01 -2.495021e-01 9.377314e-01
      outer loop
         vertex -6.000000e+00 -5.437133e+00 1.504784e+01
         vertex -2.000000e+00 -5.776954e+00 1.598833e+01
         vertex -2.000000e+00 -2.932434e+00 1.674517e+01
      endloop
   endfacet
   facet normal -2.416786e-01 -2.495018e-01 9.377315e-01
      outer loop
         vertex -6.000000e+00 -5.437133e+00 1.504784e+01
         vertex -2.000000e+00 -2.932434e+00 1.674517e+01
         vertex -6.000000e+00 -2.759937e+00 1.576016e+01
      endloop
   endfacet
   facet normal -2.416786e-01 -8.400676e-02 9.667132e-01
      outer loop
         vertex -6.000000e+00 -2.759937e+00 1.576016e+01
         vertex -2.000000e+00 -2.932434e+00 1.674517e+01
         vertex -2.000000e+00 6.071532e-15 1.700000e+01
      endloop
   endfacet
   facet normal -2.416783e-01 -8.400715e-02 9.667132e-01
      outer loop
         vertex -6.000000e+00 -2.759937e+00 1.576016e+01
         vertex -2.000000e+00 6.071532e-15 1.700000e+01
         vertex -6.000000e+00 5.204170e-15 1.600000e+01
      endloop
   endfacet
   facet normal -2.416783e-01 8.400676e-02 9.667132e-01
      outer loop
         vertex -6.000000e+00 5.204170e-15 1.600000e+01
         vertex -2.000000e+00 6.071532e-15 1.700000e+01
         vertex -2.000000e+00 2.932434e+00 1.674517e+01
      endloop
   endfacet
   facet normal -2.416786e-01 8.400714e-02 9.667131e-01
      outer loop
         vertex -6.000000e+00 5.204170e-15 1.600000e+01
         vertex -2.000000e+00 2.932434e+00 1.674517e+01
         vertex -6.000000e+00 2.759937e+00 1.576016e+01
      endloop
   endfacet
   facet normal -2.416786e-01 2.495021e-01 9.377314e-01
      outer loop
         vertex -6.000000e+00 2.759937e+00 1.576016e+01
         vertex -2.000000e+00 2.932434e+00 1.674517e+01
         vertex -2.000000e+00 5.776954e+00 1.598833e+01
      endloop
   endfacet
   facet normal -2.416784e-01 2.495018e-01 9.377315e-01
      outer loop
         vertex -6.000000e+00 2.759937e+00 1.576016e+01
         vertex -2.000000e+00 5.776954e+00 1.598833e+01
         vertex -6.000000e+00 5.437133e+00 1.504784e+01
      endloop
   endfacet
   facet normal -2.416783e-01 4.075168e-01 8.806371e-01
      outer loop
         vertex -6.000000e+00 5.437133e+00 1.504784e+01
         vertex -2.000000e+00 5.776954e+00 1.598833e+01
         vertex -2.000000e+00 8.448284e+00 1.475217e+01
      endloop
   endfacet
   facet normal -2.416784e-01 4.075168e-01 8.806371e-01
      outer loop
         vertex -6.000000e+00 5.437133e+00 1.504784e+01
         vertex -2.000000e+00 8.448284e+00 1.475217e+01
         vertex -6.000000e+00 7.951326e+00 1.388439e+01
      endloop
   endfacet
   facet normal -2.416784e-01 5.533146e-01 7.971414e-01
      outer loop
         vertex -6.000000e+00 7.951326e+00 1.388439e+01
         vertex -2.000000e+00 8.448284e+00 1.475217e+01
         vertex -2.000000e+00 1.086634e+01 1.307374e+01
      endloop
   endfacet
   facet normal -2.416783e-01 5.533145e-01 7.971416e-01
      outer loop
         vertex -6.000000e+00 7.951326e+00 1.388439e+01
         vertex -2.000000e+00 1.086634e+01 1.307374e+01
         vertex -6.000000e+00 1.022714e+01 1.230470e+01
      endloop
   endfacet
   facet normal -2.416783e-01 6.825245e-01 6.897478e-01
      outer loop
         vertex -6.000000e+00 1.022714e+01 1.230470e+01
         vertex -2.000000e+00 1.086634e+01 1.307374e+01
         vertex -2.000000e+00 1.295862e+01 1.100337e+01
      endloop
   endfacet
   facet normal -2.416783e-01 6.825245e-01 6.897477e-01
      outer loop
         vertex -6.000000e+00 1.022714e+01 1.230470e+01
         vertex -2.000000e+00 1.295862e+01 1.100337e+01
         vertex -6.000000e+00 1.219635e+01 1.035611e+01
      endloop
   endfacet
   facet normal -2.416783e-01 7.912724e-01 5.616757e-01
      outer loop
         vertex -6.000000e+00 1.219635e+01 1.035611e+01
         vertex -2.000000e+00 1.295862e+01 1.100337e+01
         vertex -2.000000e+00 1.466241e+01 8.603117e+00
      endloop
   endfacet
   facet normal -2.416782e-01 7.912723e-01 5.616759e-01
      outer loop
         vertex -6.000000e+00 1.219635e+01 1.035611e+01
         vertex -2.000000e+00 1.466241e+01 8.603117e+00
         vertex -6.000000e+00 1.379992e+01 8.097052e+00
      endloop
   endfacet
   facet normal -2.416782e-01 8.762981e-01 4.167653e-01
      outer loop
         vertex -6.000000e+00 1.379992e+01 8.097052e+00
         vertex -2.000000e+00 1.466241e+01 8.603117e+00
         vertex -2.000000e+00 1.592663e+01 5.944950e+00
      endloop
   endfacet
   facet normal -2.416784e-01 8.762982e-01 4.167649e-01
      outer loop
         vertex -6.000000e+00 1.379992e+01 8.097052e+00
         vertex -2.000000e+00 1.592663e+01 5.944950e+00
         vertex -6.000000e+00 1.498977e+01 5.595247e+00
      endloop
   endfacet
   facet normal -2.416784e-01 9.350529e-01 2.593599e-01
      outer loop
         vertex -6.000000e+00 1.498977e+01 5.595247e+00
         vertex -2.000000e+00 1.592663e+01 5.944950e+00
         vertex -2.000000e+00 1.671338e+01 3.108554e+00
      endloop
   endfacet
   facet normal -2.416783e-01 9.350529e-01 2.593602e-01
      outer loop
         vertex -6.000000e+00 1.498977e+01 5.595247e+00
         vertex -2.000000e+00 1.671338e+01 3.108554e+00
         vertex -6.000000e+00 1.573024e+01 2.925698e+00
      endloop
   endfacet
   facet normal -2.416783e-01 9.657753e-01 9.417902e-02
      outer loop
         vertex -6.000000e+00 1.573024e+01 2.925698e+00
         vertex -2.000000e+00 1.671338e+01 3.108554e+00
         vertex -2.000000e+00 1.699906e+01 1.789659e-01
      endloop
   endfacet
   facet normal -2.416782e-01 9.657753e-01 9.417906e-02
      outer loop
         vertex -6.000000e+00 1.573024e+01 2.925698e+00
         vertex -2.000000e+00 1.699906e+01 1.789659e-01
         vertex -6.000000e+00 1.599911e+01 1.684385e-01
      endloop
   endfacet
   facet normal -2.416782e-01 9.675440e-01 -7.382530e-02
      outer loop
         vertex -6.000000e+00 1.599911e+01 1.684385e-01
         vertex -2.000000e+00 1.699906e+01 1.789659e-01
         vertex -2.000000e+00 1.677512e+01 -2.755988e+00
      endloop
   endfacet
   facet normal -2.416783e-01 9.675440e-01 -7.382545e-02
      outer loop
         vertex -6.000000e+00 1.599911e+01 1.684385e-01
         vertex -2.000000e+00 1.677512e+01 -2.755988e+00
         vertex -6.000000e+00 1.578834e+01 -2.593871e+00
      endloop
   endfacet
   facet normal -2.416783e-01 9.403062e-01 -2.396160e-01
      outer loop
         vertex -6.000000e+00 1.578834e+01 -2.593871e+00
         vertex -2.000000e+00 1.677512e+01 -2.755988e+00
         vertex -2.000000e+00 1.604826e+01 -5.608318e+00
      endloop
   endfacet
   facet normal -2.416783e-01 9.403062e-01 -2.396160e-01
      outer loop
         vertex -6.000000e+00 1.578834e+01 -2.593871e+00
         vertex -2.000000e+00 1.604826e+01 -5.608318e+00
         vertex -6.000000e+00 1.510425e+01 -5.278417e+00
      endloop
   endfacet
   facet normal -2.416783e-01 8.848783e-01 -3.982235e-01
      outer loop
         vertex -6.000000e+00 1.510425e+01 -5.278417e+00
         vertex -2.000000e+00 1.604826e+01 -5.608318e+00
         vertex -2.000000e+00 1.484029e+01 -8.292514e+00
      endloop
   endfacet
   facet normal -2.416782e-01 8.848784e-01 -3.982234e-01
      outer loop
         vertex -6.000000e+00 1.510425e+01 -5.278417e+00
         vertex -2.000000e+00 1.484029e+01 -8.292514e+00
         vertex -6.000000e+00 1.396733e+01 -7.804719e+00
      endloop
   endfacet
   facet normal -2.420725e-01 -8.754031e-01 -4.184141e-01
      outer loop
         vertex -2.000000e+00 -1.484029e+01 -8.292514e+00
         vertex -6.000000e+00 -1.396733e+01 -7.804719e+00
         vertex -2.000000e+00 -1.274865e+01 -1.266863e+01
      endloop
   endfacet
   facet normal -2.420727e-01 -8.754030e-01 -4.184142e-01
      outer loop
         vertex -2.000000e+00 -1.274865e+01 -1.266863e+01
         vertex -6.000000e+00 -1.396733e+01 -7.804719e+00
         vertex -6.000000e+00 -1.182079e+01 -1.229570e+01
      endloop
   endfacet
   facet normal -2.420727e-01 -9.214674e-01 -3.038070e-01
      outer loop
         vertex -2.000000e+00 -1.274865e+01 -1.266863e+01
         vertex -6.000000e+00 -1.182079e+01 -1.229570e+01
         vertex -2.000000e+00 -1.122992e+01 -1.727502e+01
      endloop
   endfacet
   facet normal -2.420726e-01 -9.214674e-01 -3.038070e-01
      outer loop
         vertex -2.000000e+00 -1.122992e+01 -1.727502e+01
         vertex -6.000000e+00 -1.182079e+01 -1.229570e+01
         vertex -6.000000e+00 -1.026221e+01 -1.702299e+01
      endloop
   endfacet
   facet normal -2.420726e-01 -9.525981e-01 -1.842763e-01
      outer loop
         vertex -2.000000e+00 -1.122992e+01 -1.727502e+01
         vertex -6.000000e+00 -1.026221e+01 -1.702299e+01
         vertex -2.000000e+00 -1.030873e+01 -2.203704e+01
      endloop
   endfacet
   facet normal -2.420726e-01 -9.525981e-01 -1.842762e-01
      outer loop
         vertex -2.000000e+00 -1.030873e+01 -2.203704e+01
         vertex -6.000000e+00 -1.026221e+01 -1.702299e+01
         vertex -6.000000e+00 -9.316836e+00 -2.190999e+01
      endloop
   endfacet
   facet normal -2.420726e-01 -9.682906e-01 -6.175915e-02
      outer loop
         vertex -2.000000e+00 -1.030873e+01 -2.203704e+01
         vertex -6.000000e+00 -9.316836e+00 -2.190999e+01
         vertex -2.000000e+00 -1.000000e+01 -2.687750e+01
      endloop
   endfacet
   facet normal -2.420727e-01 -9.682906e-01 -6.175920e-02
      outer loop
         vertex -2.000000e+00 -1.000000e+01 -2.687750e+01
         vertex -6.000000e+00 -9.316836e+00 -2.190999e+01
         vertex -6.000000e+00 -9.000000e+00 -2.687750e+01
      endloop
   endfacet
   facet normal -2.420727e-01 9.682906e-01 -6.175915e-02
      outer loop
         vertex -2.000000e+00 1.000000e+01 -2.687750e+01
         vertex -6.000000e+00 9.000000e+00 -2.687750e+01
         vertex -2.000000e+00 1.030873e+01 -2.203704e+01
      endloop
   endfacet
   facet normal -2.420726e-01 9.682906e-01 -6.175920e-02
      outer loop
         vertex -2.000000e+00 1.030873e+01 -2.203704e+01
         vertex -6.000000e+00 9.000000e+00 -2.687750e+01
         vertex -6.000000e+00 9.316836e+00 -2.190999e+01
      endloop
   endfacet
   facet normal -2.420726e-01 9.525981e-01 -1.842763e-01
      outer loop
         vertex -2.000000e+00 1.030873e+01 -2.203704e+01
         vertex -6.000000e+00 9.316836e+00 -2.190999e+01
         vertex -2.000000e+00 1.122992e+01 -1.727502e+01
      endloop
   endfacet
   facet normal -2.420726e-01 9.525981e-01 -1.842762e-01
      outer loop
         vertex -2.000000e+00 1.122992e+01 -1.727502e+01
         vertex -6.000000e+00 9.316836e+00 -2.190999e+01
         vertex -6.000000e+00 1.026221e+01 -1.702299e+01
      endloop
   endfacet
   facet normal -2.420726e-01 9.214674e-01 -3.038070e-01
      outer loop
         vertex -2.000000e+00 1.122992e+01 -1.727502e+01
         vertex -6.000000e+00 1.026221e+01 -1.702299e+01
         vertex -2.000000e+00 1.274865e+01 -1.266863e+01
      endloop
   endfacet
   facet normal -2.420727e-01 9.214674e-01 -3.038070e-01
      outer loop
         vertex -2.000000e+00 1.274865e+01 -1.266863e+01
         vertex -6.000000e+00 1.026221e+01 -1.702299e+01
         vertex -6.000000e+00 1.182079e+01 -1.229570e+01
      endloop
   endfacet
   facet normal -2.420727e-01 8.754030e-01 -4.184141e-01
      outer loop
         vertex -2.000000e+00 1.274865e+01 -1.266863e+01
         vertex -6.000000e+00 1.182079e+01 -1.229570e+01
         vertex -2.000000e+00 1.484029e+01 -8.292514e+00
      endloop
   endfacet
   facet normal -2.420725e-01 8.754030e-01 -4.184142e-01
      outer loop
         vertex -2.000000e+00 1.484029e+01 -8.292514e+00
         vertex -6.000000e+00 1.182079e+01 -1.229570e+01
         vertex -6.000000e+00 1.396733e+01 -7.804719e+00
      endloop
   endfacet
   facet normal -2.425357e-01 -9.701425e-01 0.000000e+00
      outer loop
         vertex -6.000000e+00 -9.000000e+00 -2.016225e+02
         vertex -2.000000e+00 -1.000000e+01 -2.016225e+02
         vertex -6.000000e+00 -9.000000e+00 -2.687750e+01
      endloop
   endfacet
   facet normal -2.425357e-01 -9.701425e-01 0.000000e+00
      outer loop
         vertex -6.000000e+00 -9.000000e+00 -2.687750e+01
         vertex -2.000000e+00 -1.000000e+01 -2.016225e+02
         vertex -2.000000e+00 -1.000000e+01 -2.687750e+01
      endloop
   endfacet
   facet normal -2.425357e-01 9.701425e-01 0.000000e+00
      outer loop
         vertex -2.000000e+00 1.000000e+01 -2.016225e+02
         vertex -6.000000e+00 9.000000e+00 -2.016225e+02
         vertex -2.000000e+00 1.000000e+01 -2.687750e+01
      endloop
   endfacet
   facet normal -2.425357e-01 9.701425e-01 0.000000e+00
      outer loop
         vertex -2.000000e+00 1.000000e+01 -2.687750e+01
         vertex -6.000000e+00 9.000000e+00 -2.016225e+02
         vertex -6.000000e+00 9.000000e+00 -2.687750e+01
      endloop
   endfacet
   facet normal -2.420727e-01 -9.682906e-01 6.175912e-02
      outer loop
         vertex -2.000000e+00 -1.000000e+01 -2.016225e+02
         vertex -6.000000e+00 -9.000000e+00 -2.016225e+02
         vertex -2.000000e+00 -1.030873e+01 -2.064630e+02
      endloop
   endfacet
   facet normal -2.420726e-01 -9.682906e-01 6.175915e-02
      outer loop
         vertex -2.000000e+00 -1.030873e+01 -2.064630e+02
         vertex -6.000000e+00 -9.000000e+00 -2.016225e+02
         vertex -6.000000e+00 -9.316836e+00 -2.065900e+02
      endloop
   endfacet
   facet normal -2.420727e-01 -9.525980e-01 1.842765e-01
      outer loop
         vertex -2.000000e+00 -1.030873e+01 -2.064630e+02
         vertex -6.000000e+00 -9.316836e+00 -2.065900e+02
         vertex -2.000000e+00 -1.122992e+01 -2.112250e+02
      endloop
   endfacet
   facet normal -2.420729e-01 -9.525980e-01 1.842763e-01
      outer loop
         vertex -2.000000e+00 -1.122992e+01 -2.112250e+02
         vertex -6.000000e+00 -9.316836e+00 -2.065900e+02
         vertex -6.000000e+00 -1.026221e+01 -2.114770e+02
      endloop
   endfacet
   facet normal -2.420730e-01 -9.214674e-01 3.038068e-01
      outer loop
         vertex -2.000000e+00 -1.122992e+01 -2.112250e+02
         vertex -6.000000e+00 -1.026221e+01 -2.114770e+02
         vertex -2.000000e+00 -1.274865e+01 -2.158314e+02
      endloop
   endfacet
   facet normal -2.420723e-01 -9.214673e-01 3.038074e-01
      outer loop
         vertex -2.000000e+00 -1.274865e+01 -2.158314e+02
         vertex -6.000000e+00 -1.026221e+01 -2.114770e+02
         vertex -6.000000e+00 -1.182079e+01 -2.162043e+02
      endloop
   endfacet
   facet normal -2.420722e-01 -8.754030e-01 4.184145e-01
      outer loop
         vertex -2.000000e+00 -1.274865e+01 -2.158314e+02
         vertex -6.000000e+00 -1.182079e+01 -2.162043e+02
         vertex -2.000000e+00 -1.484029e+01 -2.202075e+02
      endloop
   endfacet
   facet normal -2.420734e-01 -8.754032e-01 4.184134e-01
      outer loop
         vertex -2.000000e+00 -1.484029e+01 -2.202075e+02
         vertex -6.000000e+00 -1.182079e+01 -2.162043e+02
         vertex -6.000000e+00 -1.396733e+01 -2.206953e+02
      endloop
   endfacet
   facet normal -2.420734e-01 8.754027e-01 4.184143e-01
      outer loop
         vertex -2.000000e+00 1.484029e+01 -2.202075e+02
         vertex -6.000000e+00 1.396733e+01 -2.206953e+02
         vertex -2.000000e+00 1.274865e+01 -2.158314e+02
      endloop
   endfacet
   facet normal -2.420722e-01 8.754034e-01 4.184135e-01
      outer loop
         vertex -2.000000e+00 1.274865e+01 -2.158314e+02
         vertex -6.000000e+00 1.396733e+01 -2.206953e+02
         vertex -6.000000e+00 1.182079e+01 -2.162043e+02
      endloop
   endfacet
   facet normal -2.420723e-01 9.214675e-01 3.038068e-01
      outer loop
         vertex -2.000000e+00 1.274865e+01 -2.158314e+02
         vertex -6.000000e+00 1.182079e+01 -2.162043e+02
         vertex -2.000000e+00 1.122992e+01 -2.112250e+02
      endloop
   endfacet
   facet normal -2.420730e-01 9.214672e-01 3.038073e-01
      outer loop
         vertex -2.000000e+00 1.122992e+01 -2.112250e+02
         vertex -6.000000e+00 1.182079e+01 -2.162043e+02
         vertex -6.000000e+00 1.026221e+01 -2.114770e+02
      endloop
   endfacet
   facet normal -2.420729e-01 9.525980e-01 1.842765e-01
      outer loop
         vertex -2.000000e+00 1.122992e+01 -2.112250e+02
         vertex -6.000000e+00 1.026221e+01 -2.114770e+02
         vertex -2.000000e+00 1.030873e+01 -2.064630e+02
      endloop
   endfacet
   facet normal -2.420727e-01 9.525981e-01 1.842763e-01
      outer loop
         vertex -2.000000e+00 1.030873e+01 -2.064630e+02
         vertex -6.000000e+00 1.026221e+01 -2.114770e+02
         vertex -6.000000e+00 9.316836e+00 -2.065900e+02
      endloop
   endfacet
   facet normal -2.420726e-01 9.682906e-01 6.175912e-02
      outer loop
         vertex -2.000000e+00 1.030873e+01 -2.064630e+02
         vertex -6.000000e+00 9.316836e+00 -2.065900e+02
         vertex -2.000000e+00 1.000000e+01 -2.016225e+02
      endloop
   endfacet
   facet normal -2.420727e-01 9.682906e-01 6.175915e-02
      outer loop
         vertex -2.000000e+00 1.000000e+01 -2.016225e+02
         vertex -6.000000e+00 9.316836e+00 -2.065900e+02
         vertex -6.000000e+00 9.000000e+00 -2.016225e+02
      endloop
   endfacet
   facet normal -2.416790e-01 8.848787e-01 3.982222e-01
      outer loop
         vertex -6.000000e+00 1.396733e+01 -2.206953e+02
         vertex -2.000000e+00 1.484029e+01 -2.202075e+02
         vertex -2.000000e+00 1.604826e+01 -2.228917e+02
      endloop
   endfacet
   facet normal -2.416779e-01 8.848783e-01 3.982238e-01
      outer loop
         vertex -6.000000e+00 1.396733e+01 -2.206953e+02
         vertex -2.000000e+00 1.604826e+01 -2.228917e+02
         vertex -6.000000e+00 1.510425e+01 -2.232216e+02
      endloop
   endfacet
   facet normal -2.416781e-01 9.403061e-01 2.396168e-01
      outer loop
         vertex -6.000000e+00 1.510425e+01 -2.232216e+02
         vertex -2.000000e+00 1.604826e+01 -2.228917e+02
         vertex -2.000000e+00 1.677512e+01 -2.257440e+02
      endloop
   endfacet
   facet normal -2.416788e-01 9.403062e-01 2.396158e-01
      outer loop
         vertex -6.000000e+00 1.510425e+01 -2.232216e+02
         vertex -2.000000e+00 1.677512e+01 -2.257440e+02
         vertex -6.000000e+00 1.578834e+01 -2.259061e+02
      endloop
   endfacet
   facet normal -2.416785e-01 9.675440e-01 7.382508e-02
      outer loop
         vertex -6.000000e+00 1.578834e+01 -2.259061e+02
         vertex -2.000000e+00 1.677512e+01 -2.257440e+02
         vertex -2.000000e+00 1.699906e+01 -2.286790e+02
      endloop
   endfacet
   facet normal -2.416781e-01 9.675440e-01 7.382563e-02
      outer loop
         vertex -6.000000e+00 1.578834e+01 -2.259061e+02
         vertex -2.000000e+00 1.699906e+01 -2.286790e+02
         vertex -6.000000e+00 1.599911e+01 -2.286684e+02
      endloop
   endfacet
   facet normal -2.416784e-01 9.657752e-01 -9.417919e-02
      outer loop
         vertex -6.000000e+00 1.599911e+01 -2.286684e+02
         vertex -2.000000e+00 1.699906e+01 -2.286790e+02
         vertex -2.000000e+00 1.671338e+01 -2.316086e+02
      endloop
   endfacet
   facet normal -2.416782e-01 9.657753e-01 -9.417884e-02
      outer loop
         vertex -6.000000e+00 1.599911e+01 -2.286684e+02
         vertex -2.000000e+00 1.671338e+01 -2.316086e+02
         vertex -6.000000e+00 1.573024e+01 -2.314257e+02
      endloop
   endfacet
   facet normal -2.416780e-01 9.350529e-01 -2.593603e-01
      outer loop
         vertex -6.000000e+00 1.573024e+01 -2.314257e+02
         vertex -2.000000e+00 1.671338e+01 -2.316086e+02
         vertex -2.000000e+00 1.592663e+01 -2.344449e+02
      endloop
   endfacet
   facet normal -2.416783e-01 9.350527e-01 -2.593607e-01
      outer loop
         vertex -6.000000e+00 1.573024e+01 -2.314257e+02
         vertex -2.000000e+00 1.592663e+01 -2.344449e+02
         vertex -6.000000e+00 1.498977e+01 -2.340952e+02
      endloop
   endfacet
   facet normal -2.416782e-01 8.762984e-01 -4.167646e-01
      outer loop
         vertex -6.000000e+00 1.498977e+01 -2.340952e+02
         vertex -2.000000e+00 1.592663e+01 -2.344449e+02
         vertex -2.000000e+00 1.466241e+01 -2.371031e+02
      endloop
   endfacet
   facet normal -2.416789e-01 8.762978e-01 -4.167654e-01
      outer loop
         vertex -6.000000e+00 1.498977e+01 -2.340952e+02
         vertex -2.000000e+00 1.466241e+01 -2.371031e+02
         vertex -6.000000e+00 1.379992e+01 -2.365970e+02
      endloop
   endfacet
   facet normal -2.416792e-01 7.912721e-01 -5.616758e-01
      outer loop
         vertex -6.000000e+00 1.379992e+01 -2.365970e+02
         vertex -2.000000e+00 1.466241e+01 -2.371031e+02
         vertex -2.000000e+00 1.295862e+01 -2.395034e+02
      endloop
   endfacet
   facet normal -2.416789e-01 7.912724e-01 -5.616755e-01
      outer loop
         vertex -6.000000e+00 1.379992e+01 -2.365970e+02
         vertex -2.000000e+00 1.295862e+01 -2.395034e+02
         vertex -6.000000e+00 1.219635e+01 -2.388561e+02
      endloop
   endfacet
   facet normal -2.416790e-01 6.825232e-01 -6.897487e-01
      outer loop
         vertex -6.000000e+00 1.219635e+01 -2.388561e+02
         vertex -2.000000e+00 1.295862e+01 -2.395034e+02
         vertex -2.000000e+00 1.086634e+01 -2.415737e+02
      endloop
   endfacet
   facet normal -2.416767e-01 6.825261e-01 -6.897467e-01
      outer loop
         vertex -6.000000e+00 1.219635e+01 -2.388561e+02
         vertex -2.000000e+00 1.086634e+01 -2.415737e+02
         vertex -6.000000e+00 1.022714e+01 -2.408047e+02
      endloop
   endfacet
   facet normal -2.416766e-01 5.533170e-01 -7.971404e-01
      outer loop
         vertex -6.000000e+00 1.022714e+01 -2.408047e+02
         vertex -2.000000e+00 1.086634e+01 -2.415737e+02
         vertex -2.000000e+00 8.448284e+00 -2.432522e+02
      endloop
   endfacet
   facet normal -2.416802e-01 5.533120e-01 -7.971427e-01
      outer loop
         vertex -6.000000e+00 1.022714e+01 -2.408047e+02
         vertex -2.000000e+00 8.448284e+00 -2.432522e+02
         vertex -6.000000e+00 7.951326e+00 -2.423844e+02
      endloop
   endfacet
   facet normal -2.416802e-01 4.075143e-01 -8.806377e-01
      outer loop
         vertex -6.000000e+00 7.951326e+00 -2.423844e+02
         vertex -2.000000e+00 8.448284e+00 -2.432522e+02
         vertex -2.000000e+00 5.776954e+00 -2.444883e+02
      endloop
   endfacet
   facet normal -2.416775e-01 4.075182e-01 -8.806366e-01
      outer loop
         vertex -6.000000e+00 7.951326e+00 -2.423844e+02
         vertex -2.000000e+00 5.776954e+00 -2.444883e+02
         vertex -6.000000e+00 5.437133e+00 -2.435478e+02
      endloop
   endfacet
   facet normal -2.416776e-01 2.495033e-01 -9.377313e-01
      outer loop
         vertex -6.000000e+00 5.437133e+00 -2.435478e+02
         vertex -2.000000e+00 5.776954e+00 -2.444883e+02
         vertex -2.000000e+00 2.932434e+00 -2.452452e+02
      endloop
   endfacet
   facet normal -2.416786e-01 2.495018e-01 -9.377315e-01
      outer loop
         vertex -6.000000e+00 5.437133e+00 -2.435478e+02
         vertex -2.000000e+00 2.932434e+00 -2.452452e+02
         vertex -6.000000e+00 2.759937e+00 -2.442602e+02
      endloop
   endfacet
   facet normal -2.416786e-01 8.400615e-02 -9.667132e-01
      outer loop
         vertex -6.000000e+00 2.759937e+00 -2.442602e+02
         vertex -2.000000e+00 2.932434e+00 -2.452452e+02
         vertex -2.000000e+00 6.071532e-15 -2.455000e+02
      endloop
   endfacet
   facet normal -2.416788e-01 8.400584e-02 -9.667132e-01
      outer loop
         vertex -6.000000e+00 2.759937e+00 -2.442602e+02
         vertex -2.000000e+00 6.071532e-15 -2.455000e+02
         vertex -6.000000e+00 -1.301043e-14 -2.445000e+02
      endloop
   endfacet
   facet normal -2.416788e-01 -8.400614e-02 -9.667132e-01
      outer loop
         vertex -6.000000e+00 -1.301043e-14 -2.445000e+02
         vertex -2.000000e+00 6.071532e-15 -2.455000e+02
         vertex -2.000000e+00 -2.932434e+00 -2.452452e+02
      endloop
   endfacet
   facet normal -2.416786e-01 -8.400585e-02 -9.667132e-01
      outer loop
         vertex -6.000000e+00 -1.301043e-14 -2.445000e+02
         vertex -2.000000e+00 -2.932434e+00 -2.452452e+02
         vertex -6.000000e+00 -2.759937e+00 -2.442602e+02
      endloop
   endfacet
   facet normal -2.416786e-01 -2.495032e-01 -9.377311e-01
      outer loop
         vertex -6.000000e+00 -2.759937e+00 -2.442602e+02
         vertex -2.000000e+00 -2.932434e+00 -2.452452e+02
         vertex -2.000000e+00 -5.776954e+00 -2.444883e+02
      endloop
   endfacet
   facet normal -2.416775e-01 -2.495018e-01 -9.377317e-01
      outer loop
         vertex -6.000000e+00 -2.759937e+00 -2.442602e+02
         vertex -2.000000e+00 -5.776954e+00 -2.444883e+02
         vertex -6.000000e+00 -5.437133e+00 -2.435478e+02
      endloop
   endfacet
   facet normal -2.416776e-01 -4.075146e-01 -8.806383e-01
      outer loop
         vertex -6.000000e+00 -5.437133e+00 -2.435478e+02
         vertex -2.000000e+00 -5.776954e+00 -2.444883e+02
         vertex -2.000000e+00 -8.448284e+00 -2.432522e+02
      endloop
   endfacet
   facet normal -2.416803e-01 -4.075179e-01 -8.806360e-01
      outer loop
         vertex -6.000000e+00 -5.437133e+00 -2.435478e+02
         vertex -2.000000e+00 -8.448284e+00 -2.432522e+02
         vertex -6.000000e+00 -7.951326e+00 -2.423844e+02
      endloop
   endfacet
   facet normal -2.416801e-01 -5.533165e-01 -7.971397e-01
      outer loop
         vertex -6.000000e+00 -7.951326e+00 -2.423844e+02
         vertex -2.000000e+00 -8.448284e+00 -2.432522e+02
         vertex -2.000000e+00 -1.086634e+01 -2.415737e+02
      endloop
   endfacet
   facet normal -2.416765e-01 -5.533126e-01 -7.971435e-01
      outer loop
         vertex -6.000000e+00 -7.951326e+00 -2.423844e+02
         vertex -2.000000e+00 -1.086634e+01 -2.415737e+02
         vertex -6.000000e+00 -1.022714e+01 -2.408047e+02
      endloop
   endfacet
   facet normal -2.416768e-01 -6.825236e-01 -6.897491e-01
      outer loop
         vertex -6.000000e+00 -1.022714e+01 -2.408047e+02
         vertex -2.000000e+00 -1.086634e+01 -2.415737e+02
         vertex -2.000000e+00 -1.295862e+01 -2.395034e+02
      endloop
   endfacet
   facet normal -2.416791e-01 -6.825256e-01 -6.897463e-01
      outer loop
         vertex -6.000000e+00 -1.022714e+01 -2.408047e+02
         vertex -2.000000e+00 -1.295862e+01 -2.395034e+02
         vertex -6.000000e+00 -1.219635e+01 -2.388561e+02
      endloop
   endfacet
   facet normal -2.416789e-01 -7.912722e-01 -5.616758e-01
      outer loop
         vertex -6.000000e+00 -1.219635e+01 -2.388561e+02
         vertex -2.000000e+00 -1.295862e+01 -2.395034e+02
         vertex -2.000000e+00 -1.466241e+01 -2.371031e+02
      endloop
   endfacet
   facet normal -2.416792e-01 -7.912723e-01 -5.616754e-01
      outer loop
         vertex -6.000000e+00 -1.219635e+01 -2.388561e+02
         vertex -2.000000e+00 -1.466241e+01 -2.371031e+02
         vertex -6.000000e+00 -1.379992e+01 -2.365970e+02
      endloop
   endfacet
   facet normal -2.416789e-01 -8.762983e-01 -4.167645e-01
      outer loop
         vertex -6.000000e+00 -1.379992e+01 -2.365970e+02
         vertex -2.000000e+00 -1.466241e+01 -2.371031e+02
         vertex -2.000000e+00 -1.592663e+01 -2.344449e+02
      endloop
   endfacet
   facet normal -2.416782e-01 -8.762980e-01 -4.167655e-01
      outer loop
         vertex -6.000000e+00 -1.379992e+01 -2.365970e+02
         vertex -2.000000e+00 -1.592663e+01 -2.344449e+02
         vertex -6.000000e+00 -1.498977e+01 -2.340952e+02
      endloop
   endfacet
   facet normal -2.416783e-01 -9.350529e-01 -2.593603e-01
      outer loop
         vertex -6.000000e+00 -1.498977e+01 -2.340952e+02
         vertex -2.000000e+00 -1.592663e+01 -2.344449e+02
         vertex -2.000000e+00 -1.671338e+01 -2.316086e+02
      endloop
   endfacet
   facet normal -2.416780e-01 -9.350528e-01 -2.593607e-01
      outer loop
         vertex -6.000000e+00 -1.498977e+01 -2.340952e+02
         vertex -2.000000e+00 -1.671338e+01 -2.316086e+02
         vertex -6.000000e+00 -1.573024e+01 -2.314257e+02
      endloop
   endfacet
   facet normal -2.416782e-01 -9.657753e-01 -9.417919e-02
      outer loop
         vertex -6.000000e+00 -1.573024e+01 -2.314257e+02
         vertex -2.000000e+00 -1.671338e+01 -2.316086e+02
         vertex -2.000000e+00 -1.699906e+01 -2.286790e+02
      endloop
   endfacet
   facet normal -2.416784e-01 -9.657753e-01 -9.417884e-02
      outer loop
         vertex -6.000000e+00 -1.573024e+01 -2.314257e+02
         vertex -2.000000e+00 -1.699906e+01 -2.286790e+02
         vertex -6.000000e+00 -1.599911e+01 -2.286684e+02
      endloop
   endfacet
   facet normal -2.416781e-01 -9.675441e-01 7.382508e-02
      outer loop
         vertex -6.000000e+00 -1.599911e+01 -2.286684e+02
         vertex -2.000000e+00 -1.699906e+01 -2.286790e+02
         vertex -2.000000e+00 -1.677512e+01 -2.257440e+02
      endloop
   endfacet
   facet normal -2.416785e-01 -9.675439e-01 7.382563e-02
      outer loop
         vertex -6.000000e+00 -1.599911e+01 -2.286684e+02
         vertex -2.000000e+00 -1.677512e+01 -2.257440e+02
         vertex -6.000000e+00 -1.578834e+01 -2.259061e+02
      endloop
   endfacet
   facet normal -2.416788e-01 -9.403059e-01 2.396167e-01
      outer loop
         vertex -6.000000e+00 -1.578834e+01 -2.259061e+02
         vertex -2.000000e+00 -1.677512e+01 -2.257440e+02
         vertex -2.000000e+00 -1.604826e+01 -2.228917e+02
      endloop
   endfacet
   facet normal -2.416781e-01 -9.403063e-01 2.396158e-01
      outer loop
         vertex -6.000000e+00 -1.578834e+01 -2.259061e+02
         vertex -2.000000e+00 -1.604826e+01 -2.228917e+02
         vertex -6.000000e+00 -1.510425e+01 -2.232216e+02
      endloop
   endfacet
   facet normal -2.416779e-01 -8.848790e-01 3.982223e-01
      outer loop
         vertex -6.000000e+00 -1.510425e+01 -2.232216e+02
         vertex -2.000000e+00 -1.604826e+01 -2.228917e+02
         vertex -2.000000e+00 -1.484029e+01 -2.202075e+02
      endloop
   endfacet
   facet normal -2.416791e-01 -8.848780e-01 3.982237e-01
      outer loop
         vertex -6.000000e+00 -1.510425e+01 -2.232216e+02
         vertex -2.000000e+00 -1.484029e+01 -2.202075e+02
         vertex -6.000000e+00 -1.396733e+01 -2.206953e+02
      endloop
   endfacet
endsolid upper_link