solid upper_control
   facet normal -0.000000e+00 -8.715572e-02 -9.961947e-01
      outer loop
         vertex 4.500000e+00 -2.694223e-15 1.100000e+01
         vertex -6.000000e+00 -2.694223e-15 1.100000e+01
         vertex 4.500000e+00 1.910130e+00 1.083289e+01
      endloop
   endfacet
   facet normal -0.000000e+00 -8.715572e-02 -9.961947e-01
      outer loop
         vertex 4.500000e+00 1.910130e+00 1.083289e+01
         vertex -6.000000e+00 -2.694223e-15 1.100000e+01
         vertex -6.000000e+00 1.910130e+00 1.083289e+01
      endloop
   endfacet
   facet normal -0.000000e+00 -2.588190e-01 -9.659258e-01
      outer loop
         vertex 4.500000e+00 1.910130e+00 1.083289e+01
         vertex -6.000000e+00 1.910130e+00 1.083289e+01
         vertex 4.500000e+00 3.762222e+00 1.033662e+01
      endloop
   endfacet
   facet normal -0.000000e+00 -2.588190e-01 -9.659258e-01
      outer loop
         vertex 4.500000e+00 3.762222e+00 1.033662e+01
         vertex -6.000000e+00 1.910130e+00 1.083289e+01
         vertex -6.000000e+00 3.762222e+00 1.033662e+01
      endloop
   endfacet
   facet normal -0.000000e+00 -4.226182e-01 -9.063078e-01
      outer loop
         vertex 4.500000e+00 3.762222e+00 1.033662e+01
         vertex -6.000000e+00 3.762222e+00 1.033662e+01
         vertex 4.500000e+00 5.500000e+00 9.526280e+00
      endloop
   endfacet
   facet normal -0.000000e+00 -4.226182e-01 -9.063078e-01
      outer loop
         vertex 4.500000e+00 5.500000e+00 9.526280e+00
         vertex -6.000000e+00 3.762222e+00 1.033662e+01
         vertex -6.000000e+00 5.500000e+00 9.526280e+00
      endloop
   endfacet
   facet normal -0.000000e+00 -5.735764e-01 -8.191521e-01
      outer loop
         vertex 4.500000e+00 5.500000e+00 9.526280e+00
         vertex -6.000000e+00 5.500000e+00 9.526280e+00
         vertex 4.500000e+00 7.070664e+00 8.426489e+00
      endloop
   endfacet
   facet normal -0.000000e+00 -5.735764e-01 -8.191521e-01
      outer loop
         vertex 4.500000e+00 7.070664e+00 8.426489e+00
         vertex -6.000000e+00 5.500000e+00 9.526280e+00
         vertex -6.000000e+00 7.070664e+00 8.426489e+00
      endloop
   endfacet
   facet normal -0.000000e+00 -7.071068e-01 -7.071068e-01
      outer loop
         vertex 4.500000e+00 7.070664e+00 8.426489e+00
         vertex -6.000000e+00 7.070664e+00 8.426489e+00
         vertex 4.500000e+00 8.426489e+00 7.070664e+00
      endloop
   endfacet
   facet normal -0.000000e+00 -7.071068e-01 -7.071068e-01
      outer loop
         vertex 4.500000e+00 8.426489e+00 7.070664e+00
         vertex -6.000000e+00 7.070664e+00 8.426489e+00
         vertex -6.000000e+00 8.426489e+00 7.070664e+00
      endloop
   endfacet
   facet normal -0.000000e+00 -8.191521e-01 -5.735764e-01
      outer loop
         vertex 4.500000e+00 8.426489e+00 7.070664e+00
         vertex -6.000000e+00 8.426489e+00 7.070664e+00
         vertex 4.500000e+00 9.526280e+00 5.500000e+00
      endloop
   endfacet
   facet normal -0.000000e+00 -8.191521e-01 -5.735764e-01
      outer loop
         vertex 4.500000e+00 9.526280e+00 5.500000e+00
         vertex -6.000000e+00 8.426489e+00 7.070664e+00
         vertex -6.000000e+00 9.526280e+00 5.500000e+00
      endloop
   endfacet
   facet normal -0.000000e+00 -9.063078e-01 -4.226182e-01
      outer loop
         vertex 4.500000e+00 9.526280e+00 5.500000e+00
         vertex -6.000000e+00 9.526280e+00 5.500000e+00
         vertex 4.500000e+00 1.033662e+01 3.762222e+00
      endloop
   endfacet
   facet normal -0.000000e+00 -9.063078e-01 -4.226182e-01
      outer loop
         vertex 4.500000e+00 1.033662e+01 3.762222e+00
         vertex -6.000000e+00 9.526280e+00 5.500000e+00
         vertex -6.000000e+00 1.033662e+01 3.762222e+00
      endloop
   endfacet
   facet normal -0.000000e+00 -9.659258e-01 -2.588190e-01
      outer loop
         vertex 4.500000e+00 1.033662e+01 3.762222e+00
         vertex -6.000000e+00 1.033662e+01 3.762222e+00
         vertex 4.500000e+00 1.083289e+01 1.910130e+00
      endloop
   endfacet
   facet normal -0.000000e+00 -9.659258e-01 -2.588190e-01
      outer loop
         vertex 4.500000e+00 1.083289e+01 1.910130e+00
         vertex -6.000000e+00 1.033662e+01 3.762222e+00
         vertex -6.000000e+00 1.083289e+01 1.910130e+00
      endloop
   endfacet
   facet normal -0.000000e+00 -9.961947e-01 -8.715572e-02
      outer loop
         vertex 4.500000e+00 1.083289e+01 1.910130e+00
         vertex -6.000000e+00 1.083289e+01 1.910130e+00
         vertex 4.500000e+00 1.100000e+01 6.735558e-16
      endloop
   endfacet
   facet normal -0.000000e+00 -9.961947e-01 -8.715572e-02
      outer loop
         vertex 4.500000e+00 1.100000e+01 6.735558e-16
         vertex -6.000000e+00 1.083289e+01 1.910130e+00
         vertex -6.000000e+00 1.100000e+01 6.735558e-16
      endloop
   endfacet
   facet normal 0.000000e+00 -9.961947e-01 8.715572e-02
      outer loop
         vertex 4.500000e+00 1.100000e+01 6.735558e-16
         vertex -6.000000e+00 1.100000e+01 6.735558e-16
         vertex 4.500000e+00 1.083289e+01 -1.910130e+00
      endloop
   endfacet
   facet normal 0.000000e+00 -9.961947e-01 8.715572e-02
      outer loop
         vertex 4.500000e+00 1.083289e+01 -1.910130e+00
         vertex -6.000000e+00 1.100000e+01 6.735558e-16
         vertex -6.000000e+00 1.083289e+01 -1.910130e+00
      endloop
   endfacet
   facet normal 0.000000e+00 -9.659258e-01 2.588190e-01
      outer loop
         vertex 4.500000e+00 1.083289e+01 -1.910130e+00
         vertex -6.000000e+00 1.083289e+01 -1.910130e+00
         vertex 4.500000e+00 1.033662e+01 -3.762222e+00
      endloop
   endfacet
   facet normal 0.000000e+00 -9.659258e-01 2.588190e-01
      outer loop
         vertex 4.500000e+00 1.033662e+01 -3.762222e+00
         vertex -6.000000e+00 1.083289e+01 -1.910130e+00
         vertex -6.000000e+00 1.033662e+01 -3.762222e+00
      endloop
   endfacet
   facet normal 0.000000e+00 -9.063078e-01 4.226182e-01
      outer loop
         vertex 4.500000e+00 1.033662e+01 -3.762222e+00
         vertex -6.000000e+00 1.033662e+01 -3.762222e+00
         vertex 4.500000e+00 9.526280e+00 -5.500000e+00
      endloop
   endfacet
   facet normal 0.000000e+00 -9.063078e-01 4.226182e-01
      outer loop
         vertex 4.500000e+00 9.526280e+00 -5.500000e+00
         vertex -6.000000e+00 1.033662e+01 -3.762222e+00
         vertex -6.000000e+00 9.526280e+00 -5.500000e+00
      endloop
   endfacet
   facet normal 0.000000e+00 -8.191521e-01 5.735764e-01
      outer loop
         vertex 4.500000e+00 9.526280e+00 -5.500000e+00
         vertex -6.000000e+00 9.526280e+00 -5.500000e+00
         vertex 4.500000e+00 8.426489e+00 -7.070664e+00
      endloop
   endfacet
   facet normal 0.000000e+00 -8.191521e-01 5.735764e-01
      outer loop
         vertex 4.500000e+00 8.426489e+00 -7.070664e+00
         vertex -6.000000e+00 9.526280e+00 -5.500000e+00
         vertex -6.000000e+00 8.426489e+00 -7.070664e+00
      endloop
   endfacet
   facet normal 0.000000e+00 -7.071068e-01 7.071068e-01
      outer loop
         vertex 4.500000e+00 8.426489e+00 -7.070664e+00
         vertex -6.000000e+00 8.426489e+00 -7.070664e+00
         vertex 4.500000e+00 7.070664e+00 -8.426489e+00
      endloop
   endfacet
   facet normal 0.000000e+00 -7.071068e-01 7.071068e-01
      outer loop
         vertex 4.500000e+00 7.070664e+00 -8.426489e+00
         vertex -6.000000e+00 8.426489e+00 -7.070664e+00
         vertex -6.000000e+00 7.070664e+00 -8.426489e+00
      endloop
   endfacet
   facet normal 0.000000e+00 -5.735764e-01 8.191521e-01
      outer loop
         vertex 4.500000e+00 7.070664e+00 -8.426489e+00
         vertex -6.000000e+00 7.070664e+00 -8.426489e+00
         vertex 4.500000e+00 5.500000e+00 -9.526280e+00
      endloop
   endfacet
   facet normal 0.000000e+00 -5.735764e-01 8.191521e-01
      outer loop
         vertex 4.500000e+00 5.500000e+00 -9.526280e+00
         vertex -6.000000e+00 7.070664e+00 -8.426489e+00
         vertex -6.000000e+00 5.500000e+00 -9.526280e+00
      endloop
   endfacet
   facet normal 0.000000e+00 -4.226182e-01 9.063078e-01
      outer loop
         vertex 4.500000e+00 5.500000e+00 -9.526280e+00
         vertex -6.000000e+00 5.500000e+00 -9.526280e+00
         vertex 4.500000e+00 3.762222e+00 -1.033662e+01
      endloop
   endfacet
   facet normal 0.000000e+00 -4.226182e-01 9.063078e-01
      outer loop
         vertex 4.500000e+00 3.762222e+00 -1.033662e+01
         vertex -6.000000e+00 5.500000e+00 -9.526280e+00
         vertex -6.000000e+00 3.762222e+00 -1.033662e+01
      endloop
   endfacet
   facet normal 0.000000e+00 -2.588190e-01 9.659258e-01
      outer loop
         vertex 4.500000e+00 3.762222e+00 -1.033662e+01
         vertex -6.000000e+00 3.762222e+00 -1.033662e+01
         vertex 4.500000e+00 1.910130e+00 -1.083289e+01
      endloop
   endfacet
   facet normal 0.000000e+00 -2.588190e-01 9.659258e-01
      outer loop
         vertex 4.500000e+00 1.910130e+00 -1.083289e+01
         vertex -6.000000e+00 3.762222e+00 -1.033662e+01
         vertex -6.000000e+00 1.910130e+00 -1.083289e+01
      endloop
   endfacet
   facet normal 0.000000e+00 -8.715572e-02 9.961947e-01
      outer loop
         vertex 4.500000e+00 1.910130e+00 -1.083289e+01
         vertex -6.000000e+00 1.910130e+00 -1.083289e+01
         vertex 4.500000e+00 1.347112e-15 -1.100000e+01
      endloop
   endfacet
   facet normal 0.000000e+00 -8.715572e-02 9.961947e-01
      outer loop
         vertex 4.500000e+00 1.347112e-15 -1.100000e+01
         vertex -6.000000e+00 1.910130e+00 -1.083289e+01
         vertex -6.000000e+00 1.347112e-15 -1.100000e+01
      endloop
   endfacet
   facet normal 0.000000e+00 8.715572e-02 9.961947e-01
      outer loop
         vertex 4.500000e+00 1.347112e-15 -1.100000e+01
         vertex -6.000000e+00 1.347112e-15 -1.100000e+01
         vertex 4.500000e+00 -1.910130e+00 -1.083289e+01
      endloop
   endfacet
   facet normal 0.000000e+00 8.715572e-02 9.961947e-01
      outer loop
         vertex 4.500000e+00 -1.910130e+00 -1.083289e+01
         vertex -6.000000e+00 1.347112e-15 -1.100000e+01
         vertex -6.000000e+00 -1.910130e+00 -1.083289e+01
      endloop
   endfacet
   facet normal 0.000000e+00 2.588190e-01 9.659258e-01
      outer loop
         vertex 4.500000e+00 -1.910130e+00 -1.083289e+01
         vertex -6.000000e+00 -1.910130e+00 -1.083289e+01
         vertex 4.500000e+00 -3.762222e+00 -1.033662e+01
      endloop
   endfacet
   facet normal 0.000000e+00 2.588190e-01 9.659258e-01
      outer loop
         vertex 4.500000e+00 -3.762222e+00 -1.033662e+01
         vertex -6.000000e+00 -1.910130e+00 -1.083289e+01
         vertex -6.000000e+00 -3.762222e+00 -1.033662e+01
      endloop
   endfacet
   facet normal 0.000000e+00 4.226182e-01 9.063078e-01
      outer loop
         vertex 4.500000e+00 -3.762222e+00 -1.033662e+01
         vertex -6.000000e+00 -3.762222e+00 -1.033662e+01
         vertex 4.500000e+00 -5.500000e+00 -9.526280e+00
      endloop
   endfacet
   facet normal 0.000000e+00 4.226182e-01 9.063078e-01
      outer loop
         vertex 4.500000e+00 -5.500000e+00 -9.526280e+00
         vertex -6.000000e+00 -3.762222e+00 -1.033662e+01
         vertex -6.000000e+00 -5.500000e+00 -9.526280e+00
      endloop
   endfacet
   facet normal 0.000000e+00 5.735764e-01 8.191521e-01
      outer loop
         vertex 4.500000e+00 -5.500000e+00 -9.526280e+00
         vertex -6.000000e+00 -5.500000e+00 -9.526280e+00
         vertex 4.500000e+00 -7.070664e+00 -8.426489e+00
      endloop
   endfacet
   facet normal 0.000000e+00 5.735764e-01 8.191521e-01
      outer loop
         vertex 4.500000e+00 -7.070664e+00 -8.426489e+00
         vertex -6.000000e+00 -5.500000e+00 -9.526280e+00
         vertex -6.000000e+00 -7.070664e+00 -8.426489e+00
      endloop
   endfacet
   facet normal 0.000000e+00 7.071068e-01 7.071068e-01
      outer loop
         vertex 4.500000e+00 -7.070664e+00 -8.426489e+00
         vertex -6.000000e+00 -7.070664e+00 -8.426489e+00
         vertex 4.500000e+00 -8.426489e+00 -7.070664e+00
      endloop
   endfacet
   facet normal 0.000000e+00 7.071068e-01 7.071068e-01
      outer loop
         vertex 4.500000e+00 -8.426489e+00 -7.070664e+00
         vertex -6.000000e+00 -7.070664e+00 -8.426489e+00
         vertex -6.000000e+00 -8.426489e+00 -7.070664e+00
      endloop
   endfacet
   facet normal 0.000000e+00 8.191521e-01 5.735764e-01
      outer loop
         vertex 4.500000e+00 -8.426489e+00 -7.070664e+00
         vertex -6.000000e+00 -8.426489e+00 -7.070664e+00
         vertex 4.500000e+00 -9.526280e+00 -5.500000e+00
      endloop
   endfacet
   facet normal 0.000000e+00 8.191521e-01 5.735764e-01
      outer loop
         vertex 4.500000e+00 -9.526280e+00 -5.500000e+00
         vertex -6.000000e+00 -8.426489e+00 -7.070664e+00
         vertex -6.000000e+00 -9.526280e+00 -5.500000e+00
      endloop
   endfacet
   facet normal 0.000000e+00 9.063078e-01 4.226182e-01
      outer loop
         vertex 4.500000e+00 -9.526280e+00 -5.500000e+00
         vertex -6.000000e+00 -9.526280e+00 -5.500000e+00
         vertex 4.500000e+00 -1.033662e+01 -3.762222e+00
      endloop
   endfacet
   facet normal 0.000000e+00 9.063078e-01 4.226182e-01
      outer loop
         vertex 4.500000e+00 -1.033662e+01 -3.762222e+00
         vertex -6.000000e+00 -9.526280e+00 -5.500000e+00
         vertex -6.000000e+00 -1.033662e+01 -3.762222e+00
      endloop
   endfacet
   facet normal 0.000000e+00 9.659258e-01 2.588190e-01
      outer loop
         vertex 4.500000e+00 -1.033662e+01 -3.762222e+00
         vertex -6.000000e+00 -1.033662e+01 -3.762222e+00
         vertex 4.500000e+00 -1.083289e+01 -1.910130e+00
      endloop
   endfacet
   facet normal 0.000000e+00 9.659258e-01 2.588190e-01
      outer loop
         vertex 4.500000e+00 -1.083289e+01 -1.910130e+00
         vertex -6.000000e+00 -1.033662e+01 -3.762222e+00
         vertex -6.000000e+00 -1.083289e+01 -1.910130e+00
      endloop
   endfacet
   facet normal 0.000000e+00 9.961947e-01 8.715572e-02
      outer loop
         vertex 4.500000e+00 -1.083289e+01 -1.910130e+00
         vertex -6.000000e+00 -1.083289e+01 -1.910130e+00
         vertex 4.500000e+00 -1.100000e+01 -2.020667e-15
      endloop
   endfacet
   facet normal 0.000000e+00 9.961947e-01 8.715572e-02
      outer loop
         vertex 4.500000e+00 -1.100000e+01 -2.020667e-15
         vertex -6.000000e+00 -1.083289e+01 -1.910130e+00
         vertex -6.000000e+00 -1.100000e+01 -2.020667e-15
      endloop
   endfacet
   facet normal 0.000000e+00 9.961947e-01 -8.715572e-02
      outer loop
         vertex 4.500000e+00 -1.100000e+01 -2.020667e-15
         vertex -6.000000e+00 -1.100000e+01 -2.020667e-15
         vertex 4.500000e+00 -1.083289e+01 1.910130e+00
      endloop
   endfacet
   facet normal 0.000000e+00 9.961947e-01 -8.715572e-02
      outer loop
         vertex 4.500000e+00 -1.083289e+01 1.910130e+00
         vertex -6.000000e+00 -1.100000e+01 -2.020667e-15
         vertex -6.000000e+00 -1.083289e+01 1.910130e+00
      endloop
   endfacet
   facet normal 0.000000e+00 9.659258e-01 -2.588190e-01
      outer loop
         vertex 4.500000e+00 -1.083289e+01 1.910130e+00
         vertex -6.000000e+00 -1.083289e+01 1.910130e+00
         vertex 4.500000e+00 -1.033662e+01 3.762222e+00
      endloop
   endfacet
   facet normal 0.000000e+00 9.659258e-01 -2.588190e-01
      outer loop
         vertex 4.500000e+00 -1.033662e+01 3.762222e+00
         vertex -6.000000e+00 -1.083289e+01 1.910130e+00
         vertex -6.000000e+00 -1.033662e+01 3.762222e+00
      endloop
   endfacet
   facet normal 0.000000e+00 9.063078e-01 -4.226182e-01
      outer loop
         vertex 4.500000e+00 -1.033662e+01 3.762222e+00
         vertex -6.000000e+00 -1.033662e+01 3.762222e+00
         vertex 4.500000e+00 -9.526280e+00 5.500000e+00
      endloop
   endfacet
   facet normal 0.000000e+00 9.063078e-01 -4.226182e-01
      outer loop
         vertex 4.500000e+00 -9.526280e+00 5.500000e+00
         vertex -6.000000e+00 -1.033662e+01 3.762222e+00
         vertex -6.000000e+00 -9.526280e+00 5.500000e+00
      endloop
   endfacet
   facet normal 0.000000e+00 8.191521e-01 -5.735764e-01
      outer loop
         vertex 4.500000e+00 -9.526280e+00 5.500000e+00
         vertex -6.000000e+00 -9.526280e+00 5.500000e+00
         vertex 4.500000e+00 -8.426489e+00 7.070664e+00
      endloop
   endfacet
   facet normal 0.000000e+00 8.191521e-01 -5.735764e-01
      outer loop
         vertex 4.500000e+00 -8.426489e+00 7.070664e+00
         vertex -6.000000e+00 -9.526280e+00 5.500000e+00
         vertex -6.000000e+00 -8.426489e+00 7.070664e+00
      endloop
   endfacet
   facet normal 0.000000e+00 7.071068e-01 -7.071068e-01
      outer loop
         vertex 4.500000e+00 -8.426489e+00 7.070664e+00
         vertex -6.000000e+00 -8.426489e+00 7.070664e+00
         vertex 4.500000e+00 -7.070664e+00 8.426489e+00
      endloop
   endfacet
   facet normal 0.000000e+00 7.071068e-01 -7.071068e-01
      outer loop
         vertex 4.500000e+00 -7.070664e+00 8.426489e+00
         vertex -6.000000e+00 -8.426489e+00 7.070664e+00
         vertex -6.000000e+00 -7.070664e+00 8.426489e+00
      endloop
   endfacet
   facet normal 0.000000e+00 5.735764e-01 -8.191521e-01
      outer loop
         vertex 4.500000e+00 -7.070664e+00 8.426489e+00
         vertex -6.000000e+00 -7.070664e+00 8.426489e+00
         vertex 4.500000e+00 -5.500000e+00 9.526280e+00
      endloop
   endfacet
   facet normal 0.000000e+00 5.735764e-01 -8.191521e-01
      outer loop
         vertex 4.500000e+00 -5.500000e+00 9.526280e+00
         vertex -6.000000e+00 -7.070664e+00 8.426489e+00
         vertex -6.000000e+00 -5.500000e+00 9.526280e+00
      endloop
   endfacet
   facet normal 0.000000e+00 4.226182e-01 -9.063078e-01
      outer loop
         vertex 4.500000e+00 -5.500000e+00 9.526280e+00
         vertex -6.000000e+00 -5.500000e+00 9.526280e+00
         vertex 4.500000e+00 -3.762222e+00 1.033662e+01
      endloop
   endfacet
   facet normal 0.000000e+00 4.226182e-01 -9.063078e-01
      outer loop
         vertex 4.500000e+00 -3.762222e+00 1.033662e+01
         vertex -6.000000e+00 -5.500000e+00 9.526280e+00
         vertex -6.000000e+00 -3.762222e+00 1.033662e+01
      endloop
   endfacet
   facet normal 0.000000e+00 2.588190e-01 -9.659258e-01
      outer loop
         vertex 4.500000e+00 -3.762222e+00 1.033662e+01
         vertex -6.000000e+00 -3.762222e+00 1.033662e+01
         vertex 4.500000e+00 -1.910130e+00 1.083289e+01
      endloop
   endfacet
   facet normal 0.000000e+00 2.588190e-01 -9.659258e-01
      outer loop
         vertex 4.500000e+00 -1.910130e+00 1.083289e+01
         vertex -6.000000e+00 -3.762222e+00 1.033662e+01
         vertex -6.000000e+00 -1.910130e+00 1.083289e+01
      endloop
   endfacet
   facet normal 0.000000e+00 8.715572e-02 -9.961947e-01
      outer loop
         vertex 4.500000e+00 -1.910130e+00 1.083289e+01
         vertex -6.000000e+00 -1.910130e+00 1.083289e+01
         vertex 4.500000e+00 -2.694223e-15 1.100000e+01
      endloop
   endfacet
   facet normal 0.000000e+00 8.715572e-02 -9.961947e-01
      outer loop
         vertex 4.500000e+00 -2.694223e-15 1.100000e+01
         vertex -6.000000e+00 -1.910130e+00 1.083289e+01
         vertex -6.000000e+00 -2.694223e-15 1.100000e+01
      endloop
   endfacet
   facet normal 1.000000e+00 0.000000e+00 0.000000e+00
      outer loop
         vertex 6.000000e+00 -1.344619e+01 -1.276904e+01
         vertex 6.000000e+00 -1.358247e+01 -1.247678e+01
         vertex 6.000000e+00 -1.359702e+01 -1.359702e+01
      endloop
   endfacet
   facet normal 1.000000e+00 -0.000000e+00 0.000000e+00
      outer loop
         vertex 6.000000e+00 4.617272e+00 1.268585e+01
         vertex 6.000000e+00 6.750000e+00 1.169134e+01
         vertex 6.000000e+00 7.247019e+00 1.359702e+01
      endloop
   endfacet
   facet normal 1.000000e+00 0.000000e+00 0.000000e+00
      outer loop
         vertex 6.000000e+00 1.316872e+01 1.505274e+01
         vertex 6.000000e+00 1.359702e+01 1.359702e+01
         vertex 6.000000e+00 1.539511e+01 1.276677e+01
      endloop
   endfacet
   facet normal 1.000000e+00 0.000000e+00 0.000000e+00
      outer loop
         vertex 6.000000e+00 -4.745884e+00 1.942876e+01
         vertex 6.000000e+00 -7.775456e+00 1.842667e+01
         vertex 6.000000e+00 -7.247019e+00 1.359702e+01
      endloop
   endfacet
   facet normal 1.000000e+00 0.000000e+00 0.000000e+00
      outer loop
         vertex 6.000000e+00 -1.539511e+01 1.276677e+01
         vertex 6.000000e+00 -1.359702e+01 1.359702e+01
         vertex 6.000000e+00 -1.316872e+01 1.505274e+01
      endloop
   endfacet
   facet normal 1.000000e+00 0.000000e+00 -0.000000e+00
      outer loop
         vertex 6.000000e+00 -1.686394e+01 -3.046536e+01
         vertex 6.000000e+00 -1.686394e+01 -1.581707e+01
         vertex 6.000000e+00 -1.842636e+01 -1.581707e+01
      endloop
   endfacet
   facet normal 1.000000e+00 -0.000000e+00 0.000000e+00
      outer loop
         vertex 6.000000e+00 1.338457e+01 -2.031879e+01
         vertex 6.000000e+00 1.361056e+01 -2.097840e+01
         vertex 6.000000e+00 1.359702e+01 -1.581707e+01
      endloop
   endfacet
   facet normal 1.000000e+00 0.000000e+00 0.000000e+00
      outer loop
         vertex 6.000000e+00 7.247019e+00 -9.215917e+01
         vertex 6.000000e+00 6.891930e+00 -8.624260e+01
         vertex 6.000000e+00 6.764763e+00 -8.690252e+01
      endloop
   endfacet
   facet normal 1.000000e+00 0.000000e+00 0.000000e+00
      outer loop
         vertex 6.000000e+00 -2.717021e+00 -8.981348e+01
         vertex 6.000000e+00 -3.388678e+00 -8.979015e+01
         vertex 6.000000e+00 -7.247019e+00 -9.215917e+01
      endloop
   endfacet
   facet normal 1.000000e+00 0.000000e+00 0.000000e+00
      outer loop
         vertex 6.000000e+00 -7.247019e+00 -9.215917e+01
         vertex 6.000000e+00 -3.388678e+00 -8.979015e+01
         vertex 6.000000e+00 -4.046949e+00 -8.965470e+01
      endloop
   endfacet
   facet normal 1.000000e+00 0.000000e+00 0.000000e+00
      outer loop
         vertex 6.000000e+00 -7.247019e+00 -9.215917e+01
         vertex 6.000000e+00 -4.046949e+00 -8.965470e+01
         vertex 6.000000e+00 -4.673252e+00 -8.941095e+01
      endloop
   endfacet
   facet normal 1.000000e+00 0.000000e+00 0.000000e+00
      outer loop
         vertex 6.000000e+00 -4.673252e+00 -8.941095e+01
         vertex 6.000000e+00 -5.249906e+00 -8.906579e+01
         vertex 6.000000e+00 -7.247019e+00 -9.215917e+01
      endloop
   endfacet
   facet normal 1.000000e+00 0.000000e+00 0.000000e+00
      outer loop
         vertex 6.000000e+00 -7.247019e+00 -9.215917e+01
         vertex 6.000000e+00 -5.249906e+00 -8.906579e+01
         vertex 6.000000e+00 -5.760633e+00 -8.862896e+01
      endloop
   endfacet
   facet normal 1.000000e+00 0.000000e+00 0.000000e+00
      outer loop
         vertex 6.000000e+00 -7.247019e+00 -9.215917e+01
         vertex 6.000000e+00 -5.760633e+00 -8.862896e+01
         vertex 6.000000e+00 -6.191017e+00 -8.811278e+01
      endloop
   endfacet
   facet normal 1.000000e+00 0.000000e+00 0.000000e+00
      outer loop
         vertex 6.000000e+00 -6.191017e+00 -8.811278e+01
         vertex 6.000000e+00 -6.528906e+00 -8.753183e+01
         vertex 6.000000e+00 -7.247019e+00 -9.215917e+01
      endloop
   endfacet
   facet normal 1.000000e+00 0.000000e+00 0.000000e+00
      outer loop
         vertex 6.000000e+00 -7.247019e+00 -9.215917e+01
         vertex 6.000000e+00 -6.528906e+00 -8.753183e+01
         vertex 6.000000e+00 -6.764763e+00 -8.690252e+01
      endloop
   endfacet
   facet normal 1.000000e+00 0.000000e+00 0.000000e+00
      outer loop
         vertex 6.000000e+00 -7.247019e+00 -9.215917e+01
         vertex 6.000000e+00 -6.764763e+00 -8.690252e+01
         vertex 6.000000e+00 -6.891930e+00 -8.624260e+01
      endloop
   endfacet
   facet normal 1.000000e+00 0.000000e+00 0.000000e+00
      outer loop
         vertex 6.000000e+00 6.764763e+00 -8.690252e+01
         vertex 6.000000e+00 6.528906e+00 -8.753183e+01
         vertex 6.000000e+00 7.247019e+00 -9.215917e+01
      endloop
   endfacet
   facet normal 1.000000e+00 0.000000e+00 0.000000e+00
      outer loop
         vertex 6.000000e+00 7.247019e+00 -9.215917e+01
         vertex 6.000000e+00 6.528906e+00 -8.753183e+01
         vertex 6.000000e+00 6.191017e+00 -8.811278e+01
      endloop
   endfacet
   facet normal 1.000000e+00 0.000000e+00 0.000000e+00
      outer loop
         vertex 6.000000e+00 7.247019e+00 -9.215917e+01
         vertex 6.000000e+00 6.191017e+00 -8.811278e+01
         vertex 6.000000e+00 5.760633e+00 -8.862896e+01
      endloop
   endfacet
   facet normal 1.000000e+00 0.000000e+00 0.000000e+00
      outer loop
         vertex 6.000000e+00 5.760633e+00 -8.862896e+01
         vertex 6.000000e+00 5.249906e+00 -8.906579e+01
         vertex 6.000000e+00 7.247019e+00 -9.215917e+01
      endloop
   endfacet
   facet normal 1.000000e+00 0.000000e+00 0.000000e+00
      outer loop
         vertex 6.000000e+00 7.247019e+00 -9.215917e+01
         vertex 6.000000e+00 5.249906e+00 -8.906579e+01
         vertex 6.000000e+00 4.673252e+00 -8.941095e+01
      endloop
   endfacet
   facet normal 1.000000e+00 0.000000e+00 0.000000e+00
      outer loop
         vertex 6.000000e+00 7.247019e+00 -9.215917e+01
         vertex 6.000000e+00 4.673252e+00 -8.941095e+01
         vertex 6.000000e+00 4.046949e+00 -8.965470e+01
      endloop
   endfacet
   facet normal 1.000000e+00 0.000000e+00 0.000000e+00
      outer loop
         vertex 6.000000e+00 4.046949e+00 -8.965470e+01
         vertex 6.000000e+00 3.388678e+00 -8.979015e+01
         vertex 6.000000e+00 7.247019e+00 -9.215917e+01
      endloop
   endfacet
   facet normal 1.000000e+00 0.000000e+00 0.000000e+00
      outer loop
         vertex 6.000000e+00 7.247019e+00 -9.215917e+01
         vertex 6.000000e+00 3.388678e+00 -8.979015e+01
         vertex 6.000000e+00 2.717021e+00 -8.981348e+01
      endloop
   endfacet
   facet normal 1.000000e+00 0.000000e+00 0.000000e+00
      outer loop
         vertex 6.000000e+00 7.247019e+00 -9.215917e+01
         vertex 6.000000e+00 2.717021e+00 -8.981348e+01
         vertex 6.000000e+00 -7.247019e+00 -9.215917e+01
      endloop
   endfacet
   facet normal 1.000000e+00 0.000000e+00 0.000000e+00
      outer loop
         vertex 6.000000e+00 -7.247019e+00 -9.215917e+01
         vertex 6.000000e+00 2.717021e+00 -8.981348e+01
         vertex 6.000000e+00 2.050939e+00 -8.972403e+01
      endloop
   endfacet
   facet normal 1.000000e+00 0.000000e+00 0.000000e+00
      outer loop
         vertex 6.000000e+00 -7.247019e+00 -9.215917e+01
         vertex 6.000000e+00 2.050939e+00 -8.972403e+01
         vertex 6.000000e+00 6.884673e-01 -8.952498e+01
      endloop
   endfacet
   facet normal 1.000000e+00 0.000000e+00 0.000000e+00
      outer loop
         vertex 6.000000e+00 6.884673e-01 -8.952498e+01
         vertex 6.000000e+00 -6.884673e-01 -8.952498e+01
         vertex 6.000000e+00 -7.247019e+00 -9.215917e+01
      endloop
   endfacet
   facet normal 1.000000e+00 0.000000e+00 0.000000e+00
      outer loop
         vertex 6.000000e+00 -7.247019e+00 -9.215917e+01
         vertex 6.000000e+00 -6.884673e-01 -8.952498e+01
         vertex 6.000000e+00 -2.050939e+00 -8.972403e+01
      endloop
   endfacet
   facet normal 1.000000e+00 0.000000e+00 0.000000e+00
      outer loop
         vertex 6.000000e+00 -7.247019e+00 -9.215917e+01
         vertex 6.000000e+00 -2.050939e+00 -8.972403e+01
         vertex 6.000000e+00 -2.717021e+00 -8.981348e+01
      endloop
   endfacet
   facet normal 1.000000e+00 -0.000000e+00 0.000000e+00
      outer loop
         vertex 6.000000e+00 1.361056e+01 -2.097840e+01
         vertex 6.000000e+00 1.371857e+01 -2.166723e+01
         vertex 6.000000e+00 1.842636e+01 -1.581707e+01
      endloop
   endfacet
   facet normal 1.000000e+00 0.000000e+00 0.000000e+00
      outer loop
         vertex 6.000000e+00 1.842636e+01 -1.581707e+01
         vertex 6.000000e+00 1.371857e+01 -2.166723e+01
         vertex 6.000000e+00 1.370533e+01 -2.236435e+01
      endloop
   endfacet
   facet normal 1.000000e+00 0.000000e+00 0.000000e+00
      outer loop
         vertex 6.000000e+00 1.842636e+01 -1.581707e+01
         vertex 6.000000e+00 1.370533e+01 -2.236435e+01
         vertex 6.000000e+00 1.359702e+01 -6.109405e+01
      endloop
   endfacet
   facet normal 1.000000e+00 0.000000e+00 -0.000000e+00
      outer loop
         vertex 6.000000e+00 1.359702e+01 -6.109405e+01
         vertex 6.000000e+00 1.370533e+01 -2.236435e+01
         vertex 6.000000e+00 6.891930e+00 -8.624260e+01
      endloop
   endfacet
   facet normal 1.000000e+00 0.000000e+00 0.000000e+00
      outer loop
         vertex 6.000000e+00 1.359702e+01 -6.109405e+01
         vertex 6.000000e+00 6.891930e+00 -8.624260e+01
         vertex 6.000000e+00 1.028354e+01 -9.215917e+01
      endloop
   endfacet
   facet normal 1.000000e+00 0.000000e+00 0.000000e+00
      outer loop
         vertex 6.000000e+00 1.028354e+01 -9.215917e+01
         vertex 6.000000e+00 6.891930e+00 -8.624260e+01
         vertex 6.000000e+00 7.247019e+00 -9.215917e+01
      endloop
   endfacet
   facet normal 1.000000e+00 0.000000e+00 0.000000e+00
      outer loop
         vertex 6.000000e+00 5.492997e+00 -1.923089e+01
         vertex 6.000000e+00 8.106573e+00 -1.828342e+01
         vertex 6.000000e+00 7.247019e+00 -1.581707e+01
      endloop
   endfacet
   facet normal 1.000000e+00 0.000000e+00 0.000000e+00
      outer loop
         vertex 6.000000e+00 7.247019e+00 -1.581707e+01
         vertex 6.000000e+00 8.106573e+00 -1.828342e+01
         vertex 6.000000e+00 8.766181e+00 -1.805744e+01
      endloop
   endfacet
   facet normal 1.000000e+00 0.000000e+00 0.000000e+00
      outer loop
         vertex 6.000000e+00 7.247019e+00 -1.581707e+01
         vertex 6.000000e+00 8.766181e+00 -1.805744e+01
         vertex 6.000000e+00 9.455010e+00 -1.794942e+01
      endloop
   endfacet
   facet normal 1.000000e+00 -0.000000e+00 0.000000e+00
      outer loop
         vertex 6.000000e+00 1.148691e+01 -1.834763e+01
         vertex 6.000000e+00 1.208401e+01 -1.870766e+01
         vertex 6.000000e+00 1.359702e+01 -1.581707e+01
      endloop
   endfacet
   facet normal 1.000000e+00 -0.000000e+00 0.000000e+00
      outer loop
         vertex 6.000000e+00 1.208401e+01 -1.870766e+01
         vertex 6.000000e+00 1.260952e+01 -1.916591e+01
         vertex 6.000000e+00 1.359702e+01 -1.581707e+01
      endloop
   endfacet
   facet normal 1.000000e+00 0.000000e+00 0.000000e+00
      outer loop
         vertex 6.000000e+00 1.359702e+01 -1.581707e+01
         vertex 6.000000e+00 1.260952e+01 -1.916591e+01
         vertex 6.000000e+00 1.304748e+01 -1.970845e+01
      endloop
   endfacet
   facet normal 1.000000e+00 0.000000e+00 0.000000e+00
      outer loop
         vertex 6.000000e+00 1.359702e+01 -1.581707e+01
         vertex 6.000000e+00 1.304748e+01 -1.970845e+01
         vertex 6.000000e+00 1.338457e+01 -2.031879e+01
      endloop
   endfacet
   facet normal 1.000000e+00 -0.000000e+00 0.000000e+00
      outer loop
         vertex 6.000000e+00 9.455010e+00 -1.794942e+01
         vertex 6.000000e+00 1.015213e+01 -1.796267e+01
         vertex 6.000000e+00 1.359702e+01 -1.581707e+01
      endloop
   endfacet
   facet normal 1.000000e+00 0.000000e+00 0.000000e+00
      outer loop
         vertex 6.000000e+00 1.359702e+01 -1.581707e+01
         vertex 6.000000e+00 1.015213e+01 -1.796267e+01
         vertex 6.000000e+00 1.083636e+01 -1.809676e+01
      endloop
   endfacet
   facet normal 1.000000e+00 0.000000e+00 0.000000e+00
      outer loop
         vertex 6.000000e+00 1.359702e+01 -1.581707e+01
         vertex 6.000000e+00 1.083636e+01 -1.809676e+01
         vertex 6.000000e+00 1.148691e+01 -1.834763e+01
      endloop
   endfacet
   facet normal 1.000000e+00 -0.000000e+00 0.000000e+00
      outer loop
         vertex 6.000000e+00 -8.766181e+00 -1.805744e+01
         vertex 6.000000e+00 -8.106573e+00 -1.828342e+01
         vertex 6.000000e+00 -7.247019e+00 -1.581707e+01
      endloop
   endfacet
   facet normal 1.000000e+00 0.000000e+00 0.000000e+00
      outer loop
         vertex 6.000000e+00 -7.247019e+00 -1.581707e+01
         vertex 6.000000e+00 -8.106573e+00 -1.828342e+01
         vertex 6.000000e+00 -5.492997e+00 -1.923089e+01
      endloop
   endfacet
   facet normal 1.000000e+00 -0.000000e+00 -0.000000e+00
      outer loop
         vertex 6.000000e+00 -5.492997e+00 -1.923089e+01
         vertex 6.000000e+00 -2.773290e+00 -1.980679e+01
         vertex 6.000000e+00 -7.247019e+00 -1.581707e+01
      endloop
   endfacet
   facet normal 1.000000e+00 0.000000e+00 0.000000e+00
      outer loop
         vertex 6.000000e+00 -7.247019e+00 -1.581707e+01
         vertex 6.000000e+00 -2.773290e+00 -1.980679e+01
         vertex 6.000000e+00 -3.185320e-14 -2.000000e+01
      endloop
   endfacet
   facet normal 1.000000e+00 -0.000000e+00 0.000000e+00
      outer loop
         vertex 6.000000e+00 -7.247019e+00 -1.581707e+01
         vertex 6.000000e+00 -3.185320e-14 -2.000000e+01
         vertex 6.000000e+00 7.247019e+00 -1.581707e+01
      endloop
   endfacet
   facet normal 1.000000e+00 0.000000e+00 0.000000e+00
      outer loop
         vertex 6.000000e+00 7.247019e+00 -1.581707e+01
         vertex 6.000000e+00 -3.185320e-14 -2.000000e+01
         vertex 6.000000e+00 2.773290e+00 -1.980679e+01
      endloop
   endfacet
   facet normal 1.000000e+00 0.000000e+00 0.000000e+00
      outer loop
         vertex 6.000000e+00 7.247019e+00 -1.581707e+01
         vertex 6.000000e+00 2.773290e+00 -1.980679e+01
         vertex 6.000000e+00 5.492997e+00 -1.923089e+01
      endloop
   endfacet
   facet normal 1.000000e+00 0.000000e+00 -0.000000e+00
      outer loop
         vertex 6.000000e+00 -1.304748e+01 -1.970845e+01
         vertex 6.000000e+00 -1.260952e+01 -1.916591e+01
         vertex 6.000000e+00 -1.359702e+01 -1.581707e+01
      endloop
   endfacet
   facet normal 1.000000e+00 0.000000e+00 0.000000e+00
      outer loop
         vertex 6.000000e+00 -1.359702e+01 -1.581707e+01
         vertex 6.000000e+00 -1.260952e+01 -1.916591e+01
         vertex 6.000000e+00 -1.208401e+01 -1.870766e+01
      endloop
   endfacet
   facet normal 1.000000e+00 0.000000e+00 0.000000e+00
      outer loop
         vertex 6.000000e+00 -1.359702e+01 -1.581707e+01
         vertex 6.000000e+00 -1.208401e+01 -1.870766e+01
         vertex 6.000000e+00 -1.148691e+01 -1.834763e+01
      endloop
   endfacet
   facet normal 1.000000e+00 0.000000e+00 -0.000000e+00
      outer loop
         vertex 6.000000e+00 -1.148691e+01 -1.834763e+01
         vertex 6.000000e+00 -1.083636e+01 -1.809676e+01
         vertex 6.000000e+00 -1.359702e+01 -1.581707e+01
      endloop
   endfacet
   facet normal 1.000000e+00 0.000000e+00 0.000000e+00
      outer loop
         vertex 6.000000e+00 -1.359702e+01 -1.581707e+01
         vertex 6.000000e+00 -1.083636e+01 -1.809676e+01
         vertex 6.000000e+00 -1.015213e+01 -1.796267e+01
      endloop
   endfacet
   facet normal 1.000000e+00 -0.000000e+00 0.000000e+00
      outer loop
         vertex 6.000000e+00 -1.359702e+01 -1.581707e+01
         vertex 6.000000e+00 -1.015213e+01 -1.796267e+01
         vertex 6.000000e+00 -7.247019e+00 -1.581707e+01
      endloop
   endfacet
   facet normal 1.000000e+00 0.000000e+00 0.000000e+00
      outer loop
         vertex 6.000000e+00 -7.247019e+00 -1.581707e+01
         vertex 6.000000e+00 -1.015213e+01 -1.796267e+01
         vertex 6.000000e+00 -9.455010e+00 -1.794942e+01
      endloop
   endfacet
   facet normal 1.000000e+00 0.000000e+00 0.000000e+00
      outer loop
         vertex 6.000000e+00 -7.247019e+00 -1.581707e+01
         vertex 6.000000e+00 -9.455010e+00 -1.794942e+01
         vertex 6.000000e+00 -8.766181e+00 -1.805744e+01
      endloop
   endfacet
   facet normal 1.000000e+00 0.000000e+00 0.000000e+00
      outer loop
         vertex 6.000000e+00 -1.370533e+01 -2.236435e+01
         vertex 6.000000e+00 -1.371857e+01 -2.166723e+01
         vertex 6.000000e+00 -1.686394e+01 -1.581707e+01
      endloop
   endfacet
   facet normal 1.000000e+00 0.000000e+00 0.000000e+00
      outer loop
         vertex 6.000000e+00 -1.686394e+01 -1.581707e+01
         vertex 6.000000e+00 -1.371857e+01 -2.166723e+01
         vertex 6.000000e+00 -1.361056e+01 -2.097840e+01
      endloop
   endfacet
   facet normal 1.000000e+00 -0.000000e+00 0.000000e+00
      outer loop
         vertex 6.000000e+00 -1.686394e+01 -1.581707e+01
         vertex 6.000000e+00 -1.361056e+01 -2.097840e+01
         vertex 6.000000e+00 -1.359702e+01 -1.581707e+01
      endloop
   endfacet
   facet normal 1.000000e+00 0.000000e+00 0.000000e+00
      outer loop
         vertex 6.000000e+00 -1.359702e+01 -1.581707e+01
         vertex 6.000000e+00 -1.361056e+01 -2.097840e+01
         vertex 6.000000e+00 -1.338457e+01 -2.031879e+01
      endloop
   endfacet
   facet normal 1.000000e+00 0.000000e+00 0.000000e+00
      outer loop
         vertex 6.000000e+00 -1.359702e+01 -1.581707e+01
         vertex 6.000000e+00 -1.338457e+01 -2.031879e+01
         vertex 6.000000e+00 -1.304748e+01 -1.970845e+01
      endloop
   endfacet
   facet normal 1.000000e+00 0.000000e+00 0.000000e+00
      outer loop
         vertex 6.000000e+00 -1.686394e+01 -1.581707e+01
         vertex 6.000000e+00 -1.686394e+01 -3.046536e+01
         vertex 6.000000e+00 -1.370533e+01 -2.236435e+01
      endloop
   endfacet
   facet normal 1.000000e+00 0.000000e+00 0.000000e+00
      outer loop
         vertex 6.000000e+00 -1.370533e+01 -2.236435e+01
         vertex 6.000000e+00 -1.686394e+01 -3.046536e+01
         vertex 6.000000e+00 -1.359702e+01 -6.109405e+01
      endloop
   endfacet
   facet normal 1.000000e+00 0.000000e+00 0.000000e+00
      outer loop
         vertex 6.000000e+00 -1.370533e+01 -2.236435e+01
         vertex 6.000000e+00 -1.359702e+01 -6.109405e+01
         vertex 6.000000e+00 -6.891930e+00 -8.624260e+01
      endloop
   endfacet
   facet normal 1.000000e+00 0.000000e+00 0.000000e+00
      outer loop
         vertex 6.000000e+00 -6.891930e+00 -8.624260e+01
         vertex 6.000000e+00 -1.359702e+01 -6.109405e+01
         vertex 6.000000e+00 -7.247019e+00 -9.215917e+01
      endloop
   endfacet
   facet normal 1.000000e+00 0.000000e+00 0.000000e+00
      outer loop
         vertex 6.000000e+00 -7.247019e+00 -9.215917e+01
         vertex 6.000000e+00 -1.359702e+01 -6.109405e+01
         vertex 6.000000e+00 -1.028354e+01 -9.215917e+01
      endloop
   endfacet
   facet normal 1.000000e+00 0.000000e+00 0.000000e+00
      outer loop
         vertex 6.000000e+00 -7.247019e+00 -9.215917e+01
         vertex 6.000000e+00 -1.028354e+01 -9.215917e+01
         vertex 6.000000e+00 -9.446417e+00 -1.000076e+02
      endloop
   endfacet
   facet normal 1.000000e+00 -0.000000e+00 0.000000e+00
      outer loop
         vertex 6.000000e+00 -9.446417e+00 -1.000076e+02
         vertex 6.000000e+00 -9.133801e+00 -1.016122e+02
         vertex 6.000000e+00 -7.247019e+00 -9.215917e+01
      endloop
   endfacet
   facet normal 1.000000e+00 0.000000e+00 0.000000e+00
      outer loop
         vertex 6.000000e+00 -7.247019e+00 -9.215917e+01
         vertex 6.000000e+00 -9.133801e+00 -1.016122e+02
         vertex 6.000000e+00 -8.550703e+00 -1.031395e+02
      endloop
   endfacet
   facet normal 1.000000e+00 0.000000e+00 0.000000e+00
      outer loop
         vertex 6.000000e+00 -7.247019e+00 -9.215917e+01
         vertex 6.000000e+00 -8.550703e+00 -1.031395e+02
         vertex 6.000000e+00 -7.714389e+00 -1.045442e+02
      endloop
   endfacet
   facet normal 1.000000e+00 0.000000e+00 -0.000000e+00
      outer loop
         vertex 6.000000e+00 -1.866316e+01 -1.359702e+01
         vertex 6.000000e+00 -1.686394e+01 -1.359702e+01
         vertex 6.000000e+00 -1.988719e+01 -2.121212e+00
      endloop
   endfacet
   facet normal 1.000000e+00 -0.000000e+00 0.000000e+00
      outer loop
         vertex 6.000000e+00 -1.988719e+01 -2.121212e+00
         vertex 6.000000e+00 -1.686394e+01 -1.359702e+01
         vertex 6.000000e+00 -1.686394e+01 0.000000e+00
      endloop
   endfacet
   facet normal 1.000000e+00 0.000000e+00 -0.000000e+00
      outer loop
         vertex 6.000000e+00 -1.988719e+01 -2.121212e+00
         vertex 6.000000e+00 -1.686394e+01 0.000000e+00
         vertex 6.000000e+00 -1.997143e+01 1.068675e+00
      endloop
   endfacet
   facet normal 1.000000e+00 -0.000000e+00 0.000000e+00
      outer loop
         vertex 6.000000e+00 -1.997143e+01 1.068675e+00
         vertex 6.000000e+00 -1.686394e+01 0.000000e+00
         vertex 6.000000e+00 -1.954727e+01 4.231358e+00
      endloop
   endfacet
   facet normal 1.000000e+00 0.000000e+00 0.000000e+00
      outer loop
         vertex 6.000000e+00 -1.358247e+01 1.121130e+01
         vertex 6.000000e+00 -1.722961e+01 1.015581e+01
         vertex 6.000000e+00 -1.686394e+01 0.000000e+00
      endloop
   endfacet
   facet normal 1.000000e+00 0.000000e+00 0.000000e+00
      outer loop
         vertex 6.000000e+00 -1.686394e+01 0.000000e+00
         vertex 6.000000e+00 -1.722961e+01 1.015581e+01
         vertex 6.000000e+00 -1.862551e+01 7.286327e+00
      endloop
   endfacet
   facet normal 1.000000e+00 0.000000e+00 0.000000e+00
      outer loop
         vertex 6.000000e+00 -1.686394e+01 0.000000e+00
         vertex 6.000000e+00 -1.862551e+01 7.286327e+00
         vertex 6.000000e+00 -1.954727e+01 4.231358e+00
      endloop
   endfacet
   facet normal 1.000000e+00 0.000000e+00 0.000000e+00
      outer loop
         vertex 6.000000e+00 -1.358247e+01 1.121130e+01
         vertex 6.000000e+00 -1.366593e+01 1.152279e+01
         vertex 6.000000e+00 -1.722961e+01 1.015581e+01
      endloop
   endfacet
   facet normal 1.000000e+00 0.000000e+00 0.000000e+00
      outer loop
         vertex 6.000000e+00 -1.722961e+01 1.015581e+01
         vertex 6.000000e+00 -1.366593e+01 1.152279e+01
         vertex 6.000000e+00 -1.369404e+01 1.184404e+01
      endloop
   endfacet
   facet normal 1.000000e+00 0.000000e+00 0.000000e+00
      outer loop
         vertex 6.000000e+00 -1.722961e+01 1.015581e+01
         vertex 6.000000e+00 -1.369404e+01 1.184404e+01
         vertex 6.000000e+00 -1.539511e+01 1.276677e+01
      endloop
   endfacet
   facet normal 1.000000e+00 -0.000000e+00 0.000000e+00
      outer loop
         vertex 6.000000e+00 -1.359702e+01 1.359702e+01
         vertex 6.000000e+00 -1.247678e+01 1.358247e+01
         vertex 6.000000e+00 -1.316872e+01 1.505274e+01
      endloop
   endfacet
   facet normal 1.000000e+00 0.000000e+00 0.000000e+00
      outer loop
         vertex 6.000000e+00 -1.316872e+01 1.505274e+01
         vertex 6.000000e+00 -1.247678e+01 1.358247e+01
         vertex 6.000000e+00 -1.216529e+01 1.366593e+01
      endloop
   endfacet
   facet normal 1.000000e+00 -0.000000e+00 0.000000e+00
      outer loop
         vertex 6.000000e+00 -1.316872e+01 1.505274e+01
         vertex 6.000000e+00 -1.216529e+01 1.366593e+01
         vertex 6.000000e+00 -1.060709e+01 1.695552e+01
      endloop
   endfacet
   facet normal 1.000000e+00 0.000000e+00 0.000000e+00
      outer loop
         vertex 6.000000e+00 -1.216529e+01 1.366593e+01
         vertex 6.000000e+00 -1.184404e+01 1.369404e+01
         vertex 6.000000e+00 -1.060709e+01 1.695552e+01
      endloop
   endfacet
   facet normal 1.000000e+00 0.000000e+00 0.000000e+00
      outer loop
         vertex 6.000000e+00 -1.060709e+01 1.695552e+01
         vertex 6.000000e+00 -1.184404e+01 1.369404e+01
         vertex 6.000000e+00 -1.152279e+01 1.366593e+01
      endloop
   endfacet
   facet normal 1.000000e+00 0.000000e+00 0.000000e+00
      outer loop
         vertex 6.000000e+00 -1.060709e+01 1.695552e+01
         vertex 6.000000e+00 -1.152279e+01 1.366593e+01
         vertex 6.000000e+00 -1.121130e+01 1.358247e+01
      endloop
   endfacet
   facet normal 1.000000e+00 0.000000e+00 0.000000e+00
      outer loop
         vertex 6.000000e+00 7.775456e+00 1.842667e+01
         vertex 6.000000e+00 4.745884e+00 1.942876e+01
         vertex 6.000000e+00 7.247019e+00 1.359702e+01
      endloop
   endfacet
   facet normal 1.000000e+00 0.000000e+00 0.000000e+00
      outer loop
         vertex 6.000000e+00 7.247019e+00 1.359702e+01
         vertex 6.000000e+00 4.745884e+00 1.942876e+01
         vertex 6.000000e+00 1.595500e+00 1.993626e+01
      endloop
   endfacet
   facet normal 1.000000e+00 0.000000e+00 0.000000e+00
      outer loop
         vertex 6.000000e+00 7.247019e+00 1.359702e+01
         vertex 6.000000e+00 1.595500e+00 1.993626e+01
         vertex 6.000000e+00 -7.247019e+00 1.359702e+01
      endloop
   endfacet
   facet normal 1.000000e+00 0.000000e+00 0.000000e+00
      outer loop
         vertex 6.000000e+00 -7.247019e+00 1.359702e+01
         vertex 6.000000e+00 1.595500e+00 1.993626e+01
         vertex 6.000000e+00 -1.595500e+00 1.993626e+01
      endloop
   endfacet
   facet normal 1.000000e+00 0.000000e+00 0.000000e+00
      outer loop
         vertex 6.000000e+00 -7.247019e+00 1.359702e+01
         vertex 6.000000e+00 -1.595500e+00 1.993626e+01
         vertex 6.000000e+00 -4.745884e+00 1.942876e+01
      endloop
   endfacet
   facet normal 1.000000e+00 0.000000e+00 -0.000000e+00
      outer loop
         vertex 6.000000e+00 1.152279e+01 1.366593e+01
         vertex 6.000000e+00 1.184404e+01 1.369404e+01
         vertex 6.000000e+00 1.060709e+01 1.695552e+01
      endloop
   endfacet
   facet normal 1.000000e+00 0.000000e+00 0.000000e+00
      outer loop
         vertex 6.000000e+00 1.060709e+01 1.695552e+01
         vertex 6.000000e+00 1.184404e+01 1.369404e+01
         vertex 6.000000e+00 1.316872e+01 1.505274e+01
      endloop
   endfacet
   facet normal 1.000000e+00 0.000000e+00 0.000000e+00
      outer loop
         vertex 6.000000e+00 7.775456e+00 1.842667e+01
         vertex 6.000000e+00 7.247019e+00 1.359702e+01
         vertex 6.000000e+00 1.060709e+01 1.695552e+01
      endloop
   endfacet
   facet normal 1.000000e+00 0.000000e+00 0.000000e+00
      outer loop
         vertex 6.000000e+00 1.060709e+01 1.695552e+01
         vertex 6.000000e+00 7.247019e+00 1.359702e+01
         vertex 6.000000e+00 1.121130e+01 1.358247e+01
      endloop
   endfacet
   facet normal 1.000000e+00 0.000000e+00 0.000000e+00
      outer loop
         vertex 6.000000e+00 1.060709e+01 1.695552e+01
         vertex 6.000000e+00 1.121130e+01 1.358247e+01
         vertex 6.000000e+00 1.152279e+01 1.366593e+01
      endloop
   endfacet
   facet normal 1.000000e+00 -0.000000e+00 -0.000000e+00
      outer loop
         vertex 6.000000e+00 1.369404e+01 1.184404e+01
         vertex 6.000000e+00 1.722961e+01 1.015581e+01
         vertex 6.000000e+00 1.366593e+01 1.216529e+01
      endloop
   endfacet
   facet normal 1.000000e+00 -0.000000e+00 0.000000e+00
      outer loop
         vertex 6.000000e+00 1.366593e+01 1.216529e+01
         vertex 6.000000e+00 1.722961e+01 1.015581e+01
         vertex 6.000000e+00 1.539511e+01 1.276677e+01
      endloop
   endfacet
   facet normal 1.000000e+00 0.000000e+00 -0.000000e+00
      outer loop
         vertex 6.000000e+00 1.366593e+01 1.216529e+01
         vertex 6.000000e+00 1.539511e+01 1.276677e+01
         vertex 6.000000e+00 1.358247e+01 1.247678e+01
      endloop
   endfacet
   facet normal 1.000000e+00 0.000000e+00 0.000000e+00
      outer loop
         vertex 6.000000e+00 1.358247e+01 1.247678e+01
         vertex 6.000000e+00 1.539511e+01 1.276677e+01
         vertex 6.000000e+00 1.359702e+01 1.359702e+01
      endloop
   endfacet
   facet normal 1.000000e+00 0.000000e+00 0.000000e+00
      outer loop
         vertex 6.000000e+00 1.369404e+01 1.184404e+01
         vertex 6.000000e+00 1.366593e+01 1.152279e+01
         vertex 6.000000e+00 1.722961e+01 1.015581e+01
      endloop
   endfacet
   facet normal 1.000000e+00 0.000000e+00 0.000000e+00
      outer loop
         vertex 6.000000e+00 1.722961e+01 1.015581e+01
         vertex 6.000000e+00 1.366593e+01 1.152279e+01
         vertex 6.000000e+00 1.358247e+01 1.121130e+01
      endloop
   endfacet
   facet normal 1.000000e+00 0.000000e+00 0.000000e+00
      outer loop
         vertex 6.000000e+00 1.722961e+01 1.015581e+01
         vertex 6.000000e+00 1.358247e+01 1.121130e+01
         vertex 6.000000e+00 1.862551e+01 7.286327e+00
      endloop
   endfacet
   facet normal 1.000000e+00 0.000000e+00 -0.000000e+00
      outer loop
         vertex 6.000000e+00 1.988719e+01 -2.121212e+00
         vertex 6.000000e+00 1.997143e+01 1.068675e+00
         vertex 6.000000e+00 1.359702e+01 0.000000e+00
      endloop
   endfacet
   facet normal 1.000000e+00 0.000000e+00 0.000000e+00
      outer loop
         vertex 6.000000e+00 1.359702e+01 0.000000e+00
         vertex 6.000000e+00 1.997143e+01 1.068675e+00
         vertex 6.000000e+00 1.954727e+01 4.231358e+00
      endloop
   endfacet
   facet normal 1.000000e+00 0.000000e+00 0.000000e+00
      outer loop
         vertex 6.000000e+00 1.359702e+01 0.000000e+00
         vertex 6.000000e+00 1.954727e+01 4.231358e+00
         vertex 6.000000e+00 1.862551e+01 7.286327e+00
      endloop
   endfacet
   facet normal 1.000000e+00 0.000000e+00 0.000000e+00
      outer loop
         vertex 6.000000e+00 1.358247e+01 -1.121130e+01
         vertex 6.000000e+00 1.366593e+01 -1.152279e+01
         vertex 6.000000e+00 1.866316e+01 -1.359702e+01
      endloop
   endfacet
   facet normal 1.000000e+00 0.000000e+00 0.000000e+00
      outer loop
         vertex 6.000000e+00 1.866316e+01 -1.359702e+01
         vertex 6.000000e+00 1.366593e+01 -1.152279e+01
         vertex 6.000000e+00 1.369404e+01 -1.184404e+01
      endloop
   endfacet
   facet normal 1.000000e+00 0.000000e+00 -0.000000e+00
      outer loop
         vertex 6.000000e+00 1.361056e+01 -2.097840e+01
         vertex 6.000000e+00 1.842636e+01 -1.581707e+01
         vertex 6.000000e+00 1.359702e+01 -1.581707e+01
      endloop
   endfacet
   facet normal 1.000000e+00 0.000000e+00 0.000000e+00
      outer loop
         vertex 6.000000e+00 1.359702e+01 -1.581707e+01
         vertex 6.000000e+00 1.842636e+01 -1.581707e+01
         vertex 6.000000e+00 1.866316e+01 -1.359702e+01
      endloop
   endfacet
   facet normal 1.000000e+00 0.000000e+00 0.000000e+00
      outer loop
         vertex 6.000000e+00 1.359702e+01 -1.581707e+01
         vertex 6.000000e+00 1.866316e+01 -1.359702e+01
         vertex 6.000000e+00 1.359702e+01 -1.359702e+01
      endloop
   endfacet
   facet normal 1.000000e+00 0.000000e+00 0.000000e+00
      outer loop
         vertex 6.000000e+00 7.247019e+00 -9.215917e+01
         vertex 6.000000e+00 7.714389e+00 -1.045442e+02
         vertex 6.000000e+00 8.550703e+00 -1.031395e+02
      endloop
   endfacet
   facet normal 1.000000e+00 0.000000e+00 -0.000000e+00
      outer loop
         vertex 6.000000e+00 8.550703e+00 -1.031395e+02
         vertex 6.000000e+00 9.133801e+00 -1.016122e+02
         vertex 6.000000e+00 7.247019e+00 -9.215917e+01
      endloop
   endfacet
   facet normal 1.000000e+00 0.000000e+00 0.000000e+00
      outer loop
         vertex 6.000000e+00 7.247019e+00 -9.215917e+01
         vertex 6.000000e+00 9.133801e+00 -1.016122e+02
         vertex 6.000000e+00 9.446417e+00 -1.000076e+02
      endloop
   endfacet
   facet normal 1.000000e+00 -0.000000e+00 0.000000e+00
      outer loop
         vertex 6.000000e+00 7.247019e+00 -9.215917e+01
         vertex 6.000000e+00 9.446417e+00 -1.000076e+02
         vertex 6.000000e+00 1.028354e+01 -9.215917e+01
      endloop
   endfacet
   facet normal 1.000000e+00 -0.000000e+00 0.000000e+00
      outer loop
         vertex 6.000000e+00 3.447200e+00 -9.610745e+01
         vertex 6.000000e+00 3.897114e+00 -9.675000e+01
         vertex 6.000000e+00 7.247019e+00 -9.215917e+01
      endloop
   endfacet
   facet normal 1.000000e+00 -0.000000e+00 0.000000e+00
      outer loop
         vertex 6.000000e+00 -7.714389e+00 -1.045442e+02
         vertex 6.000000e+00 -6.649627e+00 -1.057847e+02
         vertex 6.000000e+00 -2.892544e+00 -1.024472e+02
      endloop
   endfacet
   facet normal 1.000000e+00 0.000000e+00 0.000000e+00
      outer loop
         vertex 6.000000e+00 -2.892544e+00 -1.024472e+02
         vertex 6.000000e+00 -6.649627e+00 -1.057847e+02
         vertex 6.000000e+00 -2.250000e+00 -1.028971e+02
      endloop
   endfacet
   facet normal 1.000000e+00 0.000000e+00 0.000000e+00
      outer loop
         vertex 6.000000e+00 -2.250000e+00 -1.028971e+02
         vertex 6.000000e+00 -6.649627e+00 -1.057847e+02
         vertex 6.000000e+00 -5.387947e+00 -1.068243e+02
      endloop
   endfacet
   facet normal 1.000000e+00 0.000000e+00 0.000000e+00
      outer loop
         vertex 6.000000e+00 -2.250000e+00 -1.028971e+02
         vertex 6.000000e+00 -5.387947e+00 -1.068243e+02
         vertex 6.000000e+00 -1.539091e+00 -1.032286e+02
      endloop
   endfacet
   facet normal 1.000000e+00 0.000000e+00 0.000000e+00
      outer loop
         vertex 6.000000e+00 -1.539091e+00 -1.032286e+02
         vertex 6.000000e+00 -5.387947e+00 -1.068243e+02
         vertex 6.000000e+00 -3.966712e+00 -1.076322e+02
      endloop
   endfacet
   facet normal 1.000000e+00 0.000000e+00 0.000000e+00
      outer loop
         vertex 6.000000e+00 -1.539091e+00 -1.032286e+02
         vertex 6.000000e+00 -3.966712e+00 -1.076322e+02
         vertex 6.000000e+00 -7.814168e-01 -1.034316e+02
      endloop
   endfacet
   facet normal 1.000000e+00 0.000000e+00 0.000000e+00
      outer loop
         vertex 6.000000e+00 -7.814168e-01 -1.034316e+02
         vertex 6.000000e+00 -3.966712e+00 -1.076322e+02
         vertex 6.000000e+00 -2.428009e+00 -1.081845e+02
      endloop
   endfacet
   facet normal 1.000000e+00 0.000000e+00 0.000000e+00
      outer loop
         vertex 6.000000e+00 -7.814168e-01 -1.034316e+02
         vertex 6.000000e+00 -2.428009e+00 -1.081845e+02
         vertex 6.000000e+00 1.653273e-15 -1.035000e+02
      endloop
   endfacet
   facet normal 1.000000e+00 0.000000e+00 0.000000e+00
      outer loop
         vertex 6.000000e+00 -3.447200e+00 -9.610745e+01
         vertex 6.000000e+00 -7.247019e+00 -9.215917e+01
         vertex 6.000000e+00 -3.897114e+00 -9.675000e+01
      endloop
   endfacet
   facet normal 1.000000e+00 0.000000e+00 0.000000e+00
      outer loop
         vertex 6.000000e+00 -3.897114e+00 -9.675000e+01
         vertex 6.000000e+00 -7.247019e+00 -9.215917e+01
         vertex 6.000000e+00 -4.228617e+00 -9.746091e+01
      endloop
   endfacet
   facet normal 1.000000e+00 0.000000e+00 -0.000000e+00
      outer loop
         vertex 6.000000e+00 -3.447200e+00 -9.610745e+01
         vertex 6.000000e+00 -2.892544e+00 -9.555280e+01
         vertex 6.000000e+00 -7.247019e+00 -9.215917e+01
      endloop
   endfacet
   facet normal 1.000000e+00 0.000000e+00 0.000000e+00
      outer loop
         vertex 6.000000e+00 -7.247019e+00 -9.215917e+01
         vertex 6.000000e+00 -2.892544e+00 -9.555280e+01
         vertex 6.000000e+00 -2.250000e+00 -9.510288e+01
      endloop
   endfacet
   facet normal 1.000000e+00 0.000000e+00 0.000000e+00
      outer loop
         vertex 6.000000e+00 -7.247019e+00 -9.215917e+01
         vertex 6.000000e+00 -2.250000e+00 -9.510288e+01
         vertex 6.000000e+00 -1.539091e+00 -9.477139e+01
      endloop
   endfacet
   facet normal 1.000000e+00 0.000000e+00 -0.000000e+00
      outer loop
         vertex 6.000000e+00 -1.539091e+00 -9.477139e+01
         vertex 6.000000e+00 -7.814168e-01 -9.456836e+01
         vertex 6.000000e+00 -7.247019e+00 -9.215917e+01
      endloop
   endfacet
   facet normal 1.000000e+00 0.000000e+00 0.000000e+00
      outer loop
         vertex 6.000000e+00 -7.247019e+00 -9.215917e+01
         vertex 6.000000e+00 -7.814168e-01 -9.456836e+01
         vertex 6.000000e+00 0.000000e+00 -9.450000e+01
      endloop
   endfacet
   facet normal 1.000000e+00 -0.000000e+00 0.000000e+00
      outer loop
         vertex 6.000000e+00 -7.247019e+00 -9.215917e+01
         vertex 6.000000e+00 0.000000e+00 -9.450000e+01
         vertex 6.000000e+00 7.247019e+00 -9.215917e+01
      endloop
   endfacet
   facet normal 1.000000e+00 0.000000e+00 0.000000e+00
      outer loop
         vertex 6.000000e+00 7.247019e+00 -9.215917e+01
         vertex 6.000000e+00 0.000000e+00 -9.450000e+01
         vertex 6.000000e+00 7.814168e-01 -9.456836e+01
      endloop
   endfacet
   facet normal 1.000000e+00 0.000000e+00 0.000000e+00
      outer loop
         vertex 6.000000e+00 7.247019e+00 -9.215917e+01
         vertex 6.000000e+00 7.814168e-01 -9.456836e+01
         vertex 6.000000e+00 1.539091e+00 -9.477139e+01
      endloop
   endfacet
   facet normal 1.000000e+00 0.000000e+00 0.000000e+00
      outer loop
         vertex 6.000000e+00 4.431635e+00 -9.978142e+01
         vertex 6.000000e+00 4.228617e+00 -1.005391e+02
         vertex 6.000000e+00 7.714389e+00 -1.045442e+02
      endloop
   endfacet
   facet normal 1.000000e+00 -0.000000e+00 0.000000e+00
      outer loop
         vertex 6.000000e+00 1.539091e+00 -9.477139e+01
         vertex 6.000000e+00 2.250000e+00 -9.510288e+01
         vertex 6.000000e+00 7.247019e+00 -9.215917e+01
      endloop
   endfacet
   facet normal 1.000000e+00 0.000000e+00 0.000000e+00
      outer loop
         vertex 6.000000e+00 7.247019e+00 -9.215917e+01
         vertex 6.000000e+00 2.250000e+00 -9.510288e+01
         vertex 6.000000e+00 2.892544e+00 -9.555280e+01
      endloop
   endfacet
   facet normal 1.000000e+00 0.000000e+00 0.000000e+00
      outer loop
         vertex 6.000000e+00 7.247019e+00 -9.215917e+01
         vertex 6.000000e+00 2.892544e+00 -9.555280e+01
         vertex 6.000000e+00 3.447200e+00 -9.610745e+01
      endloop
   endfacet
   facet normal 1.000000e+00 0.000000e+00 0.000000e+00
      outer loop
         vertex 6.000000e+00 -2.892544e+00 -1.024472e+02
         vertex 6.000000e+00 -3.447200e+00 -1.018925e+02
         vertex 6.000000e+00 -7.714389e+00 -1.045442e+02
      endloop
   endfacet
   facet normal 1.000000e+00 0.000000e+00 0.000000e+00
      outer loop
         vertex 6.000000e+00 -7.714389e+00 -1.045442e+02
         vertex 6.000000e+00 -3.447200e+00 -1.018925e+02
         vertex 6.000000e+00 -3.897114e+00 -1.012500e+02
      endloop
   endfacet
   facet normal 1.000000e+00 0.000000e+00 0.000000e+00
      outer loop
         vertex 6.000000e+00 -7.714389e+00 -1.045442e+02
         vertex 6.000000e+00 -3.897114e+00 -1.012500e+02
         vertex 6.000000e+00 -4.228617e+00 -1.005391e+02
      endloop
   endfacet
   facet normal 1.000000e+00 0.000000e+00 0.000000e+00
      outer loop
         vertex 6.000000e+00 -4.228617e+00 -1.005391e+02
         vertex 6.000000e+00 -4.431635e+00 -9.978142e+01
         vertex 6.000000e+00 -7.714389e+00 -1.045442e+02
      endloop
   endfacet
   facet normal 1.000000e+00 0.000000e+00 0.000000e+00
      outer loop
         vertex 6.000000e+00 -7.714389e+00 -1.045442e+02
         vertex 6.000000e+00 -4.431635e+00 -9.978142e+01
         vertex 6.000000e+00 -4.500000e+00 -9.900000e+01
      endloop
   endfacet
   facet normal 1.000000e+00 0.000000e+00 0.000000e+00
      outer loop
         vertex 6.000000e+00 -7.714389e+00 -1.045442e+02
         vertex 6.000000e+00 -4.500000e+00 -9.900000e+01
         vertex 6.000000e+00 -7.247019e+00 -9.215917e+01
      endloop
   endfacet
   facet normal 1.000000e+00 0.000000e+00 0.000000e+00
      outer loop
         vertex 6.000000e+00 -7.247019e+00 -9.215917e+01
         vertex 6.000000e+00 -4.500000e+00 -9.900000e+01
         vertex 6.000000e+00 -4.431635e+00 -9.821858e+01
      endloop
   endfacet
   facet normal 1.000000e+00 0.000000e+00 0.000000e+00
      outer loop
         vertex 6.000000e+00 -7.247019e+00 -9.215917e+01
         vertex 6.000000e+00 -4.431635e+00 -9.821858e+01
         vertex 6.000000e+00 -4.228617e+00 -9.746091e+01
      endloop
   endfacet
   facet normal 1.000000e+00 -0.000000e+00 0.000000e+00
      outer loop
         vertex 6.000000e+00 -2.428009e+00 -1.081845e+02
         vertex 6.000000e+00 -8.174051e-01 -1.084648e+02
         vertex 6.000000e+00 1.653273e-15 -1.035000e+02
      endloop
   endfacet
   facet normal 1.000000e+00 0.000000e+00 0.000000e+00
      outer loop
         vertex 6.000000e+00 1.653273e-15 -1.035000e+02
         vertex 6.000000e+00 -8.174051e-01 -1.084648e+02
         vertex 6.000000e+00 8.174051e-01 -1.084648e+02
      endloop
   endfacet
   facet normal 1.000000e+00 -0.000000e+00 0.000000e+00
      outer loop
         vertex 6.000000e+00 1.653273e-15 -1.035000e+02
         vertex 6.000000e+00 8.174051e-01 -1.084648e+02
         vertex 6.000000e+00 7.814168e-01 -1.034316e+02
      endloop
   endfacet
   facet normal 1.000000e+00 0.000000e+00 0.000000e+00
      outer loop
         vertex 6.000000e+00 7.814168e-01 -1.034316e+02
         vertex 6.000000e+00 8.174051e-01 -1.084648e+02
         vertex 6.000000e+00 2.428009e+00 -1.081845e+02
      endloop
   endfacet
   facet normal 1.000000e+00 -0.000000e+00 0.000000e+00
      outer loop
         vertex 6.000000e+00 7.814168e-01 -1.034316e+02
         vertex 6.000000e+00 2.428009e+00 -1.081845e+02
         vertex 6.000000e+00 1.539091e+00 -1.032286e+02
      endloop
   endfacet
   facet normal 1.000000e+00 0.000000e+00 0.000000e+00
      outer loop
         vertex 6.000000e+00 1.539091e+00 -1.032286e+02
         vertex 6.000000e+00 2.428009e+00 -1.081845e+02
         vertex 6.000000e+00 3.966712e+00 -1.076322e+02
      endloop
   endfacet
   facet normal 1.000000e+00 -0.000000e+00 0.000000e+00
      outer loop
         vertex 6.000000e+00 1.539091e+00 -1.032286e+02
         vertex 6.000000e+00 3.966712e+00 -1.076322e+02
         vertex 6.000000e+00 2.250000e+00 -1.028971e+02
      endloop
   endfacet
   facet normal 1.000000e+00 0.000000e+00 0.000000e+00
      outer loop
         vertex 6.000000e+00 2.250000e+00 -1.028971e+02
         vertex 6.000000e+00 3.966712e+00 -1.076322e+02
         vertex 6.000000e+00 5.387947e+00 -1.068243e+02
      endloop
   endfacet
   facet normal 1.000000e+00 -0.000000e+00 0.000000e+00
      outer loop
         vertex 6.000000e+00 2.250000e+00 -1.028971e+02
         vertex 6.000000e+00 5.387947e+00 -1.068243e+02
         vertex 6.000000e+00 2.892544e+00 -1.024472e+02
      endloop
   endfacet
   facet normal 1.000000e+00 0.000000e+00 0.000000e+00
      outer loop
         vertex 6.000000e+00 2.892544e+00 -1.024472e+02
         vertex 6.000000e+00 5.387947e+00 -1.068243e+02
         vertex 6.000000e+00 6.649627e+00 -1.057847e+02
      endloop
   endfacet
   facet normal 1.000000e+00 -0.000000e+00 0.000000e+00
      outer loop
         vertex 6.000000e+00 2.892544e+00 -1.024472e+02
         vertex 6.000000e+00 6.649627e+00 -1.057847e+02
         vertex 6.000000e+00 3.447200e+00 -1.018925e+02
      endloop
   endfacet
   facet normal 1.000000e+00 0.000000e+00 0.000000e+00
      outer loop
         vertex 6.000000e+00 3.447200e+00 -1.018925e+02
         vertex 6.000000e+00 6.649627e+00 -1.057847e+02
         vertex 6.000000e+00 7.714389e+00 -1.045442e+02
      endloop
   endfacet
   facet normal 1.000000e+00 -0.000000e+00 0.000000e+00
      outer loop
         vertex 6.000000e+00 3.447200e+00 -1.018925e+02
         vertex 6.000000e+00 7.714389e+00 -1.045442e+02
         vertex 6.000000e+00 3.897114e+00 -1.012500e+02
      endloop
   endfacet
   facet normal 1.000000e+00 -0.000000e+00 0.000000e+00
      outer loop
         vertex 6.000000e+00 3.897114e+00 -1.012500e+02
         vertex 6.000000e+00 7.714389e+00 -1.045442e+02
         vertex 6.000000e+00 4.228617e+00 -1.005391e+02
      endloop
   endfacet
   facet normal 1.000000e+00 -0.000000e+00 0.000000e+00
      outer loop
         vertex 6.000000e+00 3.897114e+00 -9.675000e+01
         vertex 6.000000e+00 4.228617e+00 -9.746091e+01
         vertex 6.000000e+00 7.247019e+00 -9.215917e+01
      endloop
   endfacet
   facet normal 1.000000e+00 0.000000e+00 0.000000e+00
      outer loop
         vertex 6.000000e+00 7.247019e+00 -9.215917e+01
         vertex 6.000000e+00 4.228617e+00 -9.746091e+01
         vertex 6.000000e+00 4.431635e+00 -9.821858e+01
      endloop
   endfacet
   facet normal 1.000000e+00 0.000000e+00 0.000000e+00
      outer loop
         vertex 6.000000e+00 7.247019e+00 -9.215917e+01
         vertex 6.000000e+00 4.431635e+00 -9.821858e+01
         vertex 6.000000e+00 7.714389e+00 -1.045442e+02
      endloop
   endfacet
   facet normal 1.000000e+00 0.000000e+00 0.000000e+00
      outer loop
         vertex 6.000000e+00 7.714389e+00 -1.045442e+02
         vertex 6.000000e+00 4.431635e+00 -9.821858e+01
         vertex 6.000000e+00 4.500000e+00 -9.900000e+01
      endloop
   endfacet
   facet normal 1.000000e+00 0.000000e+00 0.000000e+00
      outer loop
         vertex 6.000000e+00 7.714389e+00 -1.045442e+02
         vertex 6.000000e+00 4.500000e+00 -9.900000e+01
         vertex 6.000000e+00 4.431635e+00 -9.978142e+01
      endloop
   endfacet
   facet normal 1.000000e+00 0.000000e+00 0.000000e+00
      outer loop
         vertex 6.000000e+00 1.326122e+01 1.065488e+01
         vertex 6.000000e+00 1.303320e+01 1.042686e+01
         vertex 6.000000e+00 1.359702e+01 0.000000e+00
      endloop
   endfacet
   facet normal 1.000000e+00 0.000000e+00 0.000000e+00
      outer loop
         vertex 6.000000e+00 1.862551e+01 7.286327e+00
         vertex 6.000000e+00 1.358247e+01 1.121130e+01
         vertex 6.000000e+00 1.359702e+01 0.000000e+00
      endloop
   endfacet
   facet normal 1.000000e+00 0.000000e+00 0.000000e+00
      outer loop
         vertex 6.000000e+00 1.359702e+01 0.000000e+00
         vertex 6.000000e+00 1.358247e+01 1.121130e+01
         vertex 6.000000e+00 1.344619e+01 1.091904e+01
      endloop
   endfacet
   facet normal 1.000000e+00 0.000000e+00 0.000000e+00
      outer loop
         vertex 6.000000e+00 1.359702e+01 0.000000e+00
         vertex 6.000000e+00 1.344619e+01 1.091904e+01
         vertex 6.000000e+00 1.326122e+01 1.065488e+01
      endloop
   endfacet
   facet normal 1.000000e+00 0.000000e+00 0.000000e+00
      outer loop
         vertex 6.000000e+00 1.042686e+01 1.065488e+01
         vertex 6.000000e+00 8.677633e+00 1.034160e+01
         vertex 6.000000e+00 1.065488e+01 1.042686e+01
      endloop
   endfacet
   facet normal 1.000000e+00 0.000000e+00 0.000000e+00
      outer loop
         vertex 6.000000e+00 1.065488e+01 1.042686e+01
         vertex 6.000000e+00 8.677633e+00 1.034160e+01
         vertex 6.000000e+00 1.034160e+01 8.677633e+00
      endloop
   endfacet
   facet normal 1.000000e+00 0.000000e+00 0.000000e+00
      outer loop
         vertex 6.000000e+00 1.065488e+01 1.042686e+01
         vertex 6.000000e+00 1.034160e+01 8.677633e+00
         vertex 6.000000e+00 1.091904e+01 1.024189e+01
      endloop
   endfacet
   facet normal 1.000000e+00 0.000000e+00 -0.000000e+00
      outer loop
         vertex 6.000000e+00 1.010561e+01 1.247678e+01
         vertex 6.000000e+00 1.024189e+01 1.276904e+01
         vertex 6.000000e+00 7.247019e+00 1.359702e+01
      endloop
   endfacet
   facet normal 1.000000e+00 0.000000e+00 0.000000e+00
      outer loop
         vertex 6.000000e+00 7.247019e+00 1.359702e+01
         vertex 6.000000e+00 1.024189e+01 1.276904e+01
         vertex 6.000000e+00 1.042686e+01 1.303320e+01
      endloop
   endfacet
   facet normal 1.000000e+00 0.000000e+00 0.000000e+00
      outer loop
         vertex 6.000000e+00 1.169134e+01 6.750000e+00
         vertex 6.000000e+00 1.152279e+01 1.002214e+01
         vertex 6.000000e+00 1.034160e+01 8.677633e+00
      endloop
   endfacet
   facet normal 1.000000e+00 0.000000e+00 0.000000e+00
      outer loop
         vertex 6.000000e+00 1.034160e+01 8.677633e+00
         vertex 6.000000e+00 1.152279e+01 1.002214e+01
         vertex 6.000000e+00 1.121130e+01 1.010561e+01
      endloop
   endfacet
   facet normal 1.000000e+00 0.000000e+00 0.000000e+00
      outer loop
         vertex 6.000000e+00 1.034160e+01 8.677633e+00
         vertex 6.000000e+00 1.121130e+01 1.010561e+01
         vertex 6.000000e+00 1.091904e+01 1.024189e+01
      endloop
   endfacet
   facet normal 1.000000e+00 0.000000e+00 0.000000e+00
      outer loop
         vertex 6.000000e+00 1.042686e+01 1.065488e+01
         vertex 6.000000e+00 1.024189e+01 1.091904e+01
         vertex 6.000000e+00 8.677633e+00 1.034160e+01
      endloop
   endfacet
   facet normal 1.000000e+00 0.000000e+00 0.000000e+00
      outer loop
         vertex 6.000000e+00 8.677633e+00 1.034160e+01
         vertex 6.000000e+00 1.024189e+01 1.091904e+01
         vertex 6.000000e+00 1.010561e+01 1.121130e+01
      endloop
   endfacet
   facet normal 1.000000e+00 0.000000e+00 -0.000000e+00
      outer loop
         vertex 6.000000e+00 8.677633e+00 1.034160e+01
         vertex 6.000000e+00 1.010561e+01 1.121130e+01
         vertex 6.000000e+00 6.750000e+00 1.169134e+01
      endloop
   endfacet
   facet normal 1.000000e+00 0.000000e+00 0.000000e+00
      outer loop
         vertex 6.000000e+00 1.010561e+01 1.121130e+01
         vertex 6.000000e+00 1.002214e+01 1.152279e+01
         vertex 6.000000e+00 6.750000e+00 1.169134e+01
      endloop
   endfacet
   facet normal 1.000000e+00 -0.000000e+00 0.000000e+00
      outer loop
         vertex 6.000000e+00 6.750000e+00 1.169134e+01
         vertex 6.000000e+00 1.002214e+01 1.152279e+01
         vertex 6.000000e+00 9.994038e+00 1.184404e+01
      endloop
   endfacet
   facet normal 1.000000e+00 0.000000e+00 0.000000e+00
      outer loop
         vertex 6.000000e+00 6.750000e+00 1.169134e+01
         vertex 6.000000e+00 9.994038e+00 1.184404e+01
         vertex 6.000000e+00 7.247019e+00 1.359702e+01
      endloop
   endfacet
   facet normal 1.000000e+00 0.000000e+00 0.000000e+00
      outer loop
         vertex 6.000000e+00 7.247019e+00 1.359702e+01
         vertex 6.000000e+00 9.994038e+00 1.184404e+01
         vertex 6.000000e+00 1.002214e+01 1.216529e+01
      endloop
   endfacet
   facet normal 1.000000e+00 0.000000e+00 0.000000e+00
      outer loop
         vertex 6.000000e+00 7.247019e+00 1.359702e+01
         vertex 6.000000e+00 1.002214e+01 1.216529e+01
         vertex 6.000000e+00 1.010561e+01 1.247678e+01
      endloop
   endfacet
   facet normal 1.000000e+00 0.000000e+00 -0.000000e+00
      outer loop
         vertex 6.000000e+00 1.042686e+01 1.303320e+01
         vertex 6.000000e+00 1.065488e+01 1.326122e+01
         vertex 6.000000e+00 7.247019e+00 1.359702e+01
      endloop
   endfacet
   facet normal 1.000000e+00 0.000000e+00 0.000000e+00
      outer loop
         vertex 6.000000e+00 7.247019e+00 1.359702e+01
         vertex 6.000000e+00 1.065488e+01 1.326122e+01
         vertex 6.000000e+00 1.091904e+01 1.344619e+01
      endloop
   endfacet
   facet normal 1.000000e+00 0.000000e+00 0.000000e+00
      outer loop
         vertex 6.000000e+00 7.247019e+00 1.359702e+01
         vertex 6.000000e+00 1.091904e+01 1.344619e+01
         vertex 6.000000e+00 1.121130e+01 1.358247e+01
      endloop
   endfacet
   facet normal 1.000000e+00 0.000000e+00 0.000000e+00
      outer loop
         vertex 6.000000e+00 1.276904e+01 1.024189e+01
         vertex 6.000000e+00 1.247678e+01 1.010561e+01
         vertex 6.000000e+00 1.268585e+01 4.617272e+00
      endloop
   endfacet
   facet normal 1.000000e+00 0.000000e+00 0.000000e+00
      outer loop
         vertex 6.000000e+00 1.268585e+01 4.617272e+00
         vertex 6.000000e+00 1.247678e+01 1.010561e+01
         vertex 6.000000e+00 1.216529e+01 1.002214e+01
      endloop
   endfacet
   facet normal 1.000000e+00 0.000000e+00 0.000000e+00
      outer loop
         vertex 6.000000e+00 1.268585e+01 4.617272e+00
         vertex 6.000000e+00 1.216529e+01 1.002214e+01
         vertex 6.000000e+00 1.169134e+01 6.750000e+00
      endloop
   endfacet
   facet normal 1.000000e+00 0.000000e+00 0.000000e+00
      outer loop
         vertex 6.000000e+00 1.169134e+01 6.750000e+00
         vertex 6.000000e+00 1.216529e+01 1.002214e+01
         vertex 6.000000e+00 1.184404e+01 9.994038e+00
      endloop
   endfacet
   facet normal 1.000000e+00 0.000000e+00 -0.000000e+00
      outer loop
         vertex 6.000000e+00 1.169134e+01 6.750000e+00
         vertex 6.000000e+00 1.184404e+01 9.994038e+00
         vertex 6.000000e+00 1.152279e+01 1.002214e+01
      endloop
   endfacet
   facet normal 1.000000e+00 0.000000e+00 0.000000e+00
      outer loop
         vertex 6.000000e+00 -7.247019e+00 1.359702e+01
         vertex 6.000000e+00 -6.750000e+00 1.169134e+01
         vertex 6.000000e+00 -4.617272e+00 1.268585e+01
      endloop
   endfacet
   facet normal 1.000000e+00 0.000000e+00 -0.000000e+00
      outer loop
         vertex 6.000000e+00 -4.617272e+00 1.268585e+01
         vertex 6.000000e+00 -2.344250e+00 1.329490e+01
         vertex 6.000000e+00 -7.247019e+00 1.359702e+01
      endloop
   endfacet
   facet normal 1.000000e+00 0.000000e+00 0.000000e+00
      outer loop
         vertex 6.000000e+00 -7.247019e+00 1.359702e+01
         vertex 6.000000e+00 -2.344250e+00 1.329490e+01
         vertex 6.000000e+00 8.266366e-16 1.350000e+01
      endloop
   endfacet
   facet normal 1.000000e+00 -0.000000e+00 0.000000e+00
      outer loop
         vertex 6.000000e+00 -7.247019e+00 1.359702e+01
         vertex 6.000000e+00 8.266366e-16 1.350000e+01
         vertex 6.000000e+00 7.247019e+00 1.359702e+01
      endloop
   endfacet
   facet normal 1.000000e+00 0.000000e+00 0.000000e+00
      outer loop
         vertex 6.000000e+00 7.247019e+00 1.359702e+01
         vertex 6.000000e+00 8.266366e-16 1.350000e+01
         vertex 6.000000e+00 2.344250e+00 1.329490e+01
      endloop
   endfacet
   facet normal 1.000000e+00 0.000000e+00 0.000000e+00
      outer loop
         vertex 6.000000e+00 7.247019e+00 1.359702e+01
         vertex 6.000000e+00 2.344250e+00 1.329490e+01
         vertex 6.000000e+00 4.617272e+00 1.268585e+01
      endloop
   endfacet
   facet normal 1.000000e+00 0.000000e+00 -0.000000e+00
      outer loop
         vertex 6.000000e+00 -1.091904e+01 1.344619e+01
         vertex 6.000000e+00 -7.247019e+00 1.359702e+01
         vertex 6.000000e+00 -1.121130e+01 1.358247e+01
      endloop
   endfacet
   facet normal 1.000000e+00 0.000000e+00 0.000000e+00
      outer loop
         vertex 6.000000e+00 -1.121130e+01 1.358247e+01
         vertex 6.000000e+00 -7.247019e+00 1.359702e+01
         vertex 6.000000e+00 -7.775456e+00 1.842667e+01
      endloop
   endfacet
   facet normal 1.000000e+00 0.000000e+00 0.000000e+00
      outer loop
         vertex 6.000000e+00 -1.121130e+01 1.358247e+01
         vertex 6.000000e+00 -7.775456e+00 1.842667e+01
         vertex 6.000000e+00 -1.060709e+01 1.695552e+01
      endloop
   endfacet
   facet normal 1.000000e+00 0.000000e+00 0.000000e+00
      outer loop
         vertex 6.000000e+00 -1.359702e+01 0.000000e+00
         vertex 6.000000e+00 -1.247678e+01 1.010561e+01
         vertex 6.000000e+00 -1.276904e+01 1.024189e+01
      endloop
   endfacet
   facet normal 1.000000e+00 -0.000000e+00 0.000000e+00
      outer loop
         vertex 6.000000e+00 -1.065488e+01 1.042686e+01
         vertex 6.000000e+00 -1.034160e+01 8.677633e+00
         vertex 6.000000e+00 -1.042686e+01 1.065488e+01
      endloop
   endfacet
   facet normal 1.000000e+00 0.000000e+00 0.000000e+00
      outer loop
         vertex 6.000000e+00 -1.042686e+01 1.065488e+01
         vertex 6.000000e+00 -1.034160e+01 8.677633e+00
         vertex 6.000000e+00 -8.677633e+00 1.034160e+01
      endloop
   endfacet
   facet normal 1.000000e+00 -0.000000e+00 0.000000e+00
      outer loop
         vertex 6.000000e+00 -1.042686e+01 1.065488e+01
         vertex 6.000000e+00 -8.677633e+00 1.034160e+01
         vertex 6.000000e+00 -1.024189e+01 1.091904e+01
      endloop
   endfacet
   facet normal 1.000000e+00 0.000000e+00 0.000000e+00
      outer loop
         vertex 6.000000e+00 -1.065488e+01 1.042686e+01
         vertex 6.000000e+00 -1.091904e+01 1.024189e+01
         vertex 6.000000e+00 -1.034160e+01 8.677633e+00
      endloop
   endfacet
   facet normal 1.000000e+00 0.000000e+00 0.000000e+00
      outer loop
         vertex 6.000000e+00 -1.034160e+01 8.677633e+00
         vertex 6.000000e+00 -1.091904e+01 1.024189e+01
         vertex 6.000000e+00 -1.121130e+01 1.010561e+01
      endloop
   endfacet
   facet normal 1.000000e+00 0.000000e+00 0.000000e+00
      outer loop
         vertex 6.000000e+00 -1.034160e+01 8.677633e+00
         vertex 6.000000e+00 -1.121130e+01 1.010561e+01
         vertex 6.000000e+00 -1.169134e+01 6.750000e+00
      endloop
   endfacet
   facet normal 1.000000e+00 0.000000e+00 0.000000e+00
      outer loop
         vertex 6.000000e+00 -1.121130e+01 1.010561e+01
         vertex 6.000000e+00 -1.152279e+01 1.002214e+01
         vertex 6.000000e+00 -1.169134e+01 6.750000e+00
      endloop
   endfacet
   facet normal 1.000000e+00 0.000000e+00 -0.000000e+00
      outer loop
         vertex 6.000000e+00 -1.169134e+01 6.750000e+00
         vertex 6.000000e+00 -1.152279e+01 1.002214e+01
         vertex 6.000000e+00 -1.184404e+01 9.994038e+00
      endloop
   endfacet
   facet normal 1.000000e+00 0.000000e+00 0.000000e+00
      outer loop
         vertex 6.000000e+00 -1.169134e+01 6.750000e+00
         vertex 6.000000e+00 -1.184404e+01 9.994038e+00
         vertex 6.000000e+00 -1.268585e+01 4.617272e+00
      endloop
   endfacet
   facet normal 1.000000e+00 0.000000e+00 0.000000e+00
      outer loop
         vertex 6.000000e+00 -1.276904e+01 1.024189e+01
         vertex 6.000000e+00 -1.303320e+01 1.042686e+01
         vertex 6.000000e+00 -1.359702e+01 0.000000e+00
      endloop
   endfacet
   facet normal 1.000000e+00 0.000000e+00 0.000000e+00
      outer loop
         vertex 6.000000e+00 -1.359702e+01 0.000000e+00
         vertex 6.000000e+00 -1.303320e+01 1.042686e+01
         vertex 6.000000e+00 -1.326122e+01 1.065488e+01
      endloop
   endfacet
   facet normal 1.000000e+00 0.000000e+00 0.000000e+00
      outer loop
         vertex 6.000000e+00 -1.359702e+01 0.000000e+00
         vertex 6.000000e+00 -1.326122e+01 1.065488e+01
         vertex 6.000000e+00 -1.344619e+01 1.091904e+01
      endloop
   endfacet
   facet normal 1.000000e+00 0.000000e+00 0.000000e+00
      outer loop
         vertex 6.000000e+00 -6.750000e+00 1.169134e+01
         vertex 6.000000e+00 -1.002214e+01 1.152279e+01
         vertex 6.000000e+00 -8.677633e+00 1.034160e+01
      endloop
   endfacet
   facet normal 1.000000e+00 0.000000e+00 0.000000e+00
      outer loop
         vertex 6.000000e+00 -8.677633e+00 1.034160e+01
         vertex 6.000000e+00 -1.002214e+01 1.152279e+01
         vertex 6.000000e+00 -1.010561e+01 1.121130e+01
      endloop
   endfacet
   facet normal 1.000000e+00 0.000000e+00 0.000000e+00
      outer loop
         vertex 6.000000e+00 -8.677633e+00 1.034160e+01
         vertex 6.000000e+00 -1.010561e+01 1.121130e+01
         vertex 6.000000e+00 -1.024189e+01 1.091904e+01
      endloop
   endfacet
   facet normal 1.000000e+00 -0.000000e+00 0.000000e+00
      outer loop
         vertex 6.000000e+00 -1.091904e+01 1.344619e+01
         vertex 6.000000e+00 -1.065488e+01 1.326122e+01
         vertex 6.000000e+00 -7.247019e+00 1.359702e+01
      endloop
   endfacet
   facet normal 1.000000e+00 0.000000e+00 0.000000e+00
      outer loop
         vertex 6.000000e+00 -7.247019e+00 1.359702e+01
         vertex 6.000000e+00 -1.065488e+01 1.326122e+01
         vertex 6.000000e+00 -1.042686e+01 1.303320e+01
      endloop
   endfacet
   facet normal 1.000000e+00 0.000000e+00 0.000000e+00
      outer loop
         vertex 6.000000e+00 -7.247019e+00 1.359702e+01
         vertex 6.000000e+00 -1.042686e+01 1.303320e+01
         vertex 6.000000e+00 -1.024189e+01 1.276904e+01
      endloop
   endfacet
   facet normal 1.000000e+00 -0.000000e+00 0.000000e+00
      outer loop
         vertex 6.000000e+00 -1.024189e+01 1.276904e+01
         vertex 6.000000e+00 -1.010561e+01 1.247678e+01
         vertex 6.000000e+00 -7.247019e+00 1.359702e+01
      endloop
   endfacet
   facet normal 1.000000e+00 0.000000e+00 0.000000e+00
      outer loop
         vertex 6.000000e+00 -7.247019e+00 1.359702e+01
         vertex 6.000000e+00 -1.010561e+01 1.247678e+01
         vertex 6.000000e+00 -1.002214e+01 1.216529e+01
      endloop
   endfacet
   facet normal 1.000000e+00 0.000000e+00 0.000000e+00
      outer loop
         vertex 6.000000e+00 -7.247019e+00 1.359702e+01
         vertex 6.000000e+00 -1.002214e+01 1.216529e+01
         vertex 6.000000e+00 -6.750000e+00 1.169134e+01
      endloop
   endfacet
   facet normal 1.000000e+00 0.000000e+00 0.000000e+00
      outer loop
         vertex 6.000000e+00 -6.750000e+00 1.169134e+01
         vertex 6.000000e+00 -1.002214e+01 1.216529e+01
         vertex 6.000000e+00 -9.994038e+00 1.184404e+01
      endloop
   endfacet
   facet normal 1.000000e+00 0.000000e+00 0.000000e+00
      outer loop
         vertex 6.000000e+00 -6.750000e+00 1.169134e+01
         vertex 6.000000e+00 -9.994038e+00 1.184404e+01
         vertex 6.000000e+00 -1.002214e+01 1.152279e+01
      endloop
   endfacet
   facet normal 1.000000e+00 0.000000e+00 0.000000e+00
      outer loop
         vertex 6.000000e+00 -1.359702e+01 0.000000e+00
         vertex 6.000000e+00 -1.358247e+01 -1.121130e+01
         vertex 6.000000e+00 -1.344619e+01 -1.091904e+01
      endloop
   endfacet
   facet normal 1.000000e+00 0.000000e+00 0.000000e+00
      outer loop
         vertex 6.000000e+00 -1.184404e+01 9.994038e+00
         vertex 6.000000e+00 -1.216529e+01 1.002214e+01
         vertex 6.000000e+00 -1.268585e+01 4.617272e+00
      endloop
   endfacet
   facet normal 1.000000e+00 0.000000e+00 0.000000e+00
      outer loop
         vertex 6.000000e+00 -1.268585e+01 4.617272e+00
         vertex 6.000000e+00 -1.216529e+01 1.002214e+01
         vertex 6.000000e+00 -1.247678e+01 1.010561e+01
      endloop
   endfacet
   facet normal 1.000000e+00 0.000000e+00 -0.000000e+00
      outer loop
         vertex 6.000000e+00 -1.268585e+01 4.617272e+00
         vertex 6.000000e+00 -1.247678e+01 1.010561e+01
         vertex 6.000000e+00 -1.329490e+01 2.344250e+00
      endloop
   endfacet
   facet normal 1.000000e+00 0.000000e+00 -0.000000e+00
      outer loop
         vertex 6.000000e+00 -1.329490e+01 2.344250e+00
         vertex 6.000000e+00 -1.247678e+01 1.010561e+01
         vertex 6.000000e+00 -1.359702e+01 0.000000e+00
      endloop
   endfacet
   facet normal 1.000000e+00 0.000000e+00 0.000000e+00
      outer loop
         vertex 6.000000e+00 -1.329490e+01 2.344250e+00
         vertex 6.000000e+00 -1.359702e+01 0.000000e+00
         vertex 6.000000e+00 -1.350000e+01 1.653273e-15
      endloop
   endfacet
   facet normal 1.000000e+00 0.000000e+00 0.000000e+00
      outer loop
         vertex 6.000000e+00 -1.350000e+01 1.653273e-15
         vertex 6.000000e+00 -1.359702e+01 0.000000e+00
         vertex 6.000000e+00 -1.329490e+01 -2.344250e+00
      endloop
   endfacet
   facet normal 1.000000e+00 0.000000e+00 0.000000e+00
      outer loop
         vertex 6.000000e+00 -1.169134e+01 -6.750000e+00
         vertex 6.000000e+00 -1.184404e+01 -9.994038e+00
         vertex 6.000000e+00 -1.152279e+01 -1.002214e+01
      endloop
   endfacet
   facet normal 1.000000e+00 0.000000e+00 0.000000e+00
      outer loop
         vertex 6.000000e+00 -1.042686e+01 -1.303320e+01
         vertex 6.000000e+00 -1.065488e+01 -1.326122e+01
         vertex 6.000000e+00 -7.247019e+00 -1.359702e+01
      endloop
   endfacet
   facet normal 1.000000e+00 0.000000e+00 0.000000e+00
      outer loop
         vertex 6.000000e+00 -7.247019e+00 -1.359702e+01
         vertex 6.000000e+00 -1.065488e+01 -1.326122e+01
         vertex 6.000000e+00 -1.091904e+01 -1.344619e+01
      endloop
   endfacet
   facet normal 1.000000e+00 0.000000e+00 -0.000000e+00
      outer loop
         vertex 6.000000e+00 -1.042686e+01 -1.065488e+01
         vertex 6.000000e+00 -8.677633e+00 -1.034160e+01
         vertex 6.000000e+00 -1.065488e+01 -1.042686e+01
      endloop
   endfacet
   facet normal 1.000000e+00 0.000000e+00 0.000000e+00
      outer loop
         vertex 6.000000e+00 -1.065488e+01 -1.042686e+01
         vertex 6.000000e+00 -8.677633e+00 -1.034160e+01
         vertex 6.000000e+00 -1.034160e+01 -8.677633e+00
      endloop
   endfacet
   facet normal 1.000000e+00 0.000000e+00 -0.000000e+00
      outer loop
         vertex 6.000000e+00 -1.065488e+01 -1.042686e+01
         vertex 6.000000e+00 -1.034160e+01 -8.677633e+00
         vertex 6.000000e+00 -1.091904e+01 -1.024189e+01
      endloop
   endfacet
   facet normal 1.000000e+00 0.000000e+00 -0.000000e+00
      outer loop
         vertex 6.000000e+00 -1.247678e+01 -1.010561e+01
         vertex 6.000000e+00 -1.216529e+01 -1.002214e+01
         vertex 6.000000e+00 -1.329490e+01 -2.344250e+00
      endloop
   endfacet
   facet normal 1.000000e+00 0.000000e+00 0.000000e+00
      outer loop
         vertex 6.000000e+00 -1.169134e+01 -6.750000e+00
         vertex 6.000000e+00 -1.152279e+01 -1.002214e+01
         vertex 6.000000e+00 -1.034160e+01 -8.677633e+00
      endloop
   endfacet
   facet normal 1.000000e+00 0.000000e+00 0.000000e+00
      outer loop
         vertex 6.000000e+00 -1.034160e+01 -8.677633e+00
         vertex 6.000000e+00 -1.152279e+01 -1.002214e+01
         vertex 6.000000e+00 -1.121130e+01 -1.010561e+01
      endloop
   endfacet
   facet normal 1.000000e+00 0.000000e+00 0.000000e+00
      outer loop
         vertex 6.000000e+00 -1.034160e+01 -8.677633e+00
         vertex 6.000000e+00 -1.121130e+01 -1.010561e+01
         vertex 6.000000e+00 -1.091904e+01 -1.024189e+01
      endloop
   endfacet
   facet normal 1.000000e+00 0.000000e+00 0.000000e+00
      outer loop
         vertex 6.000000e+00 -4.617272e+00 -1.268585e+01
         vertex 6.000000e+00 -6.750000e+00 -1.169134e+01
         vertex 6.000000e+00 -7.247019e+00 -1.359702e+01
      endloop
   endfacet
   facet normal 1.000000e+00 0.000000e+00 -0.000000e+00
      outer loop
         vertex 6.000000e+00 -7.247019e+00 -1.359702e+01
         vertex 6.000000e+00 -6.750000e+00 -1.169134e+01
         vertex 6.000000e+00 -9.994038e+00 -1.184404e+01
      endloop
   endfacet
   facet normal 1.000000e+00 0.000000e+00 0.000000e+00
      outer loop
         vertex 6.000000e+00 -7.247019e+00 -1.359702e+01
         vertex 6.000000e+00 -9.994038e+00 -1.184404e+01
         vertex 6.000000e+00 -1.002214e+01 -1.216529e+01
      endloop
   endfacet
   facet normal 1.000000e+00 0.000000e+00 0.000000e+00
      outer loop
         vertex 6.000000e+00 -1.002214e+01 -1.216529e+01
         vertex 6.000000e+00 -1.010561e+01 -1.247678e+01
         vertex 6.000000e+00 -7.247019e+00 -1.359702e+01
      endloop
   endfacet
   facet normal 1.000000e+00 0.000000e+00 0.000000e+00
      outer loop
         vertex 6.000000e+00 -7.247019e+00 -1.359702e+01
         vertex 6.000000e+00 -1.010561e+01 -1.247678e+01
         vertex 6.000000e+00 -1.024189e+01 -1.276904e+01
      endloop
   endfacet
   facet normal 1.000000e+00 0.000000e+00 0.000000e+00
      outer loop
         vertex 6.000000e+00 -7.247019e+00 -1.359702e+01
         vertex 6.000000e+00 -1.024189e+01 -1.276904e+01
         vertex 6.000000e+00 -1.042686e+01 -1.303320e+01
      endloop
   endfacet
   facet normal 1.000000e+00 0.000000e+00 -0.000000e+00
      outer loop
         vertex 6.000000e+00 -1.344619e+01 -1.091904e+01
         vertex 6.000000e+00 -1.326122e+01 -1.065488e+01
         vertex 6.000000e+00 -1.359702e+01 0.000000e+00
      endloop
   endfacet
   facet normal 1.000000e+00 0.000000e+00 0.000000e+00
      outer loop
         vertex 6.000000e+00 -1.359702e+01 0.000000e+00
         vertex 6.000000e+00 -1.326122e+01 -1.065488e+01
         vertex 6.000000e+00 -1.303320e+01 -1.042686e+01
      endloop
   endfacet
   facet normal 1.000000e+00 0.000000e+00 0.000000e+00
      outer loop
         vertex 6.000000e+00 -1.359702e+01 0.000000e+00
         vertex 6.000000e+00 -1.303320e+01 -1.042686e+01
         vertex 6.000000e+00 -1.329490e+01 -2.344250e+00
      endloop
   endfacet
   facet normal 1.000000e+00 0.000000e+00 0.000000e+00
      outer loop
         vertex 6.000000e+00 -1.329490e+01 -2.344250e+00
         vertex 6.000000e+00 -1.303320e+01 -1.042686e+01
         vertex 6.000000e+00 -1.276904e+01 -1.024189e+01
      endloop
   endfacet
   facet normal 1.000000e+00 0.000000e+00 0.000000e+00
      outer loop
         vertex 6.000000e+00 -1.329490e+01 -2.344250e+00
         vertex 6.000000e+00 -1.276904e+01 -1.024189e+01
         vertex 6.000000e+00 -1.247678e+01 -1.010561e+01
      endloop
   endfacet
   facet normal 1.000000e+00 0.000000e+00 -0.000000e+00
      outer loop
         vertex 6.000000e+00 -1.184404e+01 -9.994038e+00
         vertex 6.000000e+00 -1.169134e+01 -6.750000e+00
         vertex 6.000000e+00 -1.216529e+01 -1.002214e+01
      endloop
   endfacet
   facet normal 1.000000e+00 0.000000e+00 -0.000000e+00
      outer loop
         vertex 6.000000e+00 -1.216529e+01 -1.002214e+01
         vertex 6.000000e+00 -1.169134e+01 -6.750000e+00
         vertex 6.000000e+00 -1.268585e+01 -4.617272e+00
      endloop
   endfacet
   facet normal 1.000000e+00 0.000000e+00 0.000000e+00
      outer loop
         vertex 6.000000e+00 -1.216529e+01 -1.002214e+01
         vertex 6.000000e+00 -1.268585e+01 -4.617272e+00
         vertex 6.000000e+00 -1.329490e+01 -2.344250e+00
      endloop
   endfacet
   facet normal 1.000000e+00 -0.000000e+00 0.000000e+00
      outer loop
         vertex 6.000000e+00 -1.042686e+01 -1.065488e+01
         vertex 6.000000e+00 -1.024189e+01 -1.091904e+01
         vertex 6.000000e+00 -8.677633e+00 -1.034160e+01
      endloop
   endfacet
   facet normal 1.000000e+00 0.000000e+00 0.000000e+00
      outer loop
         vertex 6.000000e+00 -8.677633e+00 -1.034160e+01
         vertex 6.000000e+00 -1.024189e+01 -1.091904e+01
         vertex 6.000000e+00 -1.010561e+01 -1.121130e+01
      endloop
   endfacet
   facet normal 1.000000e+00 0.000000e+00 0.000000e+00
      outer loop
         vertex 6.000000e+00 -8.677633e+00 -1.034160e+01
         vertex 6.000000e+00 -1.010561e+01 -1.121130e+01
         vertex 6.000000e+00 -6.750000e+00 -1.169134e+01
      endloop
   endfacet
   facet normal 1.000000e+00 0.000000e+00 0.000000e+00
      outer loop
         vertex 6.000000e+00 -6.750000e+00 -1.169134e+01
         vertex 6.000000e+00 -1.010561e+01 -1.121130e+01
         vertex 6.000000e+00 -1.002214e+01 -1.152279e+01
      endloop
   endfacet
   facet normal 1.000000e+00 0.000000e+00 0.000000e+00
      outer loop
         vertex 6.000000e+00 -6.750000e+00 -1.169134e+01
         vertex 6.000000e+00 -1.002214e+01 -1.152279e+01
         vertex 6.000000e+00 -9.994038e+00 -1.184404e+01
      endloop
   endfacet
   facet normal 1.000000e+00 0.000000e+00 0.000000e+00
      outer loop
         vertex 6.000000e+00 7.247019e+00 -1.359702e+01
         vertex 6.000000e+00 2.344250e+00 -1.329490e+01
         vertex 6.000000e+00 -2.479910e-15 -1.350000e+01
      endloop
   endfacet
   facet normal 1.000000e+00 0.000000e+00 0.000000e+00
      outer loop
         vertex 6.000000e+00 7.247019e+00 -1.359702e+01
         vertex 6.000000e+00 -2.479910e-15 -1.350000e+01
         vertex 6.000000e+00 -7.247019e+00 -1.359702e+01
      endloop
   endfacet
   facet normal 1.000000e+00 0.000000e+00 0.000000e+00
      outer loop
         vertex 6.000000e+00 -7.247019e+00 -1.359702e+01
         vertex 6.000000e+00 -2.479910e-15 -1.350000e+01
         vertex 6.000000e+00 -2.344250e+00 -1.329490e+01
      endloop
   endfacet
   facet normal 1.000000e+00 0.000000e+00 0.000000e+00
      outer loop
         vertex 6.000000e+00 -7.247019e+00 -1.359702e+01
         vertex 6.000000e+00 -2.344250e+00 -1.329490e+01
         vertex 6.000000e+00 -4.617272e+00 -1.268585e+01
      endloop
   endfacet
   facet normal 1.000000e+00 0.000000e+00 0.000000e+00
      outer loop
         vertex 6.000000e+00 1.002214e+01 -1.216529e+01
         vertex 6.000000e+00 6.750000e+00 -1.169134e+01
         vertex 6.000000e+00 7.247019e+00 -1.359702e+01
      endloop
   endfacet
   facet normal 1.000000e+00 0.000000e+00 0.000000e+00
      outer loop
         vertex 6.000000e+00 7.247019e+00 -1.359702e+01
         vertex 6.000000e+00 6.750000e+00 -1.169134e+01
         vertex 6.000000e+00 4.617272e+00 -1.268585e+01
      endloop
   endfacet
   facet normal 1.000000e+00 0.000000e+00 0.000000e+00
      outer loop
         vertex 6.000000e+00 7.247019e+00 -1.359702e+01
         vertex 6.000000e+00 4.617272e+00 -1.268585e+01
         vertex 6.000000e+00 2.344250e+00 -1.329490e+01
      endloop
   endfacet
   facet normal 1.000000e+00 -0.000000e+00 0.000000e+00
      outer loop
         vertex 6.000000e+00 1.303320e+01 -1.042686e+01
         vertex 6.000000e+00 1.326122e+01 -1.065488e+01
         vertex 6.000000e+00 1.359702e+01 0.000000e+00
      endloop
   endfacet
   facet normal 1.000000e+00 0.000000e+00 -0.000000e+00
      outer loop
         vertex 6.000000e+00 1.866316e+01 -1.359702e+01
         vertex 6.000000e+00 1.988719e+01 -2.121212e+00
         vertex 6.000000e+00 1.358247e+01 -1.121130e+01
      endloop
   endfacet
   facet normal 1.000000e+00 0.000000e+00 0.000000e+00
      outer loop
         vertex 6.000000e+00 1.358247e+01 -1.121130e+01
         vertex 6.000000e+00 1.988719e+01 -2.121212e+00
         vertex 6.000000e+00 1.359702e+01 0.000000e+00
      endloop
   endfacet
   facet normal 1.000000e+00 0.000000e+00 -0.000000e+00
      outer loop
         vertex 6.000000e+00 1.358247e+01 -1.121130e+01
         vertex 6.000000e+00 1.359702e+01 0.000000e+00
         vertex 6.000000e+00 1.344619e+01 -1.091904e+01
      endloop
   endfacet
   facet normal 1.000000e+00 0.000000e+00 -0.000000e+00
      outer loop
         vertex 6.000000e+00 1.344619e+01 -1.091904e+01
         vertex 6.000000e+00 1.359702e+01 0.000000e+00
         vertex 6.000000e+00 1.326122e+01 -1.065488e+01
      endloop
   endfacet
   facet normal 1.000000e+00 0.000000e+00 0.000000e+00
      outer loop
         vertex 6.000000e+00 1.002214e+01 -1.216529e+01
         vertex 6.000000e+00 9.994038e+00 -1.184404e+01
         vertex 6.000000e+00 6.750000e+00 -1.169134e+01
      endloop
   endfacet
   facet normal 1.000000e+00 -0.000000e+00 0.000000e+00
      outer loop
         vertex 6.000000e+00 6.750000e+00 -1.169134e+01
         vertex 6.000000e+00 9.994038e+00 -1.184404e+01
         vertex 6.000000e+00 1.002214e+01 -1.152279e+01
      endloop
   endfacet
   facet normal 1.000000e+00 0.000000e+00 0.000000e+00
      outer loop
         vertex 6.000000e+00 6.750000e+00 -1.169134e+01
         vertex 6.000000e+00 1.002214e+01 -1.152279e+01
         vertex 6.000000e+00 8.677633e+00 -1.034160e+01
      endloop
   endfacet
   facet normal 1.000000e+00 0.000000e+00 0.000000e+00
      outer loop
         vertex 6.000000e+00 8.677633e+00 -1.034160e+01
         vertex 6.000000e+00 1.002214e+01 -1.152279e+01
         vertex 6.000000e+00 1.010561e+01 -1.121130e+01
      endloop
   endfacet
   facet normal 1.000000e+00 0.000000e+00 0.000000e+00
      outer loop
         vertex 6.000000e+00 1.121130e+01 -1.358247e+01
         vertex 6.000000e+00 1.091904e+01 -1.344619e+01
         vertex 6.000000e+00 7.247019e+00 -1.359702e+01
      endloop
   endfacet
   facet normal 1.000000e+00 0.000000e+00 0.000000e+00
      outer loop
         vertex 6.000000e+00 7.247019e+00 -1.359702e+01
         vertex 6.000000e+00 1.091904e+01 -1.344619e+01
         vertex 6.000000e+00 1.065488e+01 -1.326122e+01
      endloop
   endfacet
   facet normal 1.000000e+00 0.000000e+00 0.000000e+00
      outer loop
         vertex 6.000000e+00 7.247019e+00 -1.359702e+01
         vertex 6.000000e+00 1.065488e+01 -1.326122e+01
         vertex 6.000000e+00 1.042686e+01 -1.303320e+01
      endloop
   endfacet
   facet normal 1.000000e+00 0.000000e+00 0.000000e+00
      outer loop
         vertex 6.000000e+00 1.034160e+01 -8.677633e+00
         vertex 6.000000e+00 1.091904e+01 -1.024189e+01
         vertex 6.000000e+00 1.121130e+01 -1.010561e+01
      endloop
   endfacet
   facet normal 1.000000e+00 0.000000e+00 0.000000e+00
      outer loop
         vertex 6.000000e+00 1.042686e+01 -1.303320e+01
         vertex 6.000000e+00 1.024189e+01 -1.276904e+01
         vertex 6.000000e+00 7.247019e+00 -1.359702e+01
      endloop
   endfacet
   facet normal 1.000000e+00 0.000000e+00 0.000000e+00
      outer loop
         vertex 6.000000e+00 7.247019e+00 -1.359702e+01
         vertex 6.000000e+00 1.024189e+01 -1.276904e+01
         vertex 6.000000e+00 1.010561e+01 -1.247678e+01
      endloop
   endfacet
   facet normal 1.000000e+00 0.000000e+00 0.000000e+00
      outer loop
         vertex 6.000000e+00 7.247019e+00 -1.359702e+01
         vertex 6.000000e+00 1.010561e+01 -1.247678e+01
         vertex 6.000000e+00 1.002214e+01 -1.216529e+01
      endloop
   endfacet
   facet normal 1.000000e+00 -0.000000e+00 0.000000e+00
      outer loop
         vertex 6.000000e+00 1.034160e+01 -8.677633e+00
         vertex 6.000000e+00 1.121130e+01 -1.010561e+01
         vertex 6.000000e+00 1.169134e+01 -6.750000e+00
      endloop
   endfacet
   facet normal 1.000000e+00 0.000000e+00 0.000000e+00
      outer loop
         vertex 6.000000e+00 1.121130e+01 -1.010561e+01
         vertex 6.000000e+00 1.152279e+01 -1.002214e+01
         vertex 6.000000e+00 1.169134e+01 -6.750000e+00
      endloop
   endfacet
   facet normal 1.000000e+00 0.000000e+00 0.000000e+00
      outer loop
         vertex 6.000000e+00 1.169134e+01 -6.750000e+00
         vertex 6.000000e+00 1.152279e+01 -1.002214e+01
         vertex 6.000000e+00 1.184404e+01 -9.994038e+00
      endloop
   endfacet
   facet normal 1.000000e+00 -0.000000e+00 0.000000e+00
      outer loop
         vertex 6.000000e+00 1.169134e+01 -6.750000e+00
         vertex 6.000000e+00 1.184404e+01 -9.994038e+00
         vertex 6.000000e+00 1.268585e+01 -4.617272e+00
      endloop
   endfacet
   facet normal 1.000000e+00 0.000000e+00 0.000000e+00
      outer loop
         vertex 6.000000e+00 1.268585e+01 -4.617272e+00
         vertex 6.000000e+00 1.184404e+01 -9.994038e+00
         vertex 6.000000e+00 1.216529e+01 -1.002214e+01
      endloop
   endfacet
   facet normal 1.000000e+00 -0.000000e+00 0.000000e+00
      outer loop
         vertex 6.000000e+00 1.268585e+01 -4.617272e+00
         vertex 6.000000e+00 1.216529e+01 -1.002214e+01
         vertex 6.000000e+00 1.329490e+01 -2.344250e+00
      endloop
   endfacet
   facet normal 1.000000e+00 0.000000e+00 0.000000e+00
      outer loop
         vertex 6.000000e+00 1.329490e+01 -2.344250e+00
         vertex 6.000000e+00 1.216529e+01 -1.002214e+01
         vertex 6.000000e+00 1.247678e+01 -1.010561e+01
      endloop
   endfacet
   facet normal 1.000000e+00 -0.000000e+00 0.000000e+00
      outer loop
         vertex 6.000000e+00 1.329490e+01 -2.344250e+00
         vertex 6.000000e+00 1.247678e+01 -1.010561e+01
         vertex 6.000000e+00 1.359702e+01 0.000000e+00
      endloop
   endfacet
   facet normal 1.000000e+00 0.000000e+00 0.000000e+00
      outer loop
         vertex 6.000000e+00 1.359702e+01 0.000000e+00
         vertex 6.000000e+00 1.247678e+01 -1.010561e+01
         vertex 6.000000e+00 1.276904e+01 -1.024189e+01
      endloop
   endfacet
   facet normal 1.000000e+00 0.000000e+00 0.000000e+00
      outer loop
         vertex 6.000000e+00 1.359702e+01 0.000000e+00
         vertex 6.000000e+00 1.276904e+01 -1.024189e+01
         vertex 6.000000e+00 1.303320e+01 -1.042686e+01
      endloop
   endfacet
   facet normal 1.000000e+00 -0.000000e+00 0.000000e+00
      outer loop
         vertex 6.000000e+00 1.276904e+01 1.024189e+01
         vertex 6.000000e+00 1.268585e+01 4.617272e+00
         vertex 6.000000e+00 1.303320e+01 1.042686e+01
      endloop
   endfacet
   facet normal 1.000000e+00 0.000000e+00 0.000000e+00
      outer loop
         vertex 6.000000e+00 1.303320e+01 1.042686e+01
         vertex 6.000000e+00 1.268585e+01 4.617272e+00
         vertex 6.000000e+00 1.329490e+01 2.344250e+00
      endloop
   endfacet
   facet normal 1.000000e+00 0.000000e+00 0.000000e+00
      outer loop
         vertex 6.000000e+00 1.303320e+01 1.042686e+01
         vertex 6.000000e+00 1.329490e+01 2.344250e+00
         vertex 6.000000e+00 1.359702e+01 0.000000e+00
      endloop
   endfacet
   facet normal 1.000000e+00 0.000000e+00 0.000000e+00
      outer loop
         vertex 6.000000e+00 1.359702e+01 0.000000e+00
         vertex 6.000000e+00 1.329490e+01 2.344250e+00
         vertex 6.000000e+00 1.350000e+01 0.000000e+00
      endloop
   endfacet
   facet normal 1.000000e+00 0.000000e+00 0.000000e+00
      outer loop
         vertex 6.000000e+00 1.359702e+01 0.000000e+00
         vertex 6.000000e+00 1.350000e+01 0.000000e+00
         vertex 6.000000e+00 1.329490e+01 -2.344250e+00
      endloop
   endfacet
   facet normal 1.000000e+00 0.000000e+00 -0.000000e+00
      outer loop
         vertex 6.000000e+00 1.010561e+01 -1.121130e+01
         vertex 6.000000e+00 1.024189e+01 -1.091904e+01
         vertex 6.000000e+00 8.677633e+00 -1.034160e+01
      endloop
   endfacet
   facet normal 1.000000e+00 0.000000e+00 0.000000e+00
      outer loop
         vertex 6.000000e+00 8.677633e+00 -1.034160e+01
         vertex 6.000000e+00 1.024189e+01 -1.091904e+01
         vertex 6.000000e+00 1.042686e+01 -1.065488e+01
      endloop
   endfacet
   facet normal 1.000000e+00 -0.000000e+00 0.000000e+00
      outer loop
         vertex 6.000000e+00 8.677633e+00 -1.034160e+01
         vertex 6.000000e+00 1.042686e+01 -1.065488e+01
         vertex 6.000000e+00 1.034160e+01 -8.677633e+00
      endloop
   endfacet
   facet normal 1.000000e+00 0.000000e+00 0.000000e+00
      outer loop
         vertex 6.000000e+00 1.034160e+01 -8.677633e+00
         vertex 6.000000e+00 1.042686e+01 -1.065488e+01
         vertex 6.000000e+00 1.065488e+01 -1.042686e+01
      endloop
   endfacet
   facet normal 1.000000e+00 0.000000e+00 0.000000e+00
      outer loop
         vertex 6.000000e+00 1.034160e+01 -8.677633e+00
         vertex 6.000000e+00 1.065488e+01 -1.042686e+01
         vertex 6.000000e+00 1.091904e+01 -1.024189e+01
      endloop
   endfacet
   facet normal 1.000000e+00 0.000000e+00 -0.000000e+00
      outer loop
         vertex 6.000000e+00 9.455010e+00 -1.794942e+01
         vertex 6.000000e+00 1.359702e+01 -1.581707e+01
         vertex 6.000000e+00 7.247019e+00 -1.581707e+01
      endloop
   endfacet
   facet normal 1.000000e+00 0.000000e+00 0.000000e+00
      outer loop
         vertex 6.000000e+00 7.247019e+00 -1.581707e+01
         vertex 6.000000e+00 1.359702e+01 -1.581707e+01
         vertex 6.000000e+00 1.184404e+01 -1.369404e+01
      endloop
   endfacet
   facet normal 1.000000e+00 0.000000e+00 0.000000e+00
      outer loop
         vertex 6.000000e+00 7.247019e+00 -1.581707e+01
         vertex 6.000000e+00 1.184404e+01 -1.369404e+01
         vertex 6.000000e+00 1.152279e+01 -1.366593e+01
      endloop
   endfacet
   facet normal 1.000000e+00 0.000000e+00 0.000000e+00
      outer loop
         vertex 6.000000e+00 1.326122e+01 -1.303320e+01
         vertex 6.000000e+00 1.303320e+01 -1.326122e+01
         vertex 6.000000e+00 1.359702e+01 -1.359702e+01
      endloop
   endfacet
   facet normal 1.000000e+00 0.000000e+00 0.000000e+00
      outer loop
         vertex 6.000000e+00 1.303320e+01 -1.326122e+01
         vertex 6.000000e+00 1.276904e+01 -1.344619e+01
         vertex 6.000000e+00 1.359702e+01 -1.359702e+01
      endloop
   endfacet
   facet normal 1.000000e+00 0.000000e+00 0.000000e+00
      outer loop
         vertex 6.000000e+00 1.359702e+01 -1.359702e+01
         vertex 6.000000e+00 1.276904e+01 -1.344619e+01
         vertex 6.000000e+00 1.247678e+01 -1.358247e+01
      endloop
   endfacet
   facet normal 1.000000e+00 0.000000e+00 0.000000e+00
      outer loop
         vertex 6.000000e+00 1.359702e+01 -1.359702e+01
         vertex 6.000000e+00 1.247678e+01 -1.358247e+01
         vertex 6.000000e+00 1.359702e+01 -1.581707e+01
      endloop
   endfacet
   facet normal 1.000000e+00 0.000000e+00 0.000000e+00
      outer loop
         vertex 6.000000e+00 1.359702e+01 -1.581707e+01
         vertex 6.000000e+00 1.247678e+01 -1.358247e+01
         vertex 6.000000e+00 1.216529e+01 -1.366593e+01
      endloop
   endfacet
   facet normal 1.000000e+00 0.000000e+00 0.000000e+00
      outer loop
         vertex 6.000000e+00 1.359702e+01 -1.581707e+01
         vertex 6.000000e+00 1.216529e+01 -1.366593e+01
         vertex 6.000000e+00 1.184404e+01 -1.369404e+01
      endloop
   endfacet
   facet normal 1.000000e+00 0.000000e+00 0.000000e+00
      outer loop
         vertex 6.000000e+00 1.369404e+01 -1.184404e+01
         vertex 6.000000e+00 1.366593e+01 -1.216529e+01
         vertex 6.000000e+00 1.866316e+01 -1.359702e+01
      endloop
   endfacet
   facet normal 1.000000e+00 0.000000e+00 0.000000e+00
      outer loop
         vertex 6.000000e+00 1.866316e+01 -1.359702e+01
         vertex 6.000000e+00 1.366593e+01 -1.216529e+01
         vertex 6.000000e+00 1.358247e+01 -1.247678e+01
      endloop
   endfacet
   facet normal 1.000000e+00 0.000000e+00 0.000000e+00
      outer loop
         vertex 6.000000e+00 1.866316e+01 -1.359702e+01
         vertex 6.000000e+00 1.358247e+01 -1.247678e+01
         vertex 6.000000e+00 1.359702e+01 -1.359702e+01
      endloop
   endfacet
   facet normal 1.000000e+00 0.000000e+00 0.000000e+00
      outer loop
         vertex 6.000000e+00 1.359702e+01 -1.359702e+01
         vertex 6.000000e+00 1.358247e+01 -1.247678e+01
         vertex 6.000000e+00 1.344619e+01 -1.276904e+01
      endloop
   endfacet
   facet normal 1.000000e+00 0.000000e+00 0.000000e+00
      outer loop
         vertex 6.000000e+00 1.359702e+01 -1.359702e+01
         vertex 6.000000e+00 1.344619e+01 -1.276904e+01
         vertex 6.000000e+00 1.326122e+01 -1.303320e+01
      endloop
   endfacet
   facet normal 1.000000e+00 0.000000e+00 -0.000000e+00
      outer loop
         vertex 6.000000e+00 -1.359702e+01 -1.359702e+01
         vertex 6.000000e+00 -1.358247e+01 -1.247678e+01
         vertex 6.000000e+00 -1.686394e+01 -1.359702e+01
      endloop
   endfacet
   facet normal 1.000000e+00 0.000000e+00 0.000000e+00
      outer loop
         vertex 6.000000e+00 -1.686394e+01 -1.359702e+01
         vertex 6.000000e+00 -1.358247e+01 -1.247678e+01
         vertex 6.000000e+00 -1.366593e+01 -1.216529e+01
      endloop
   endfacet
   facet normal 1.000000e+00 0.000000e+00 0.000000e+00
      outer loop
         vertex 6.000000e+00 -1.686394e+01 -1.359702e+01
         vertex 6.000000e+00 -1.366593e+01 -1.216529e+01
         vertex 6.000000e+00 -1.369404e+01 -1.184404e+01
      endloop
   endfacet
   facet normal 1.000000e+00 0.000000e+00 0.000000e+00
      outer loop
         vertex 6.000000e+00 -1.344619e+01 1.091904e+01
         vertex 6.000000e+00 -1.358247e+01 1.121130e+01
         vertex 6.000000e+00 -1.359702e+01 0.000000e+00
      endloop
   endfacet
   facet normal 1.000000e+00 0.000000e+00 -0.000000e+00
      outer loop
         vertex 6.000000e+00 -1.359702e+01 0.000000e+00
         vertex 6.000000e+00 -1.358247e+01 1.121130e+01
         vertex 6.000000e+00 -1.686394e+01 0.000000e+00
      endloop
   endfacet
   facet normal 1.000000e+00 0.000000e+00 0.000000e+00
      outer loop
         vertex 6.000000e+00 -1.359702e+01 0.000000e+00
         vertex 6.000000e+00 -1.686394e+01 0.000000e+00
         vertex 6.000000e+00 -1.358247e+01 -1.121130e+01
      endloop
   endfacet
   facet normal 1.000000e+00 0.000000e+00 0.000000e+00
      outer loop
         vertex 6.000000e+00 -1.358247e+01 -1.121130e+01
         vertex 6.000000e+00 -1.686394e+01 0.000000e+00
         vertex 6.000000e+00 -1.686394e+01 -1.359702e+01
      endloop
   endfacet
   facet normal 1.000000e+00 0.000000e+00 0.000000e+00
      outer loop
         vertex 6.000000e+00 -1.358247e+01 -1.121130e+01
         vertex 6.000000e+00 -1.686394e+01 -1.359702e+01
         vertex 6.000000e+00 -1.366593e+01 -1.152279e+01
      endloop
   endfacet
   facet normal 1.000000e+00 0.000000e+00 0.000000e+00
      outer loop
         vertex 6.000000e+00 -1.366593e+01 -1.152279e+01
         vertex 6.000000e+00 -1.686394e+01 -1.359702e+01
         vertex 6.000000e+00 -1.369404e+01 -1.184404e+01
      endloop
   endfacet
   facet normal 1.000000e+00 0.000000e+00 0.000000e+00
      outer loop
         vertex 6.000000e+00 -1.359702e+01 -1.359702e+01
         vertex 6.000000e+00 -1.247678e+01 -1.358247e+01
         vertex 6.000000e+00 -1.276904e+01 -1.344619e+01
      endloop
   endfacet
   facet normal 1.000000e+00 0.000000e+00 0.000000e+00
      outer loop
         vertex 6.000000e+00 -1.276904e+01 -1.344619e+01
         vertex 6.000000e+00 -1.303320e+01 -1.326122e+01
         vertex 6.000000e+00 -1.359702e+01 -1.359702e+01
      endloop
   endfacet
   facet normal 1.000000e+00 0.000000e+00 0.000000e+00
      outer loop
         vertex 6.000000e+00 -1.359702e+01 -1.359702e+01
         vertex 6.000000e+00 -1.303320e+01 -1.326122e+01
         vertex 6.000000e+00 -1.326122e+01 -1.303320e+01
      endloop
   endfacet
   facet normal 1.000000e+00 0.000000e+00 0.000000e+00
      outer loop
         vertex 6.000000e+00 -1.359702e+01 -1.359702e+01
         vertex 6.000000e+00 -1.326122e+01 -1.303320e+01
         vertex 6.000000e+00 -1.344619e+01 -1.276904e+01
      endloop
   endfacet
   facet normal 1.000000e+00 0.000000e+00 0.000000e+00
      outer loop
         vertex 6.000000e+00 -1.121130e+01 -1.358247e+01
         vertex 6.000000e+00 -1.152279e+01 -1.366593e+01
         vertex 6.000000e+00 -7.247019e+00 -1.581707e+01
      endloop
   endfacet
   facet normal 1.000000e+00 0.000000e+00 0.000000e+00
      outer loop
         vertex 6.000000e+00 -7.247019e+00 -1.581707e+01
         vertex 6.000000e+00 -1.152279e+01 -1.366593e+01
         vertex 6.000000e+00 -1.359702e+01 -1.581707e+01
      endloop
   endfacet
   facet normal 1.000000e+00 0.000000e+00 0.000000e+00
      outer loop
         vertex 6.000000e+00 -1.359702e+01 -1.581707e+01
         vertex 6.000000e+00 -1.152279e+01 -1.366593e+01
         vertex 6.000000e+00 -1.184404e+01 -1.369404e+01
      endloop
   endfacet
   facet normal 1.000000e+00 0.000000e+00 0.000000e+00
      outer loop
         vertex 6.000000e+00 -1.359702e+01 -1.581707e+01
         vertex 6.000000e+00 -1.184404e+01 -1.369404e+01
         vertex 6.000000e+00 -1.216529e+01 -1.366593e+01
      endloop
   endfacet
   facet normal 1.000000e+00 0.000000e+00 -0.000000e+00
      outer loop
         vertex 6.000000e+00 -1.369404e+01 1.184404e+01
         vertex 6.000000e+00 -1.366593e+01 1.216529e+01
         vertex 6.000000e+00 -1.539511e+01 1.276677e+01
      endloop
   endfacet
   facet normal 1.000000e+00 0.000000e+00 0.000000e+00
      outer loop
         vertex 6.000000e+00 -1.539511e+01 1.276677e+01
         vertex 6.000000e+00 -1.366593e+01 1.216529e+01
         vertex 6.000000e+00 -1.358247e+01 1.247678e+01
      endloop
   endfacet
   facet normal 1.000000e+00 -0.000000e+00 0.000000e+00
      outer loop
         vertex 6.000000e+00 -1.539511e+01 1.276677e+01
         vertex 6.000000e+00 -1.358247e+01 1.247678e+01
         vertex 6.000000e+00 -1.359702e+01 1.359702e+01
      endloop
   endfacet
   facet normal 1.000000e+00 0.000000e+00 0.000000e+00
      outer loop
         vertex 6.000000e+00 -1.359702e+01 1.359702e+01
         vertex 6.000000e+00 -1.358247e+01 1.247678e+01
         vertex 6.000000e+00 -1.344619e+01 1.276904e+01
      endloop
   endfacet
   facet normal 1.000000e+00 0.000000e+00 0.000000e+00
      outer loop
         vertex 6.000000e+00 -1.359702e+01 1.359702e+01
         vertex 6.000000e+00 -1.344619e+01 1.276904e+01
         vertex 6.000000e+00 -1.326122e+01 1.303320e+01
      endloop
   endfacet
   facet normal 1.000000e+00 0.000000e+00 -0.000000e+00
      outer loop
         vertex 6.000000e+00 -1.326122e+01 1.303320e+01
         vertex 6.000000e+00 -1.303320e+01 1.326122e+01
         vertex 6.000000e+00 -1.359702e+01 1.359702e+01
      endloop
   endfacet
   facet normal 1.000000e+00 0.000000e+00 0.000000e+00
      outer loop
         vertex 6.000000e+00 -1.359702e+01 1.359702e+01
         vertex 6.000000e+00 -1.303320e+01 1.326122e+01
         vertex 6.000000e+00 -1.276904e+01 1.344619e+01
      endloop
   endfacet
   facet normal 1.000000e+00 0.000000e+00 0.000000e+00
      outer loop
         vertex 6.000000e+00 -1.359702e+01 1.359702e+01
         vertex 6.000000e+00 -1.276904e+01 1.344619e+01
         vertex 6.000000e+00 -1.247678e+01 1.358247e+01
      endloop
   endfacet
   facet normal 1.000000e+00 -0.000000e+00 0.000000e+00
      outer loop
         vertex 6.000000e+00 1.184404e+01 1.369404e+01
         vertex 6.000000e+00 1.216529e+01 1.366593e+01
         vertex 6.000000e+00 1.316872e+01 1.505274e+01
      endloop
   endfacet
   facet normal 1.000000e+00 0.000000e+00 0.000000e+00
      outer loop
         vertex 6.000000e+00 1.316872e+01 1.505274e+01
         vertex 6.000000e+00 1.216529e+01 1.366593e+01
         vertex 6.000000e+00 1.247678e+01 1.358247e+01
      endloop
   endfacet
   facet normal 1.000000e+00 0.000000e+00 0.000000e+00
      outer loop
         vertex 6.000000e+00 1.316872e+01 1.505274e+01
         vertex 6.000000e+00 1.247678e+01 1.358247e+01
         vertex 6.000000e+00 1.359702e+01 1.359702e+01
      endloop
   endfacet
   facet normal 1.000000e+00 0.000000e+00 0.000000e+00
      outer loop
         vertex 6.000000e+00 1.359702e+01 1.359702e+01
         vertex 6.000000e+00 1.247678e+01 1.358247e+01
         vertex 6.000000e+00 1.276904e+01 1.344619e+01
      endloop
   endfacet
   facet normal 1.000000e+00 0.000000e+00 0.000000e+00
      outer loop
         vertex 6.000000e+00 1.359702e+01 1.359702e+01
         vertex 6.000000e+00 1.276904e+01 1.344619e+01
         vertex 6.000000e+00 1.303320e+01 1.326122e+01
      endloop
   endfacet
   facet normal 1.000000e+00 -0.000000e+00 0.000000e+00
      outer loop
         vertex 6.000000e+00 1.303320e+01 1.326122e+01
         vertex 6.000000e+00 1.326122e+01 1.303320e+01
         vertex 6.000000e+00 1.359702e+01 1.359702e+01
      endloop
   endfacet
   facet normal 1.000000e+00 0.000000e+00 0.000000e+00
      outer loop
         vertex 6.000000e+00 1.359702e+01 1.359702e+01
         vertex 6.000000e+00 1.326122e+01 1.303320e+01
         vertex 6.000000e+00 1.344619e+01 1.276904e+01
      endloop
   endfacet
   facet normal 1.000000e+00 0.000000e+00 0.000000e+00
      outer loop
         vertex 6.000000e+00 1.359702e+01 1.359702e+01
         vertex 6.000000e+00 1.344619e+01 1.276904e+01
         vertex 6.000000e+00 1.358247e+01 1.247678e+01
      endloop
   endfacet
   facet normal 1.000000e+00 0.000000e+00 0.000000e+00
      outer loop
         vertex 6.000000e+00 1.152279e+01 -1.366593e+01
         vertex 6.000000e+00 1.121130e+01 -1.358247e+01
         vertex 6.000000e+00 7.247019e+00 -1.581707e+01
      endloop
   endfacet
   facet normal 1.000000e+00 0.000000e+00 0.000000e+00
      outer loop
         vertex 6.000000e+00 7.247019e+00 -1.581707e+01
         vertex 6.000000e+00 1.121130e+01 -1.358247e+01
         vertex 6.000000e+00 7.247019e+00 -1.359702e+01
      endloop
   endfacet
   facet normal 1.000000e+00 0.000000e+00 -0.000000e+00
      outer loop
         vertex 6.000000e+00 7.247019e+00 -1.581707e+01
         vertex 6.000000e+00 7.247019e+00 -1.359702e+01
         vertex 6.000000e+00 -7.247019e+00 -1.581707e+01
      endloop
   endfacet
   facet normal 1.000000e+00 0.000000e+00 0.000000e+00
      outer loop
         vertex 6.000000e+00 -7.247019e+00 -1.581707e+01
         vertex 6.000000e+00 7.247019e+00 -1.359702e+01
         vertex 6.000000e+00 -7.247019e+00 -1.359702e+01
      endloop
   endfacet
   facet normal 1.000000e+00 0.000000e+00 -0.000000e+00
      outer loop
         vertex 6.000000e+00 -7.247019e+00 -1.581707e+01
         vertex 6.000000e+00 -7.247019e+00 -1.359702e+01
         vertex 6.000000e+00 -1.121130e+01 -1.358247e+01
      endloop
   endfacet
   facet normal 1.000000e+00 -0.000000e+00 0.000000e+00
      outer loop
         vertex 6.000000e+00 -1.121130e+01 -1.358247e+01
         vertex 6.000000e+00 -7.247019e+00 -1.359702e+01
         vertex 6.000000e+00 -1.091904e+01 -1.344619e+01
      endloop
   endfacet
   facet normal 1.000000e+00 0.000000e+00 0.000000e+00
      outer loop
         vertex 6.000000e+00 -1.216529e+01 -1.366593e+01
         vertex 6.000000e+00 -1.247678e+01 -1.358247e+01
         vertex 6.000000e+00 -1.359702e+01 -1.581707e+01
      endloop
   endfacet
   facet normal 1.000000e+00 0.000000e+00 0.000000e+00
      outer loop
         vertex 6.000000e+00 -1.359702e+01 -1.581707e+01
         vertex 6.000000e+00 -1.247678e+01 -1.358247e+01
         vertex 6.000000e+00 -1.359702e+01 -1.359702e+01
      endloop
   endfacet
   facet normal 1.000000e+00 0.000000e+00 -0.000000e+00
      outer loop
         vertex 6.000000e+00 -1.359702e+01 -1.581707e+01
         vertex 6.000000e+00 -1.359702e+01 -1.359702e+01
         vertex 6.000000e+00 -1.686394e+01 -1.581707e+01
      endloop
   endfacet
   facet normal 1.000000e+00 0.000000e+00 0.000000e+00
      outer loop
         vertex 6.000000e+00 -1.686394e+01 -1.581707e+01
         vertex 6.000000e+00 -1.359702e+01 -1.359702e+01
         vertex 6.000000e+00 -1.686394e+01 -1.359702e+01
      endloop
   endfacet
   facet normal 1.000000e+00 0.000000e+00 -0.000000e+00
      outer loop
         vertex 6.000000e+00 -1.686394e+01 -1.581707e+01
         vertex 6.000000e+00 -1.686394e+01 -1.359702e+01
         vertex 6.000000e+00 -1.842636e+01 -1.581707e+01
      endloop
   endfacet
   facet normal 1.000000e+00 0.000000e+00 -0.000000e+00
      outer loop
         vertex 6.000000e+00 -1.842636e+01 -1.581707e+01
         vertex 6.000000e+00 -1.686394e+01 -1.359702e+01
         vertex 6.000000e+00 -1.866316e+01 -1.359702e+01
      endloop
   endfacet
   facet normal -1.000000e+00 -0.000000e+00 0.000000e+00
      outer loop
         vertex -6.000000e+00 -2.250000e+00 -9.510288e+01
         vertex -6.000000e+00 -2.892544e+00 -9.555280e+01
         vertex -6.000000e+00 -1.988719e+01 -2.121212e+00
      endloop
   endfacet
   facet normal -1.000000e+00 0.000000e+00 0.000000e+00
      outer loop
         vertex -6.000000e+00 -1.100000e+01 -2.020667e-15
         vertex -6.000000e+00 -1.997143e+01 1.068675e+00
         vertex -6.000000e+00 -1.083289e+01 1.910130e+00
      endloop
   endfacet
   facet normal -1.000000e+00 -0.000000e+00 0.000000e+00
      outer loop
         vertex -6.000000e+00 -1.083289e+01 1.910130e+00
         vertex -6.000000e+00 -1.997143e+01 1.068675e+00
         vertex -6.000000e+00 -1.954727e+01 4.231358e+00
      endloop
   endfacet
   facet normal -1.000000e+00 0.000000e+00 0.000000e+00
      outer loop
         vertex -6.000000e+00 -1.083289e+01 1.910130e+00
         vertex -6.000000e+00 -1.954727e+01 4.231358e+00
         vertex -6.000000e+00 -1.033662e+01 3.762222e+00
      endloop
   endfacet
   facet normal -1.000000e+00 0.000000e+00 0.000000e+00
      outer loop
         vertex -6.000000e+00 -1.033662e+01 3.762222e+00
         vertex -6.000000e+00 -1.954727e+01 4.231358e+00
         vertex -6.000000e+00 -1.862551e+01 7.286327e+00
      endloop
   endfacet
   facet normal -1.000000e+00 0.000000e+00 0.000000e+00
      outer loop
         vertex -6.000000e+00 -1.033662e+01 3.762222e+00
         vertex -6.000000e+00 -1.862551e+01 7.286327e+00
         vertex -6.000000e+00 -9.526280e+00 5.500000e+00
      endloop
   endfacet
   facet normal -1.000000e+00 0.000000e+00 0.000000e+00
      outer loop
         vertex -6.000000e+00 -9.526280e+00 5.500000e+00
         vertex -6.000000e+00 -1.862551e+01 7.286327e+00
         vertex -6.000000e+00 -1.722961e+01 1.015581e+01
      endloop
   endfacet
   facet normal -1.000000e+00 0.000000e+00 0.000000e+00
      outer loop
         vertex -6.000000e+00 -9.526280e+00 5.500000e+00
         vertex -6.000000e+00 -1.722961e+01 1.015581e+01
         vertex -6.000000e+00 -8.426489e+00 7.070664e+00
      endloop
   endfacet
   facet normal -1.000000e+00 0.000000e+00 0.000000e+00
      outer loop
         vertex -6.000000e+00 -8.426489e+00 7.070664e+00
         vertex -6.000000e+00 -1.722961e+01 1.015581e+01
         vertex -6.000000e+00 -1.539511e+01 1.276677e+01
      endloop
   endfacet
   facet normal -1.000000e+00 0.000000e+00 0.000000e+00
      outer loop
         vertex -6.000000e+00 -8.426489e+00 7.070664e+00
         vertex -6.000000e+00 -1.539511e+01 1.276677e+01
         vertex -6.000000e+00 -7.070664e+00 8.426489e+00
      endloop
   endfacet
   facet normal -1.000000e+00 0.000000e+00 0.000000e+00
      outer loop
         vertex -6.000000e+00 -7.070664e+00 8.426489e+00
         vertex -6.000000e+00 -1.539511e+01 1.276677e+01
         vertex -6.000000e+00 -1.316872e+01 1.505274e+01
      endloop
   endfacet
   facet normal -1.000000e+00 0.000000e+00 0.000000e+00
      outer loop
         vertex -6.000000e+00 -7.070664e+00 8.426489e+00
         vertex -6.000000e+00 -1.316872e+01 1.505274e+01
         vertex -6.000000e+00 -5.500000e+00 9.526280e+00
      endloop
   endfacet
   facet normal -1.000000e+00 0.000000e+00 0.000000e+00
      outer loop
         vertex -6.000000e+00 -5.500000e+00 9.526280e+00
         vertex -6.000000e+00 -1.316872e+01 1.505274e+01
         vertex -6.000000e+00 -1.060709e+01 1.695552e+01
      endloop
   endfacet
   facet normal -1.000000e+00 0.000000e+00 0.000000e+00
      outer loop
         vertex -6.000000e+00 -5.500000e+00 9.526280e+00
         vertex -6.000000e+00 -1.060709e+01 1.695552e+01
         vertex -6.000000e+00 -3.762222e+00 1.033662e+01
      endloop
   endfacet
   facet normal -1.000000e+00 0.000000e+00 0.000000e+00
      outer loop
         vertex -6.000000e+00 -3.762222e+00 1.033662e+01
         vertex -6.000000e+00 -1.060709e+01 1.695552e+01
         vertex -6.000000e+00 -7.775456e+00 1.842667e+01
      endloop
   endfacet
   facet normal -1.000000e+00 0.000000e+00 0.000000e+00
      outer loop
         vertex -6.000000e+00 -3.762222e+00 1.033662e+01
         vertex -6.000000e+00 -7.775456e+00 1.842667e+01
         vertex -6.000000e+00 -1.910130e+00 1.083289e+01
      endloop
   endfacet
   facet normal -1.000000e+00 0.000000e+00 0.000000e+00
      outer loop
         vertex -6.000000e+00 -1.083289e+01 -1.910130e+00
         vertex -6.000000e+00 0.000000e+00 -9.450000e+01
         vertex -6.000000e+00 -7.814168e-01 -9.456836e+01
      endloop
   endfacet
   facet normal -1.000000e+00 -0.000000e+00 0.000000e+00
      outer loop
         vertex -6.000000e+00 -2.892544e+00 -9.555280e+01
         vertex -6.000000e+00 -3.447200e+00 -9.610745e+01
         vertex -6.000000e+00 -1.988719e+01 -2.121212e+00
      endloop
   endfacet
   facet normal -1.000000e+00 0.000000e+00 0.000000e+00
      outer loop
         vertex -6.000000e+00 -1.988719e+01 -2.121212e+00
         vertex -6.000000e+00 -3.447200e+00 -9.610745e+01
         vertex -6.000000e+00 -3.897114e+00 -9.675000e+01
      endloop
   endfacet
   facet normal -1.000000e+00 0.000000e+00 0.000000e+00
      outer loop
         vertex -6.000000e+00 -1.988719e+01 -2.121212e+00
         vertex -6.000000e+00 -3.897114e+00 -9.675000e+01
         vertex -6.000000e+00 -9.446417e+00 -1.000076e+02
      endloop
   endfacet
   facet normal -1.000000e+00 0.000000e+00 0.000000e+00
      outer loop
         vertex -6.000000e+00 -9.446417e+00 -1.000076e+02
         vertex -6.000000e+00 -3.897114e+00 -9.675000e+01
         vertex -6.000000e+00 -4.228617e+00 -9.746091e+01
      endloop
   endfacet
   facet normal -1.000000e+00 0.000000e+00 0.000000e+00
      outer loop
         vertex -6.000000e+00 -9.446417e+00 -1.000076e+02
         vertex -6.000000e+00 -4.228617e+00 -9.746091e+01
         vertex -6.000000e+00 -4.431635e+00 -9.821858e+01
      endloop
   endfacet
   facet normal -1.000000e+00 -0.000000e+00 -0.000000e+00
      outer loop
         vertex -6.000000e+00 -1.100000e+01 -2.020667e-15
         vertex -6.000000e+00 -1.083289e+01 -1.910130e+00
         vertex -6.000000e+00 -1.997143e+01 1.068675e+00
      endloop
   endfacet
   facet normal -1.000000e+00 0.000000e+00 0.000000e+00
      outer loop
         vertex -6.000000e+00 -1.997143e+01 1.068675e+00
         vertex -6.000000e+00 -1.083289e+01 -1.910130e+00
         vertex -6.000000e+00 -7.814168e-01 -9.456836e+01
      endloop
   endfacet
   facet normal -1.000000e+00 0.000000e+00 0.000000e+00
      outer loop
         vertex -6.000000e+00 -1.997143e+01 1.068675e+00
         vertex -6.000000e+00 -7.814168e-01 -9.456836e+01
         vertex -6.000000e+00 -1.988719e+01 -2.121212e+00
      endloop
   endfacet
   facet normal -1.000000e+00 0.000000e+00 0.000000e+00
      outer loop
         vertex -6.000000e+00 -1.988719e+01 -2.121212e+00
         vertex -6.000000e+00 -7.814168e-01 -9.456836e+01
         vertex -6.000000e+00 -1.539091e+00 -9.477139e+01
      endloop
   endfacet
   facet normal -1.000000e+00 0.000000e+00 0.000000e+00
      outer loop
         vertex -6.000000e+00 -1.988719e+01 -2.121212e+00
         vertex -6.000000e+00 -1.539091e+00 -9.477139e+01
         vertex -6.000000e+00 -2.250000e+00 -9.510288e+01
      endloop
   endfacet
   facet normal -1.000000e+00 0.000000e+00 0.000000e+00
      outer loop
         vertex -6.000000e+00 3.447200e+00 -9.610745e+01
         vertex -6.000000e+00 2.892544e+00 -9.555280e+01
         vertex -6.000000e+00 1.988719e+01 -2.121212e+00
      endloop
   endfacet
   facet normal -1.000000e+00 0.000000e+00 0.000000e+00
      outer loop
         vertex -6.000000e+00 1.988719e+01 -2.121212e+00
         vertex -6.000000e+00 2.892544e+00 -9.555280e+01
         vertex -6.000000e+00 2.250000e+00 -9.510288e+01
      endloop
   endfacet
   facet normal -1.000000e+00 0.000000e+00 0.000000e+00
      outer loop
         vertex -6.000000e+00 1.988719e+01 -2.121212e+00
         vertex -6.000000e+00 2.250000e+00 -9.510288e+01
         vertex -6.000000e+00 1.539091e+00 -9.477139e+01
      endloop
   endfacet
   facet normal -1.000000e+00 0.000000e+00 0.000000e+00
      outer loop
         vertex -6.000000e+00 -4.431635e+00 -9.821858e+01
         vertex -6.000000e+00 -4.500000e+00 -9.900000e+01
         vertex -6.000000e+00 -9.446417e+00 -1.000076e+02
      endloop
   endfacet
   facet normal -1.000000e+00 0.000000e+00 0.000000e+00
      outer loop
         vertex -6.000000e+00 -9.446417e+00 -1.000076e+02
         vertex -6.000000e+00 -4.500000e+00 -9.900000e+01
         vertex -6.000000e+00 -4.431635e+00 -9.978142e+01
      endloop
   endfacet
   facet normal -1.000000e+00 0.000000e+00 0.000000e+00
      outer loop
         vertex -6.000000e+00 -9.446417e+00 -1.000076e+02
         vertex -6.000000e+00 -4.431635e+00 -9.978142e+01
         vertex -6.000000e+00 -9.133801e+00 -1.016122e+02
      endloop
   endfacet
   facet normal -1.000000e+00 0.000000e+00 0.000000e+00
      outer loop
         vertex -6.000000e+00 -9.133801e+00 -1.016122e+02
         vertex -6.000000e+00 -4.431635e+00 -9.978142e+01
         vertex -6.000000e+00 -4.228617e+00 -1.005391e+02
      endloop
   endfacet
   facet normal -1.000000e+00 0.000000e+00 0.000000e+00
      outer loop
         vertex -6.000000e+00 -9.133801e+00 -1.016122e+02
         vertex -6.000000e+00 -4.228617e+00 -1.005391e+02
         vertex -6.000000e+00 -8.550703e+00 -1.031395e+02
      endloop
   endfacet
   facet normal -1.000000e+00 0.000000e+00 0.000000e+00
      outer loop
         vertex -6.000000e+00 -8.550703e+00 -1.031395e+02
         vertex -6.000000e+00 -4.228617e+00 -1.005391e+02
         vertex -6.000000e+00 -3.897114e+00 -1.012500e+02
      endloop
   endfacet
   facet normal -1.000000e+00 0.000000e+00 0.000000e+00
      outer loop
         vertex -6.000000e+00 -8.550703e+00 -1.031395e+02
         vertex -6.000000e+00 -3.897114e+00 -1.012500e+02
         vertex -6.000000e+00 -7.714389e+00 -1.045442e+02
      endloop
   endfacet
   facet normal -1.000000e+00 0.000000e+00 0.000000e+00
      outer loop
         vertex -6.000000e+00 -7.714389e+00 -1.045442e+02
         vertex -6.000000e+00 -3.897114e+00 -1.012500e+02
         vertex -6.000000e+00 -3.447200e+00 -1.018925e+02
      endloop
   endfacet
   facet normal -1.000000e+00 0.000000e+00 0.000000e+00
      outer loop
         vertex -6.000000e+00 -7.714389e+00 -1.045442e+02
         vertex -6.000000e+00 -3.447200e+00 -1.018925e+02
         vertex -6.000000e+00 -6.649627e+00 -1.057847e+02
      endloop
   endfacet
   facet normal -1.000000e+00 0.000000e+00 0.000000e+00
      outer loop
         vertex -6.000000e+00 -6.649627e+00 -1.057847e+02
         vertex -6.000000e+00 -3.447200e+00 -1.018925e+02
         vertex -6.000000e+00 -2.892544e+00 -1.024472e+02
      endloop
   endfacet
   facet normal -1.000000e+00 0.000000e+00 0.000000e+00
      outer loop
         vertex -6.000000e+00 -6.649627e+00 -1.057847e+02
         vertex -6.000000e+00 -2.892544e+00 -1.024472e+02
         vertex -6.000000e+00 -5.387947e+00 -1.068243e+02
      endloop
   endfacet
   facet normal -1.000000e+00 0.000000e+00 0.000000e+00
      outer loop
         vertex -6.000000e+00 -5.387947e+00 -1.068243e+02
         vertex -6.000000e+00 -2.892544e+00 -1.024472e+02
         vertex -6.000000e+00 -2.250000e+00 -1.028971e+02
      endloop
   endfacet
   facet normal -1.000000e+00 0.000000e+00 0.000000e+00
      outer loop
         vertex -6.000000e+00 -5.387947e+00 -1.068243e+02
         vertex -6.000000e+00 -2.250000e+00 -1.028971e+02
         vertex -6.000000e+00 -3.966712e+00 -1.076322e+02
      endloop
   endfacet
   facet normal -1.000000e+00 0.000000e+00 0.000000e+00
      outer loop
         vertex -6.000000e+00 -3.966712e+00 -1.076322e+02
         vertex -6.000000e+00 -2.250000e+00 -1.028971e+02
         vertex -6.000000e+00 -1.539091e+00 -1.032286e+02
      endloop
   endfacet
   facet normal -1.000000e+00 0.000000e+00 0.000000e+00
      outer loop
         vertex -6.000000e+00 -3.966712e+00 -1.076322e+02
         vertex -6.000000e+00 -1.539091e+00 -1.032286e+02
         vertex -6.000000e+00 -2.428009e+00 -1.081845e+02
      endloop
   endfacet
   facet normal -1.000000e+00 0.000000e+00 0.000000e+00
      outer loop
         vertex -6.000000e+00 -2.428009e+00 -1.081845e+02
         vertex -6.000000e+00 -1.539091e+00 -1.032286e+02
         vertex -6.000000e+00 -7.814168e-01 -1.034316e+02
      endloop
   endfacet
   facet normal -1.000000e+00 0.000000e+00 0.000000e+00
      outer loop
         vertex -6.000000e+00 -2.428009e+00 -1.081845e+02
         vertex -6.000000e+00 -7.814168e-01 -1.034316e+02
         vertex -6.000000e+00 -8.174051e-01 -1.084648e+02
      endloop
   endfacet
   facet normal -1.000000e+00 0.000000e+00 0.000000e+00
      outer loop
         vertex -6.000000e+00 -8.174051e-01 -1.084648e+02
         vertex -6.000000e+00 -7.814168e-01 -1.034316e+02
         vertex -6.000000e+00 5.510910e-16 -1.035000e+02
      endloop
   endfacet
   facet normal -1.000000e+00 0.000000e+00 0.000000e+00
      outer loop
         vertex -6.000000e+00 -8.174051e-01 -1.084648e+02
         vertex -6.000000e+00 5.510910e-16 -1.035000e+02
         vertex -6.000000e+00 8.174051e-01 -1.084648e+02
      endloop
   endfacet
   facet normal -1.000000e+00 0.000000e+00 0.000000e+00
      outer loop
         vertex -6.000000e+00 -1.083289e+01 -1.910130e+00
         vertex -6.000000e+00 -1.033662e+01 -3.762222e+00
         vertex -6.000000e+00 0.000000e+00 -9.450000e+01
      endloop
   endfacet
   facet normal -1.000000e+00 0.000000e+00 0.000000e+00
      outer loop
         vertex -6.000000e+00 0.000000e+00 -9.450000e+01
         vertex -6.000000e+00 -1.033662e+01 -3.762222e+00
         vertex -6.000000e+00 -9.526280e+00 -5.500000e+00
      endloop
   endfacet
   facet normal -1.000000e+00 0.000000e+00 0.000000e+00
      outer loop
         vertex -6.000000e+00 0.000000e+00 -9.450000e+01
         vertex -6.000000e+00 -9.526280e+00 -5.500000e+00
         vertex -6.000000e+00 -8.426489e+00 -7.070664e+00
      endloop
   endfacet
   facet normal -1.000000e+00 0.000000e+00 0.000000e+00
      outer loop
         vertex -6.000000e+00 8.174051e-01 -1.084648e+02
         vertex -6.000000e+00 5.510910e-16 -1.035000e+02
         vertex -6.000000e+00 2.428009e+00 -1.081845e+02
      endloop
   endfacet
   facet normal -1.000000e+00 0.000000e+00 0.000000e+00
      outer loop
         vertex -6.000000e+00 2.428009e+00 -1.081845e+02
         vertex -6.000000e+00 5.510910e-16 -1.035000e+02
         vertex -6.000000e+00 7.814168e-01 -1.034316e+02
      endloop
   endfacet
   facet normal -1.000000e+00 0.000000e+00 0.000000e+00
      outer loop
         vertex -6.000000e+00 2.428009e+00 -1.081845e+02
         vertex -6.000000e+00 7.814168e-01 -1.034316e+02
         vertex -6.000000e+00 3.966712e+00 -1.076322e+02
      endloop
   endfacet
   facet normal -1.000000e+00 0.000000e+00 0.000000e+00
      outer loop
         vertex -6.000000e+00 3.966712e+00 -1.076322e+02
         vertex -6.000000e+00 7.814168e-01 -1.034316e+02
         vertex -6.000000e+00 1.539091e+00 -1.032286e+02
      endloop
   endfacet
   facet normal -1.000000e+00 0.000000e+00 0.000000e+00
      outer loop
         vertex -6.000000e+00 3.966712e+00 -1.076322e+02
         vertex -6.000000e+00 1.539091e+00 -1.032286e+02
         vertex -6.000000e+00 5.387947e+00 -1.068243e+02
      endloop
   endfacet
   facet normal -1.000000e+00 0.000000e+00 0.000000e+00
      outer loop
         vertex -6.000000e+00 5.387947e+00 -1.068243e+02
         vertex -6.000000e+00 1.539091e+00 -1.032286e+02
         vertex -6.000000e+00 2.250000e+00 -1.028971e+02
      endloop
   endfacet
   facet normal -1.000000e+00 0.000000e+00 0.000000e+00
      outer loop
         vertex -6.000000e+00 5.387947e+00 -1.068243e+02
         vertex -6.000000e+00 2.250000e+00 -1.028971e+02
         vertex -6.000000e+00 6.649627e+00 -1.057847e+02
      endloop
   endfacet
   facet normal -1.000000e+00 0.000000e+00 0.000000e+00
      outer loop
         vertex -6.000000e+00 6.649627e+00 -1.057847e+02
         vertex -6.000000e+00 2.250000e+00 -1.028971e+02
         vertex -6.000000e+00 2.892544e+00 -1.024472e+02
      endloop
   endfacet
   facet normal -1.000000e+00 0.000000e+00 0.000000e+00
      outer loop
         vertex -6.000000e+00 6.649627e+00 -1.057847e+02
         vertex -6.000000e+00 2.892544e+00 -1.024472e+02
         vertex -6.000000e+00 7.714389e+00 -1.045442e+02
      endloop
   endfacet
   facet normal -1.000000e+00 0.000000e+00 0.000000e+00
      outer loop
         vertex -6.000000e+00 7.714389e+00 -1.045442e+02
         vertex -6.000000e+00 2.892544e+00 -1.024472e+02
         vertex -6.000000e+00 3.447200e+00 -1.018925e+02
      endloop
   endfacet
   facet normal -1.000000e+00 0.000000e+00 0.000000e+00
      outer loop
         vertex -6.000000e+00 7.714389e+00 -1.045442e+02
         vertex -6.000000e+00 3.447200e+00 -1.018925e+02
         vertex -6.000000e+00 8.550703e+00 -1.031395e+02
      endloop
   endfacet
   facet normal -1.000000e+00 0.000000e+00 0.000000e+00
      outer loop
         vertex -6.000000e+00 8.550703e+00 -1.031395e+02
         vertex -6.000000e+00 3.447200e+00 -1.018925e+02
         vertex -6.000000e+00 3.897114e+00 -1.012500e+02
      endloop
   endfacet
   facet normal -1.000000e+00 0.000000e+00 0.000000e+00
      outer loop
         vertex -6.000000e+00 8.550703e+00 -1.031395e+02
         vertex -6.000000e+00 3.897114e+00 -1.012500e+02
         vertex -6.000000e+00 9.133801e+00 -1.016122e+02
      endloop
   endfacet
   facet normal -1.000000e+00 0.000000e+00 0.000000e+00
      outer loop
         vertex -6.000000e+00 9.133801e+00 -1.016122e+02
         vertex -6.000000e+00 3.897114e+00 -1.012500e+02
         vertex -6.000000e+00 4.228617e+00 -1.005391e+02
      endloop
   endfacet
   facet normal -1.000000e+00 0.000000e+00 0.000000e+00
      outer loop
         vertex -6.000000e+00 9.133801e+00 -1.016122e+02
         vertex -6.000000e+00 4.228617e+00 -1.005391e+02
         vertex -6.000000e+00 9.446417e+00 -1.000076e+02
      endloop
   endfacet
   facet normal -1.000000e+00 -0.000000e+00 0.000000e+00
      outer loop
         vertex -6.000000e+00 9.446417e+00 -1.000076e+02
         vertex -6.000000e+00 4.228617e+00 -1.005391e+02
         vertex -6.000000e+00 4.431635e+00 -9.978142e+01
      endloop
   endfacet
   facet normal -1.000000e+00 0.000000e+00 0.000000e+00
      outer loop
         vertex -6.000000e+00 9.446417e+00 -1.000076e+02
         vertex -6.000000e+00 4.431635e+00 -9.978142e+01
         vertex -6.000000e+00 4.500000e+00 -9.900000e+01
      endloop
   endfacet
   facet normal -1.000000e+00 0.000000e+00 0.000000e+00
      outer loop
         vertex -6.000000e+00 -8.426489e+00 -7.070664e+00
         vertex -6.000000e+00 -7.070664e+00 -8.426489e+00
         vertex -6.000000e+00 0.000000e+00 -9.450000e+01
      endloop
   endfacet
   facet normal -1.000000e+00 0.000000e+00 0.000000e+00
      outer loop
         vertex -6.000000e+00 0.000000e+00 -9.450000e+01
         vertex -6.000000e+00 -7.070664e+00 -8.426489e+00
         vertex -6.000000e+00 -5.500000e+00 -9.526280e+00
      endloop
   endfacet
   facet normal -1.000000e+00 0.000000e+00 0.000000e+00
      outer loop
         vertex -6.000000e+00 0.000000e+00 -9.450000e+01
         vertex -6.000000e+00 -5.500000e+00 -9.526280e+00
         vertex -6.000000e+00 -3.762222e+00 -1.033662e+01
      endloop
   endfacet
   facet normal -1.000000e+00 0.000000e+00 0.000000e+00
      outer loop
         vertex -6.000000e+00 4.500000e+00 -9.900000e+01
         vertex -6.000000e+00 4.431635e+00 -9.821858e+01
         vertex -6.000000e+00 9.446417e+00 -1.000076e+02
      endloop
   endfacet
   facet normal -1.000000e+00 0.000000e+00 0.000000e+00
      outer loop
         vertex -6.000000e+00 9.446417e+00 -1.000076e+02
         vertex -6.000000e+00 4.431635e+00 -9.821858e+01
         vertex -6.000000e+00 4.228617e+00 -9.746091e+01
      endloop
   endfacet
   facet normal -1.000000e+00 0.000000e+00 0.000000e+00
      outer loop
         vertex -6.000000e+00 9.446417e+00 -1.000076e+02
         vertex -6.000000e+00 4.228617e+00 -9.746091e+01
         vertex -6.000000e+00 1.988719e+01 -2.121212e+00
      endloop
   endfacet
   facet normal -1.000000e+00 0.000000e+00 0.000000e+00
      outer loop
         vertex -6.000000e+00 1.988719e+01 -2.121212e+00
         vertex -6.000000e+00 4.228617e+00 -9.746091e+01
         vertex -6.000000e+00 3.897114e+00 -9.675000e+01
      endloop
   endfacet
   facet normal -1.000000e+00 0.000000e+00 0.000000e+00
      outer loop
         vertex -6.000000e+00 1.988719e+01 -2.121212e+00
         vertex -6.000000e+00 3.897114e+00 -9.675000e+01
         vertex -6.000000e+00 3.447200e+00 -9.610745e+01
      endloop
   endfacet
   facet normal -1.000000e+00 0.000000e+00 -0.000000e+00
      outer loop
         vertex -6.000000e+00 5.500000e+00 -9.526280e+00
         vertex -6.000000e+00 7.070664e+00 -8.426489e+00
         vertex -6.000000e+00 1.539091e+00 -9.477139e+01
      endloop
   endfacet
   facet normal -1.000000e+00 0.000000e+00 0.000000e+00
      outer loop
         vertex -6.000000e+00 1.539091e+00 -9.477139e+01
         vertex -6.000000e+00 7.070664e+00 -8.426489e+00
         vertex -6.000000e+00 8.426489e+00 -7.070664e+00
      endloop
   endfacet
   facet normal -1.000000e+00 0.000000e+00 0.000000e+00
      outer loop
         vertex -6.000000e+00 1.539091e+00 -9.477139e+01
         vertex -6.000000e+00 8.426489e+00 -7.070664e+00
         vertex -6.000000e+00 1.988719e+01 -2.121212e+00
      endloop
   endfacet
   facet normal -1.000000e+00 0.000000e+00 0.000000e+00
      outer loop
         vertex -6.000000e+00 1.988719e+01 -2.121212e+00
         vertex -6.000000e+00 8.426489e+00 -7.070664e+00
         vertex -6.000000e+00 9.526280e+00 -5.500000e+00
      endloop
   endfacet
   facet normal -1.000000e+00 0.000000e+00 0.000000e+00
      outer loop
         vertex -6.000000e+00 -7.775456e+00 1.842667e+01
         vertex -6.000000e+00 -4.745884e+00 1.942876e+01
         vertex -6.000000e+00 -1.910130e+00 1.083289e+01
      endloop
   endfacet
   facet normal -1.000000e+00 0.000000e+00 0.000000e+00
      outer loop
         vertex -6.000000e+00 -1.910130e+00 1.083289e+01
         vertex -6.000000e+00 -4.745884e+00 1.942876e+01
         vertex -6.000000e+00 -1.595500e+00 1.993626e+01
      endloop
   endfacet
   facet normal -1.000000e+00 0.000000e+00 0.000000e+00
      outer loop
         vertex -6.000000e+00 -1.910130e+00 1.083289e+01
         vertex -6.000000e+00 -1.595500e+00 1.993626e+01
         vertex -6.000000e+00 0.000000e+00 1.100000e+01
      endloop
   endfacet
   facet normal -1.000000e+00 0.000000e+00 0.000000e+00
      outer loop
         vertex -6.000000e+00 0.000000e+00 1.100000e+01
         vertex -6.000000e+00 -1.595500e+00 1.993626e+01
         vertex -6.000000e+00 1.595500e+00 1.993626e+01
      endloop
   endfacet
   facet normal -1.000000e+00 0.000000e+00 0.000000e+00
      outer loop
         vertex -6.000000e+00 0.000000e+00 1.100000e+01
         vertex -6.000000e+00 1.595500e+00 1.993626e+01
         vertex -6.000000e+00 1.910130e+00 1.083289e+01
      endloop
   endfacet
   facet normal -1.000000e+00 0.000000e+00 0.000000e+00
      outer loop
         vertex -6.000000e+00 1.910130e+00 1.083289e+01
         vertex -6.000000e+00 1.595500e+00 1.993626e+01
         vertex -6.000000e+00 4.745884e+00 1.942876e+01
      endloop
   endfacet
   facet normal -1.000000e+00 0.000000e+00 0.000000e+00
      outer loop
         vertex -6.000000e+00 1.910130e+00 1.083289e+01
         vertex -6.000000e+00 4.745884e+00 1.942876e+01
         vertex -6.000000e+00 3.762222e+00 1.033662e+01
      endloop
   endfacet
   facet normal -1.000000e+00 0.000000e+00 0.000000e+00
      outer loop
         vertex -6.000000e+00 3.762222e+00 1.033662e+01
         vertex -6.000000e+00 4.745884e+00 1.942876e+01
         vertex -6.000000e+00 7.775456e+00 1.842667e+01
      endloop
   endfacet
   facet normal -1.000000e+00 0.000000e+00 0.000000e+00
      outer loop
         vertex -6.000000e+00 3.762222e+00 1.033662e+01
         vertex -6.000000e+00 7.775456e+00 1.842667e+01
         vertex -6.000000e+00 5.500000e+00 9.526280e+00
      endloop
   endfacet
   facet normal -1.000000e+00 0.000000e+00 0.000000e+00
      outer loop
         vertex -6.000000e+00 5.500000e+00 9.526280e+00
         vertex -6.000000e+00 7.775456e+00 1.842667e+01
         vertex -6.000000e+00 1.060709e+01 1.695552e+01
      endloop
   endfacet
   facet normal -1.000000e+00 0.000000e+00 0.000000e+00
      outer loop
         vertex -6.000000e+00 5.500000e+00 9.526280e+00
         vertex -6.000000e+00 1.060709e+01 1.695552e+01
         vertex -6.000000e+00 7.070664e+00 8.426489e+00
      endloop
   endfacet
   facet normal -1.000000e+00 0.000000e+00 0.000000e+00
      outer loop
         vertex -6.000000e+00 7.070664e+00 8.426489e+00
         vertex -6.000000e+00 1.060709e+01 1.695552e+01
         vertex -6.000000e+00 1.316872e+01 1.505274e+01
      endloop
   endfacet
   facet normal -1.000000e+00 0.000000e+00 0.000000e+00
      outer loop
         vertex -6.000000e+00 7.070664e+00 8.426489e+00
         vertex -6.000000e+00 1.316872e+01 1.505274e+01
         vertex -6.000000e+00 8.426489e+00 7.070664e+00
      endloop
   endfacet
   facet normal -1.000000e+00 0.000000e+00 0.000000e+00
      outer loop
         vertex -6.000000e+00 8.426489e+00 7.070664e+00
         vertex -6.000000e+00 1.316872e+01 1.505274e+01
         vertex -6.000000e+00 1.539511e+01 1.276677e+01
      endloop
   endfacet
   facet normal -1.000000e+00 0.000000e+00 0.000000e+00
      outer loop
         vertex -6.000000e+00 8.426489e+00 7.070664e+00
         vertex -6.000000e+00 1.539511e+01 1.276677e+01
         vertex -6.000000e+00 9.526280e+00 5.500000e+00
      endloop
   endfacet
   facet normal -1.000000e+00 0.000000e+00 0.000000e+00
      outer loop
         vertex -6.000000e+00 9.526280e+00 5.500000e+00
         vertex -6.000000e+00 1.539511e+01 1.276677e+01
         vertex -6.000000e+00 1.722961e+01 1.015581e+01
      endloop
   endfacet
   facet normal -1.000000e+00 0.000000e+00 0.000000e+00
      outer loop
         vertex -6.000000e+00 9.526280e+00 5.500000e+00
         vertex -6.000000e+00 1.722961e+01 1.015581e+01
         vertex -6.000000e+00 1.033662e+01 3.762222e+00
      endloop
   endfacet
   facet normal -1.000000e+00 0.000000e+00 0.000000e+00
      outer loop
         vertex -6.000000e+00 1.033662e+01 3.762222e+00
         vertex -6.000000e+00 1.722961e+01 1.015581e+01
         vertex -6.000000e+00 1.862551e+01 7.286327e+00
      endloop
   endfacet
   facet normal -1.000000e+00 0.000000e+00 0.000000e+00
      outer loop
         vertex -6.000000e+00 1.033662e+01 3.762222e+00
         vertex -6.000000e+00 1.862551e+01 7.286327e+00
         vertex -6.000000e+00 1.083289e+01 1.910130e+00
      endloop
   endfacet
   facet normal -1.000000e+00 0.000000e+00 0.000000e+00
      outer loop
         vertex -6.000000e+00 1.083289e+01 1.910130e+00
         vertex -6.000000e+00 1.862551e+01 7.286327e+00
         vertex -6.000000e+00 1.954727e+01 4.231358e+00
      endloop
   endfacet
   facet normal -1.000000e+00 0.000000e+00 0.000000e+00
      outer loop
         vertex -6.000000e+00 1.083289e+01 1.910130e+00
         vertex -6.000000e+00 1.954727e+01 4.231358e+00
         vertex -6.000000e+00 1.100000e+01 6.735558e-16
      endloop
   endfacet
   facet normal -1.000000e+00 0.000000e+00 0.000000e+00
      outer loop
         vertex -6.000000e+00 1.100000e+01 6.735558e-16
         vertex -6.000000e+00 1.954727e+01 4.231358e+00
         vertex -6.000000e+00 1.997143e+01 1.068675e+00
      endloop
   endfacet
   facet normal -1.000000e+00 0.000000e+00 -0.000000e+00
      outer loop
         vertex -6.000000e+00 1.100000e+01 6.735558e-16
         vertex -6.000000e+00 1.997143e+01 1.068675e+00
         vertex -6.000000e+00 1.083289e+01 -1.910130e+00
      endloop
   endfacet
   facet normal -1.000000e+00 0.000000e+00 0.000000e+00
      outer loop
         vertex -6.000000e+00 1.083289e+01 -1.910130e+00
         vertex -6.000000e+00 1.997143e+01 1.068675e+00
         vertex -6.000000e+00 1.988719e+01 -2.121212e+00
      endloop
   endfacet
   facet normal -1.000000e+00 0.000000e+00 -0.000000e+00
      outer loop
         vertex -6.000000e+00 1.083289e+01 -1.910130e+00
         vertex -6.000000e+00 1.988719e+01 -2.121212e+00
         vertex -6.000000e+00 1.033662e+01 -3.762222e+00
      endloop
   endfacet
   facet normal -1.000000e+00 0.000000e+00 -0.000000e+00
      outer loop
         vertex -6.000000e+00 1.033662e+01 -3.762222e+00
         vertex -6.000000e+00 1.988719e+01 -2.121212e+00
         vertex -6.000000e+00 9.526280e+00 -5.500000e+00
      endloop
   endfacet
   facet normal -1.000000e+00 0.000000e+00 0.000000e+00
      outer loop
         vertex -6.000000e+00 -3.762222e+00 -1.033662e+01
         vertex -6.000000e+00 -1.910130e+00 -1.083289e+01
         vertex -6.000000e+00 0.000000e+00 -9.450000e+01
      endloop
   endfacet
   facet normal -1.000000e+00 0.000000e+00 0.000000e+00
      outer loop
         vertex -6.000000e+00 0.000000e+00 -9.450000e+01
         vertex -6.000000e+00 -1.910130e+00 -1.083289e+01
         vertex -6.000000e+00 1.347112e-15 -1.100000e+01
      endloop
   endfacet
   facet normal -1.000000e+00 0.000000e+00 0.000000e+00
      outer loop
         vertex -6.000000e+00 0.000000e+00 -9.450000e+01
         vertex -6.000000e+00 1.347112e-15 -1.100000e+01
         vertex -6.000000e+00 7.814168e-01 -9.456836e+01
      endloop
   endfacet
   facet normal -1.000000e+00 0.000000e+00 0.000000e+00
      outer loop
         vertex -6.000000e+00 7.814168e-01 -9.456836e+01
         vertex -6.000000e+00 1.347112e-15 -1.100000e+01
         vertex -6.000000e+00 1.910130e+00 -1.083289e+01
      endloop
   endfacet
   facet normal -1.000000e+00 0.000000e+00 0.000000e+00
      outer loop
         vertex -6.000000e+00 7.814168e-01 -9.456836e+01
         vertex -6.000000e+00 1.910130e+00 -1.083289e+01
         vertex -6.000000e+00 1.539091e+00 -9.477139e+01
      endloop
   endfacet
   facet normal -1.000000e+00 0.000000e+00 0.000000e+00
      outer loop
         vertex -6.000000e+00 1.539091e+00 -9.477139e+01
         vertex -6.000000e+00 1.910130e+00 -1.083289e+01
         vertex -6.000000e+00 3.762222e+00 -1.033662e+01
      endloop
   endfacet
   facet normal -1.000000e+00 0.000000e+00 0.000000e+00
      outer loop
         vertex -6.000000e+00 1.539091e+00 -9.477139e+01
         vertex -6.000000e+00 3.762222e+00 -1.033662e+01
         vertex -6.000000e+00 5.500000e+00 -9.526280e+00
      endloop
   endfacet
   facet normal 0.000000e+00 9.996515e-01 -2.639797e-02
      outer loop
         vertex 2.000000e+00 2.088155e+01 -2.227273e+00
         vertex -2.000000e+00 2.088155e+01 -2.227273e+00
         vertex -2.000000e+00 2.097000e+01 1.122109e+00
      endloop
   endfacet
   facet normal 0.000000e+00 9.996515e-01 -2.639797e-02
      outer loop
         vertex 2.000000e+00 2.088155e+01 -2.227273e+00
         vertex -2.000000e+00 2.097000e+01 1.122109e+00
         vertex 2.000000e+00 2.097000e+01 1.122109e+00
      endloop
   endfacet
   facet normal 0.000000e+00 9.911261e-01 1.329249e-01
      outer loop
         vertex 2.000000e+00 2.097000e+01 1.122109e+00
         vertex -2.000000e+00 2.097000e+01 1.122109e+00
         vertex -2.000000e+00 2.052463e+01 4.442926e+00
      endloop
   endfacet
   facet normal 0.000000e+00 9.911261e-01 1.329249e-01
      outer loop
         vertex 2.000000e+00 2.097000e+01 1.122109e+00
         vertex -2.000000e+00 2.052463e+01 4.442926e+00
         vertex 2.000000e+00 2.052463e+01 4.442926e+00
      endloop
   endfacet
   facet normal 0.000000e+00 9.573705e-01 2.888628e-01
      outer loop
         vertex 2.000000e+00 2.052463e+01 4.442926e+00
         vertex -2.000000e+00 2.052463e+01 4.442926e+00
         vertex -2.000000e+00 1.955678e+01 7.650644e+00
      endloop
   endfacet
   facet normal 0.000000e+00 9.573705e-01 2.888628e-01
      outer loop
         vertex 2.000000e+00 2.052463e+01 4.442926e+00
         vertex -2.000000e+00 1.955678e+01 7.650644e+00
         vertex 2.000000e+00 1.955678e+01 7.650644e+00
      endloop
   endfacet
   facet normal 0.000000e+00 8.992439e-01 4.374475e-01
      outer loop
         vertex 2.000000e+00 1.955678e+01 7.650644e+00
         vertex -2.000000e+00 1.955678e+01 7.650644e+00
         vertex -2.000000e+00 1.809109e+01 1.066360e+01
      endloop
   endfacet
   facet normal 0.000000e+00 8.992439e-01 4.374475e-01
      outer loop
         vertex 2.000000e+00 1.955678e+01 7.650644e+00
         vertex -2.000000e+00 1.809109e+01 1.066360e+01
         vertex 2.000000e+00 1.809109e+01 1.066360e+01
      endloop
   endfacet
   facet normal 0.000000e+00 8.182258e-01 5.748970e-01
      outer loop
         vertex 2.000000e+00 1.809109e+01 1.066360e+01
         vertex -2.000000e+00 1.809109e+01 1.066360e+01
         vertex -2.000000e+00 1.616487e+01 1.340511e+01
      endloop
   endfacet
   facet normal 0.000000e+00 8.182258e-01 5.748970e-01
      outer loop
         vertex 2.000000e+00 1.809109e+01 1.066360e+01
         vertex -2.000000e+00 1.616487e+01 1.340511e+01
         vertex 2.000000e+00 1.616487e+01 1.340511e+01
      endloop
   endfacet
   facet normal 0.000000e+00 7.163791e-01 6.977112e-01
      outer loop
         vertex 2.000000e+00 1.616487e+01 1.340511e+01
         vertex -2.000000e+00 1.616487e+01 1.340511e+01
         vertex -2.000000e+00 1.382715e+01 1.580537e+01
      endloop
   endfacet
   facet normal 0.000000e+00 7.163791e-01 6.977112e-01
      outer loop
         vertex 2.000000e+00 1.616487e+01 1.340511e+01
         vertex -2.000000e+00 1.382715e+01 1.580537e+01
         vertex 2.000000e+00 1.382715e+01 1.580537e+01
      endloop
   endfacet
   facet normal 0.000000e+00 5.962956e-01 8.027649e-01
      outer loop
         vertex 2.000000e+00 1.382715e+01 1.580537e+01
         vertex -2.000000e+00 1.382715e+01 1.580537e+01
         vertex -2.000000e+00 1.113745e+01 1.780329e+01
      endloop
   endfacet
   facet normal 0.000000e+00 5.962956e-01 8.027649e-01
      outer loop
         vertex 2.000000e+00 1.382715e+01 1.580537e+01
         vertex -2.000000e+00 1.113745e+01 1.780329e+01
         vertex 2.000000e+00 1.113745e+01 1.780329e+01
      endloop
   endfacet
   facet normal 0.000000e+00 4.610331e-01 8.873830e-01
      outer loop
         vertex 2.000000e+00 1.113745e+01 1.780329e+01
         vertex -2.000000e+00 1.113745e+01 1.780329e+01
         vertex -2.000000e+00 8.164229e+00 1.934801e+01
      endloop
   endfacet
   facet normal 0.000000e+00 4.610331e-01 8.873830e-01
      outer loop
         vertex 2.000000e+00 1.113745e+01 1.780329e+01
         vertex -2.000000e+00 8.164229e+00 1.934801e+01
         vertex 2.000000e+00 8.164229e+00 1.934801e+01
      endloop
   endfacet
   facet normal 0.000000e+00 3.140344e-01 9.494116e-01
      outer loop
         vertex 2.000000e+00 8.164229e+00 1.934801e+01
         vertex -2.000000e+00 8.164229e+00 1.934801e+01
         vertex -2.000000e+00 4.983178e+00 2.040019e+01
      endloop
   endfacet
   facet normal 0.000000e+00 3.140344e-01 9.494116e-01
      outer loop
         vertex 2.000000e+00 8.164229e+00 1.934801e+01
         vertex -2.000000e+00 4.983178e+00 2.040019e+01
         vertex 2.000000e+00 4.983178e+00 2.040019e+01
      endloop
   endfacet
   facet normal 0.000000e+00 1.590416e-01 9.872719e-01
      outer loop
         vertex 2.000000e+00 4.983178e+00 2.040019e+01
         vertex -2.000000e+00 4.983178e+00 2.040019e+01
         vertex -2.000000e+00 1.675275e+00 2.093307e+01
      endloop
   endfacet
   facet normal 0.000000e+00 1.590416e-01 9.872719e-01
      outer loop
         vertex 2.000000e+00 4.983178e+00 2.040019e+01
         vertex -2.000000e+00 1.675275e+00 2.093307e+01
         vertex 2.000000e+00 1.675275e+00 2.093307e+01
      endloop
   endfacet
   facet normal 0.000000e+00 0.000000e+00 1.000000e+00
      outer loop
         vertex 2.000000e+00 1.675275e+00 2.093307e+01
         vertex -2.000000e+00 1.675275e+00 2.093307e+01
         vertex -2.000000e+00 -1.675275e+00 2.093307e+01
      endloop
   endfacet
   facet normal 0.000000e+00 0.000000e+00 1.000000e+00
      outer loop
         vertex 2.000000e+00 1.675275e+00 2.093307e+01
         vertex -2.000000e+00 -1.675275e+00 2.093307e+01
         vertex 2.000000e+00 -1.675275e+00 2.093307e+01
      endloop
   endfacet
   facet normal 0.000000e+00 -1.590416e-01 9.872719e-01
      outer loop
         vertex 2.000000e+00 -1.675275e+00 2.093307e+01
         vertex -2.000000e+00 -1.675275e+00 2.093307e+01
         vertex -2.000000e+00 -4.983178e+00 2.040019e+01
      endloop
   endfacet
   facet normal 0.000000e+00 -1.590416e-01 9.872719e-01
      outer loop
         vertex 2.000000e+00 -1.675275e+00 2.093307e+01
         vertex -2.000000e+00 -4.983178e+00 2.040019e+01
         vertex 2.000000e+00 -4.983178e+00 2.040019e+01
      endloop
   endfacet
   facet normal 0.000000e+00 -3.140344e-01 9.494116e-01
      outer loop
         vertex 2.000000e+00 -4.983178e+00 2.040019e+01
         vertex -2.000000e+00 -4.983178e+00 2.040019e+01
         vertex -2.000000e+00 -8.164229e+00 1.934801e+01
      endloop
   endfacet
   facet normal 0.000000e+00 -3.140344e-01 9.494116e-01
      outer loop
         vertex 2.000000e+00 -4.983178e+00 2.040019e+01
         vertex -2.000000e+00 -8.164229e+00 1.934801e+01
         vertex 2.000000e+00 -8.164229e+00 1.934801e+01
      endloop
   endfacet
   facet normal 0.000000e+00 -4.610331e-01 8.873830e-01
      outer loop
         vertex 2.000000e+00 -8.164229e+00 1.934801e+01
         vertex -2.000000e+00 -8.164229e+00 1.934801e+01
         vertex -2.000000e+00 -1.113745e+01 1.780329e+01
      endloop
   endfacet
   facet normal 0.000000e+00 -4.610331e-01 8.873830e-01
      outer loop
         vertex 2.000000e+00 -8.164229e+00 1.934801e+01
         vertex -2.000000e+00 -1.113745e+01 1.780329e+01
         vertex 2.000000e+00 -1.113745e+01 1.780329e+01
      endloop
   endfacet
   facet normal 0.000000e+00 -5.962956e-01 8.027649e-01
      outer loop
         vertex 2.000000e+00 -1.113745e+01 1.780329e+01
         vertex -2.000000e+00 -1.113745e+01 1.780329e+01
         vertex -2.000000e+00 -1.382715e+01 1.580537e+01
      endloop
   endfacet
   facet normal 0.000000e+00 -5.962956e-01 8.027649e-01
      outer loop
         vertex 2.000000e+00 -1.113745e+01 1.780329e+01
         vertex -2.000000e+00 -1.382715e+01 1.580537e+01
         vertex 2.000000e+00 -1.382715e+01 1.580537e+01
      endloop
   endfacet
   facet normal 0.000000e+00 -7.163791e-01 6.977112e-01
      outer loop
         vertex 2.000000e+00 -1.382715e+01 1.580537e+01
         vertex -2.000000e+00 -1.382715e+01 1.580537e+01
         vertex -2.000000e+00 -1.616487e+01 1.340511e+01
      endloop
   endfacet
   facet normal 0.000000e+00 -7.163791e-01 6.977112e-01
      outer loop
         vertex 2.000000e+00 -1.382715e+01 1.580537e+01
         vertex -2.000000e+00 -1.616487e+01 1.340511e+01
         vertex 2.000000e+00 -1.616487e+01 1.340511e+01
      endloop
   endfacet
   facet normal 0.000000e+00 -8.182258e-01 5.748970e-01
      outer loop
         vertex 2.000000e+00 -1.616487e+01 1.340511e+01
         vertex -2.000000e+00 -1.616487e+01 1.340511e+01
         vertex -2.000000e+00 -1.809109e+01 1.066360e+01
      endloop
   endfacet
   facet normal 0.000000e+00 -8.182258e-01 5.748970e-01
      outer loop
         vertex 2.000000e+00 -1.616487e+01 1.340511e+01
         vertex -2.000000e+00 -1.809109e+01 1.066360e+01
         vertex 2.000000e+00 -1.809109e+01 1.066360e+01
      endloop
   endfacet
   facet normal 0.000000e+00 -8.992439e-01 4.374475e-01
      outer loop
         vertex 2.000000e+00 -1.809109e+01 1.066360e+01
         vertex -2.000000e+00 -1.809109e+01 1.066360e+01
         vertex -2.000000e+00 -1.955678e+01 7.650644e+00
      endloop
   endfacet
   facet normal 0.000000e+00 -8.992439e-01 4.374475e-01
      outer loop
         vertex 2.000000e+00 -1.809109e+01 1.066360e+01
         vertex -2.000000e+00 -1.955678e+01 7.650644e+00
         vertex 2.000000e+00 -1.955678e+01 7.650644e+00
      endloop
   endfacet
   facet normal 0.000000e+00 -9.573705e-01 2.888628e-01
      outer loop
         vertex 2.000000e+00 -1.955678e+01 7.650644e+00
         vertex -2.000000e+00 -1.955678e+01 7.650644e+00
         vertex -2.000000e+00 -2.052463e+01 4.442926e+00
      endloop
   endfacet
   facet normal 0.000000e+00 -9.573705e-01 2.888628e-01
      outer loop
         vertex 2.000000e+00 -1.955678e+01 7.650644e+00
         vertex -2.000000e+00 -2.052463e+01 4.442926e+00
         vertex 2.000000e+00 -2.052463e+01 4.442926e+00
      endloop
   endfacet
   facet normal 0.000000e+00 -9.911261e-01 1.329249e-01
      outer loop
         vertex 2.000000e+00 -2.052463e+01 4.442926e+00
         vertex -2.000000e+00 -2.052463e+01 4.442926e+00
         vertex -2.000000e+00 -2.097000e+01 1.122109e+00
      endloop
   endfacet
   facet normal 0.000000e+00 -9.911261e-01 1.329249e-01
      outer loop
         vertex 2.000000e+00 -2.052463e+01 4.442926e+00
         vertex -2.000000e+00 -2.097000e+01 1.122109e+00
         vertex 2.000000e+00 -2.097000e+01 1.122109e+00
      endloop
   endfacet
   facet normal -0.000000e+00 -9.996515e-01 -2.639797e-02
      outer loop
         vertex 2.000000e+00 -2.097000e+01 1.122109e+00
         vertex -2.000000e+00 -2.097000e+01 1.122109e+00
         vertex -2.000000e+00 -2.088155e+01 -2.227273e+00
      endloop
   endfacet
   facet normal 0.000000e+00 -9.996515e-01 -2.639797e-02
      outer loop
         vertex 2.000000e+00 -2.097000e+01 1.122109e+00
         vertex -2.000000e+00 -2.088155e+01 -2.227273e+00
         vertex 2.000000e+00 -2.088155e+01 -2.227273e+00
      endloop
   endfacet
   facet normal 0.000000e+00 -9.943597e-01 -1.060606e-01
      outer loop
         vertex -2.000000e+00 -1.044078e+01 -1.001136e+02
         vertex 2.000000e+00 -1.044078e+01 -1.001136e+02
         vertex -2.000000e+00 -2.088155e+01 -2.227273e+00
      endloop
   endfacet
   facet normal 0.000000e+00 -9.943597e-01 -1.060606e-01
      outer loop
         vertex -2.000000e+00 -2.088155e+01 -2.227273e+00
         vertex 2.000000e+00 -1.044078e+01 -1.001136e+02
         vertex 2.000000e+00 -2.088155e+01 -2.227273e+00
      endloop
   endfacet
   facet normal -0.000000e+00 -9.815463e-01 -1.912245e-01
      outer loop
         vertex 2.000000e+00 -1.044078e+01 -1.001136e+02
         vertex -2.000000e+00 -1.044078e+01 -1.001136e+02
         vertex -2.000000e+00 -1.009525e+01 -1.018872e+02
      endloop
   endfacet
   facet normal 0.000000e+00 -9.815463e-01 -1.912245e-01
      outer loop
         vertex 2.000000e+00 -1.044078e+01 -1.001136e+02
         vertex -2.000000e+00 -1.009525e+01 -1.018872e+02
         vertex 2.000000e+00 -1.009525e+01 -1.018872e+02
      endloop
   endfacet
   facet normal -0.000000e+00 -9.342277e-01 -3.566772e-01
      outer loop
         vertex 2.000000e+00 -1.009525e+01 -1.018872e+02
         vertex -2.000000e+00 -1.009525e+01 -1.018872e+02
         vertex -2.000000e+00 -9.450777e+00 -1.035752e+02
      endloop
   endfacet
   facet normal 0.000000e+00 -9.342277e-01 -3.566772e-01
      outer loop
         vertex 2.000000e+00 -1.009525e+01 -1.018872e+02
         vertex -2.000000e+00 -9.450777e+00 -1.035752e+02
         vertex 2.000000e+00 -9.450777e+00 -1.035752e+02
      endloop
   endfacet
   facet normal -0.000000e+00 -8.592445e-01 -5.115652e-01
      outer loop
         vertex 2.000000e+00 -9.450777e+00 -1.035752e+02
         vertex -2.000000e+00 -9.450777e+00 -1.035752e+02
         vertex -2.000000e+00 -8.526430e+00 -1.051278e+02
      endloop
   endfacet
   facet normal 0.000000e+00 -8.592445e-01 -5.115652e-01
      outer loop
         vertex 2.000000e+00 -9.450777e+00 -1.035752e+02
         vertex -2.000000e+00 -8.526430e+00 -1.051278e+02
         vertex 2.000000e+00 -8.526430e+00 -1.051278e+02
      endloop
   endfacet
   facet normal -0.000000e+00 -7.588151e-01 -6.513061e-01
      outer loop
         vertex 2.000000e+00 -8.526430e+00 -1.051278e+02
         vertex -2.000000e+00 -8.526430e+00 -1.051278e+02
         vertex -2.000000e+00 -7.349588e+00 -1.064989e+02
      endloop
   endfacet
   facet normal 0.000000e+00 -7.588151e-01 -6.513061e-01
      outer loop
         vertex 2.000000e+00 -8.526430e+00 -1.051278e+02
         vertex -2.000000e+00 -7.349588e+00 -1.064989e+02
         vertex 2.000000e+00 -7.349588e+00 -1.064989e+02
      endloop
   endfacet
   facet normal -0.000000e+00 -6.359139e-01 -7.717600e-01
      outer loop
         vertex 2.000000e+00 -7.349588e+00 -1.064989e+02
         vertex -2.000000e+00 -7.349588e+00 -1.064989e+02
         vertex -2.000000e+00 -5.955100e+00 -1.076479e+02
      endloop
   endfacet
   facet normal 0.000000e+00 -6.359139e-01 -7.717600e-01
      outer loop
         vertex 2.000000e+00 -7.349588e+00 -1.064989e+02
         vertex -2.000000e+00 -5.955100e+00 -1.076479e+02
         vertex 2.000000e+00 -5.955100e+00 -1.076479e+02
      endloop
   endfacet
   facet normal -0.000000e+00 -4.941830e-01 -8.693579e-01
      outer loop
         vertex 2.000000e+00 -5.955100e+00 -1.076479e+02
         vertex -2.000000e+00 -5.955100e+00 -1.076479e+02
         vertex -2.000000e+00 -4.384261e+00 -1.085409e+02
      endloop
   endfacet
   facet normal 0.000000e+00 -4.941830e-01 -8.693579e-01
      outer loop
         vertex 2.000000e+00 -5.955100e+00 -1.076479e+02
         vertex -2.000000e+00 -4.384261e+00 -1.085409e+02
         vertex 2.000000e+00 -4.384261e+00 -1.085409e+02
      endloop
   endfacet
   facet normal -0.000000e+00 -3.378188e-01 -9.412112e-01
      outer loop
         vertex 2.000000e+00 -4.384261e+00 -1.085409e+02
         vertex -2.000000e+00 -4.384261e+00 -1.085409e+02
         vertex -2.000000e+00 -2.683589e+00 -1.091513e+02
      endloop
   endfacet
   facet normal 0.000000e+00 -3.378188e-01 -9.412112e-01
      outer loop
         vertex 2.000000e+00 -4.384261e+00 -1.085409e+02
         vertex -2.000000e+00 -2.683589e+00 -1.091513e+02
         vertex 2.000000e+00 -2.683589e+00 -1.091513e+02
      endloop
   endfacet
   facet normal -0.000000e+00 -1.714475e-01 -9.851933e-01
      outer loop
         vertex 2.000000e+00 -2.683589e+00 -1.091513e+02
         vertex -2.000000e+00 -2.683589e+00 -1.091513e+02
         vertex -2.000000e+00 -9.034478e-01 -1.094611e+02
      endloop
   endfacet
   facet normal 0.000000e+00 -1.714475e-01 -9.851933e-01
      outer loop
         vertex 2.000000e+00 -2.683589e+00 -1.091513e+02
         vertex -2.000000e+00 -9.034478e-01 -1.094611e+02
         vertex 2.000000e+00 -9.034478e-01 -1.094611e+02
      endloop
   endfacet
   facet normal 0.000000e+00 0.000000e+00 -1.000000e+00
      outer loop
         vertex 2.000000e+00 -9.034478e-01 -1.094611e+02
         vertex -2.000000e+00 -9.034478e-01 -1.094611e+02
         vertex -2.000000e+00 9.034478e-01 -1.094611e+02
      endloop
   endfacet
   facet normal 0.000000e+00 0.000000e+00 -1.000000e+00
      outer loop
         vertex 2.000000e+00 -9.034478e-01 -1.094611e+02
         vertex -2.000000e+00 9.034478e-01 -1.094611e+02
         vertex 2.000000e+00 9.034478e-01 -1.094611e+02
      endloop
   endfacet
   facet normal 0.000000e+00 1.714475e-01 -9.851933e-01
      outer loop
         vertex 2.000000e+00 9.034478e-01 -1.094611e+02
         vertex -2.000000e+00 9.034478e-01 -1.094611e+02
         vertex -2.000000e+00 2.683589e+00 -1.091513e+02
      endloop
   endfacet
   facet normal 0.000000e+00 1.714475e-01 -9.851933e-01
      outer loop
         vertex 2.000000e+00 9.034478e-01 -1.094611e+02
         vertex -2.000000e+00 2.683589e+00 -1.091513e+02
         vertex 2.000000e+00 2.683589e+00 -1.091513e+02
      endloop
   endfacet
   facet normal 0.000000e+00 3.378188e-01 -9.412112e-01
      outer loop
         vertex 2.000000e+00 2.683589e+00 -1.091513e+02
         vertex -2.000000e+00 2.683589e+00 -1.091513e+02
         vertex -2.000000e+00 4.384261e+00 -1.085409e+02
      endloop
   endfacet
   facet normal 0.000000e+00 3.378188e-01 -9.412112e-01
      outer loop
         vertex 2.000000e+00 2.683589e+00 -1.091513e+02
         vertex -2.000000e+00 4.384261e+00 -1.085409e+02
         vertex 2.000000e+00 4.384261e+00 -1.085409e+02
      endloop
   endfacet
   facet normal 0.000000e+00 4.941830e-01 -8.693579e-01
      outer loop
         vertex 2.000000e+00 4.384261e+00 -1.085409e+02
         vertex -2.000000e+00 4.384261e+00 -1.085409e+02
         vertex -2.000000e+00 5.955100e+00 -1.076479e+02
      endloop
   endfacet
   facet normal 0.000000e+00 4.941830e-01 -8.693579e-01
      outer loop
         vertex 2.000000e+00 4.384261e+00 -1.085409e+02
         vertex -2.000000e+00 5.955100e+00 -1.076479e+02
         vertex 2.000000e+00 5.955100e+00 -1.076479e+02
      endloop
   endfacet
   facet normal 0.000000e+00 6.359139e-01 -7.717600e-01
      outer loop
         vertex 2.000000e+00 5.955100e+00 -1.076479e+02
         vertex -2.000000e+00 5.955100e+00 -1.076479e+02
         vertex -2.000000e+00 7.349588e+00 -1.064989e+02
      endloop
   endfacet
   facet normal 0.000000e+00 6.359139e-01 -7.717600e-01
      outer loop
         vertex 2.000000e+00 5.955100e+00 -1.076479e+02
         vertex -2.000000e+00 7.349588e+00 -1.064989e+02
         vertex 2.000000e+00 7.349588e+00 -1.064989e+02
      endloop
   endfacet
   facet normal 0.000000e+00 7.588151e-01 -6.513061e-01
      outer loop
         vertex 2.000000e+00 7.349588e+00 -1.064989e+02
         vertex -2.000000e+00 7.349588e+00 -1.064989e+02
         vertex -2.000000e+00 8.526430e+00 -1.051278e+02
      endloop
   endfacet
   facet normal 0.000000e+00 7.588151e-01 -6.513061e-01
      outer loop
         vertex 2.000000e+00 7.349588e+00 -1.064989e+02
         vertex -2.000000e+00 8.526430e+00 -1.051278e+02
         vertex 2.000000e+00 8.526430e+00 -1.051278e+02
      endloop
   endfacet
   facet normal 0.000000e+00 8.592445e-01 -5.115652e-01
      outer loop
         vertex 2.000000e+00 8.526430e+00 -1.051278e+02
         vertex -2.000000e+00 8.526430e+00 -1.051278e+02
         vertex -2.000000e+00 9.450777e+00 -1.035752e+02
      endloop
   endfacet
   facet normal 0.000000e+00 8.592445e-01 -5.115652e-01
      outer loop
         vertex 2.000000e+00 8.526430e+00 -1.051278e+02
         vertex -2.000000e+00 9.450777e+00 -1.035752e+02
         vertex 2.000000e+00 9.450777e+00 -1.035752e+02
      endloop
   endfacet
   facet normal 0.000000e+00 9.342277e-01 -3.566772e-01
      outer loop
         vertex 2.000000e+00 9.450777e+00 -1.035752e+02
         vertex -2.000000e+00 9.450777e+00 -1.035752e+02
         vertex -2.000000e+00 1.009525e+01 -1.018872e+02
      endloop
   endfacet
   facet normal 0.000000e+00 9.342277e-01 -3.566772e-01
      outer loop
         vertex 2.000000e+00 9.450777e+00 -1.035752e+02
         vertex -2.000000e+00 1.009525e+01 -1.018872e+02
         vertex 2.000000e+00 1.009525e+01 -1.018872e+02
      endloop
   endfacet
   facet normal 0.000000e+00 9.815463e-01 -1.912245e-01
      outer loop
         vertex 2.000000e+00 1.009525e+01 -1.018872e+02
         vertex -2.000000e+00 1.009525e+01 -1.018872e+02
         vertex -2.000000e+00 1.044078e+01 -1.001136e+02
      endloop
   endfacet
   facet normal 0.000000e+00 9.815463e-01 -1.912245e-01
      outer loop
         vertex 2.000000e+00 1.009525e+01 -1.018872e+02
         vertex -2.000000e+00 1.044078e+01 -1.001136e+02
         vertex 2.000000e+00 1.044078e+01 -1.001136e+02
      endloop
   endfacet
   facet normal 0.000000e+00 9.943597e-01 -1.060606e-01
      outer loop
         vertex -2.000000e+00 2.088155e+01 -2.227273e+00
         vertex 2.000000e+00 2.088155e+01 -2.227273e+00
         vertex -2.000000e+00 1.044078e+01 -1.001136e+02
      endloop
   endfacet
   facet normal 0.000000e+00 9.943597e-01 -1.060606e-01
      outer loop
         vertex -2.000000e+00 1.044078e+01 -1.001136e+02
         vertex 2.000000e+00 2.088155e+01 -2.227273e+00
         vertex 2.000000e+00 1.044078e+01 -1.001136e+02
      endloop
   endfacet
   facet normal -0.000000e+00 -8.715754e-02 -9.961945e-01
      outer loop
         vertex 6.000000e+00 -1.102182e-15 -9.450000e+01
         vertex -6.000000e+00 -1.102182e-15 -9.450000e+01
         vertex 6.000000e+00 7.814168e-01 -9.456836e+01
      endloop
   endfacet
   facet normal -0.000000e+00 -8.715754e-02 -9.961945e-01
      outer loop
         vertex 6.000000e+00 7.814168e-01 -9.456836e+01
         vertex -6.000000e+00 -1.102182e-15 -9.450000e+01
         vertex -6.000000e+00 7.814168e-01 -9.456836e+01
      endloop
   endfacet
   facet normal -0.000000e+00 -2.588223e-01 -9.659249e-01
      outer loop
         vertex 6.000000e+00 7.814168e-01 -9.456836e+01
         vertex -6.000000e+00 7.814168e-01 -9.456836e+01
         vertex 6.000000e+00 1.539091e+00 -9.477139e+01
      endloop
   endfacet
   facet normal -0.000000e+00 -2.588223e-01 -9.659249e-01
      outer loop
         vertex 6.000000e+00 1.539091e+00 -9.477139e+01
         vertex -6.000000e+00 7.814168e-01 -9.456836e+01
         vertex -6.000000e+00 1.539091e+00 -9.477139e+01
      endloop
   endfacet
   facet normal -0.000000e+00 -4.226143e-01 -9.063096e-01
      outer loop
         vertex 6.000000e+00 1.539091e+00 -9.477139e+01
         vertex -6.000000e+00 1.539091e+00 -9.477139e+01
         vertex 6.000000e+00 2.250000e+00 -9.510288e+01
      endloop
   endfacet
   facet normal -0.000000e+00 -4.226143e-01 -9.063096e-01
      outer loop
         vertex 6.000000e+00 2.250000e+00 -9.510288e+01
         vertex -6.000000e+00 1.539091e+00 -9.477139e+01
         vertex -6.000000e+00 2.250000e+00 -9.510288e+01
      endloop
   endfacet
   facet normal -0.000000e+00 -5.735797e-01 -8.191498e-01
      outer loop
         vertex 6.000000e+00 2.250000e+00 -9.510288e+01
         vertex -6.000000e+00 2.250000e+00 -9.510288e+01
         vertex 6.000000e+00 2.892544e+00 -9.555280e+01
      endloop
   endfacet
   facet normal -0.000000e+00 -5.735797e-01 -8.191498e-01
      outer loop
         vertex 6.000000e+00 2.892544e+00 -9.555280e+01
         vertex -6.000000e+00 2.250000e+00 -9.510288e+01
         vertex -6.000000e+00 2.892544e+00 -9.555280e+01
      endloop
   endfacet
   facet normal -0.000000e+00 -7.071038e-01 -7.071097e-01
      outer loop
         vertex 6.000000e+00 2.892544e+00 -9.555280e+01
         vertex -6.000000e+00 2.892544e+00 -9.555280e+01
         vertex 6.000000e+00 3.447200e+00 -9.610745e+01
      endloop
   endfacet
   facet normal -0.000000e+00 -7.071038e-01 -7.071097e-01
      outer loop
         vertex 6.000000e+00 3.447200e+00 -9.610745e+01
         vertex -6.000000e+00 2.892544e+00 -9.555280e+01
         vertex -6.000000e+00 3.447200e+00 -9.610745e+01
      endloop
   endfacet
   facet normal -0.000000e+00 -8.191525e-01 -5.735758e-01
      outer loop
         vertex 6.000000e+00 3.447200e+00 -9.610745e+01
         vertex -6.000000e+00 3.447200e+00 -9.610745e+01
         vertex 6.000000e+00 3.897114e+00 -9.675000e+01
      endloop
   endfacet
   facet normal -0.000000e+00 -8.191525e-01 -5.735758e-01
      outer loop
         vertex 6.000000e+00 3.897114e+00 -9.675000e+01
         vertex -6.000000e+00 3.447200e+00 -9.610745e+01
         vertex -6.000000e+00 3.897114e+00 -9.675000e+01
      endloop
   endfacet
   facet normal -0.000000e+00 -9.063085e-01 -4.226166e-01
      outer loop
         vertex 6.000000e+00 3.897114e+00 -9.675000e+01
         vertex -6.000000e+00 3.897114e+00 -9.675000e+01
         vertex 6.000000e+00 4.228617e+00 -9.746091e+01
      endloop
   endfacet
   facet normal -0.000000e+00 -9.063085e-01 -4.226166e-01
      outer loop
         vertex 6.000000e+00 4.228617e+00 -9.746091e+01
         vertex -6.000000e+00 3.897114e+00 -9.675000e+01
         vertex -6.000000e+00 4.228617e+00 -9.746091e+01
      endloop
   endfacet
   facet normal -0.000000e+00 -9.659257e-01 -2.588196e-01
      outer loop
         vertex 6.000000e+00 4.228617e+00 -9.746091e+01
         vertex -6.000000e+00 4.228617e+00 -9.746091e+01
         vertex 6.000000e+00 4.431635e+00 -9.821858e+01
      endloop
   endfacet
   facet normal -0.000000e+00 -9.659257e-01 -2.588196e-01
      outer loop
         vertex 6.000000e+00 4.431635e+00 -9.821858e+01
         vertex -6.000000e+00 4.228617e+00 -9.746091e+01
         vertex -6.000000e+00 4.431635e+00 -9.821858e+01
      endloop
   endfacet
   facet normal -0.000000e+00 -9.961947e-01 -8.715576e-02
      outer loop
         vertex 6.000000e+00 4.431635e+00 -9.821858e+01
         vertex -6.000000e+00 4.431635e+00 -9.821858e+01
         vertex 6.000000e+00 4.500000e+00 -9.900000e+01
      endloop
   endfacet
   facet normal -0.000000e+00 -9.961947e-01 -8.715576e-02
      outer loop
         vertex 6.000000e+00 4.500000e+00 -9.900000e+01
         vertex -6.000000e+00 4.431635e+00 -9.821858e+01
         vertex -6.000000e+00 4.500000e+00 -9.900000e+01
      endloop
   endfacet
   facet normal 0.000000e+00 -9.961947e-01 8.715576e-02
      outer loop
         vertex 6.000000e+00 4.500000e+00 -9.900000e+01
         vertex -6.000000e+00 4.500000e+00 -9.900000e+01
         vertex 6.000000e+00 4.431635e+00 -9.978142e+01
      endloop
   endfacet
   facet normal 0.000000e+00 -9.961947e-01 8.715576e-02
      outer loop
         vertex 6.000000e+00 4.431635e+00 -9.978142e+01
         vertex -6.000000e+00 4.500000e+00 -9.900000e+01
         vertex -6.000000e+00 4.431635e+00 -9.978142e+01
      endloop
   endfacet
   facet normal 0.000000e+00 -9.659257e-01 2.588196e-01
      outer loop
         vertex 6.000000e+00 4.431635e+00 -9.978142e+01
         vertex -6.000000e+00 4.431635e+00 -9.978142e+01
         vertex 6.000000e+00 4.228617e+00 -1.005391e+02
      endloop
   endfacet
   facet normal 0.000000e+00 -9.659257e-01 2.588196e-01
      outer loop
         vertex 6.000000e+00 4.228617e+00 -1.005391e+02
         vertex -6.000000e+00 4.431635e+00 -9.978142e+01
         vertex -6.000000e+00 4.228617e+00 -1.005391e+02
      endloop
   endfacet
   facet normal 0.000000e+00 -9.063085e-01 4.226166e-01
      outer loop
         vertex 6.000000e+00 4.228617e+00 -1.005391e+02
         vertex -6.000000e+00 4.228617e+00 -1.005391e+02
         vertex 6.000000e+00 3.897114e+00 -1.012500e+02
      endloop
   endfacet
   facet normal 0.000000e+00 -9.063085e-01 4.226166e-01
      outer loop
         vertex 6.000000e+00 3.897114e+00 -1.012500e+02
         vertex -6.000000e+00 4.228617e+00 -1.005391e+02
         vertex -6.000000e+00 3.897114e+00 -1.012500e+02
      endloop
   endfacet
   facet normal 0.000000e+00 -8.191525e-01 5.735758e-01
      outer loop
         vertex 6.000000e+00 3.897114e+00 -1.012500e+02
         vertex -6.000000e+00 3.897114e+00 -1.012500e+02
         vertex 6.000000e+00 3.447200e+00 -1.018925e+02
      endloop
   endfacet
   facet normal 0.000000e+00 -8.191525e-01 5.735758e-01
      outer loop
         vertex 6.000000e+00 3.447200e+00 -1.018925e+02
         vertex -6.000000e+00 3.897114e+00 -1.012500e+02
         vertex -6.000000e+00 3.447200e+00 -1.018925e+02
      endloop
   endfacet
   facet normal 0.000000e+00 -7.071038e-01 7.071097e-01
      outer loop
         vertex 6.000000e+00 3.447200e+00 -1.018925e+02
         vertex -6.000000e+00 3.447200e+00 -1.018925e+02
         vertex 6.000000e+00 2.892544e+00 -1.024472e+02
      endloop
   endfacet
   facet normal 0.000000e+00 -7.071038e-01 7.071097e-01
      outer loop
         vertex 6.000000e+00 2.892544e+00 -1.024472e+02
         vertex -6.000000e+00 3.447200e+00 -1.018925e+02
         vertex -6.000000e+00 2.892544e+00 -1.024472e+02
      endloop
   endfacet
   facet normal 0.000000e+00 -5.735797e-01 8.191498e-01
      outer loop
         vertex 6.000000e+00 2.892544e+00 -1.024472e+02
         vertex -6.000000e+00 2.892544e+00 -1.024472e+02
         vertex 6.000000e+00 2.250000e+00 -1.028971e+02
      endloop
   endfacet
   facet normal 0.000000e+00 -5.735797e-01 8.191498e-01
      outer loop
         vertex 6.000000e+00 2.250000e+00 -1.028971e+02
         vertex -6.000000e+00 2.892544e+00 -1.024472e+02
         vertex -6.000000e+00 2.250000e+00 -1.028971e+02
      endloop
   endfacet
   facet normal 0.000000e+00 -4.226143e-01 9.063096e-01
      outer loop
         vertex 6.000000e+00 2.250000e+00 -1.028971e+02
         vertex -6.000000e+00 2.250000e+00 -1.028971e+02
         vertex 6.000000e+00 1.539091e+00 -1.032286e+02
      endloop
   endfacet
   facet normal 0.000000e+00 -4.226143e-01 9.063096e-01
      outer loop
         vertex 6.000000e+00 1.539091e+00 -1.032286e+02
         vertex -6.000000e+00 2.250000e+00 -1.028971e+02
         vertex -6.000000e+00 1.539091e+00 -1.032286e+02
      endloop
   endfacet
   facet normal 0.000000e+00 -2.588223e-01 9.659249e-01
      outer loop
         vertex 6.000000e+00 1.539091e+00 -1.032286e+02
         vertex -6.000000e+00 1.539091e+00 -1.032286e+02
         vertex 6.000000e+00 7.814168e-01 -1.034316e+02
      endloop
   endfacet
   facet normal 0.000000e+00 -2.588223e-01 9.659249e-01
      outer loop
         vertex 6.000000e+00 7.814168e-01 -1.034316e+02
         vertex -6.000000e+00 1.539091e+00 -1.032286e+02
         vertex -6.000000e+00 7.814168e-01 -1.034316e+02
      endloop
   endfacet
   facet normal 0.000000e+00 -8.715754e-02 9.961945e-01
      outer loop
         vertex 6.000000e+00 7.814168e-01 -1.034316e+02
         vertex -6.000000e+00 7.814168e-01 -1.034316e+02
         vertex 6.000000e+00 5.510910e-16 -1.035000e+02
      endloop
   endfacet
   facet normal 0.000000e+00 -8.715754e-02 9.961945e-01
      outer loop
         vertex 6.000000e+00 5.510910e-16 -1.035000e+02
         vertex -6.000000e+00 7.814168e-01 -1.034316e+02
         vertex -6.000000e+00 5.510910e-16 -1.035000e+02
      endloop
   endfacet
   facet normal 0.000000e+00 8.715754e-02 9.961945e-01
      outer loop
         vertex 6.000000e+00 5.510910e-16 -1.035000e+02
         vertex -6.000000e+00 5.510910e-16 -1.035000e+02
         vertex 6.000000e+00 -7.814168e-01 -1.034316e+02
      endloop
   endfacet
   facet normal 0.000000e+00 8.715754e-02 9.961945e-01
      outer loop
         vertex 6.000000e+00 -7.814168e-01 -1.034316e+02
         vertex -6.000000e+00 5.510910e-16 -1.035000e+02
         vertex -6.000000e+00 -7.814168e-01 -1.034316e+02
      endloop
   endfacet
   facet normal 0.000000e+00 2.588223e-01 9.659249e-01
      outer loop
         vertex 6.000000e+00 -7.814168e-01 -1.034316e+02
         vertex -6.000000e+00 -7.814168e-01 -1.034316e+02
         vertex 6.000000e+00 -1.539091e+00 -1.032286e+02
      endloop
   endfacet
   facet normal 0.000000e+00 2.588223e-01 9.659249e-01
      outer loop
         vertex 6.000000e+00 -1.539091e+00 -1.032286e+02
         vertex -6.000000e+00 -7.814168e-01 -1.034316e+02
         vertex -6.000000e+00 -1.539091e+00 -1.032286e+02
      endloop
   endfacet
   facet normal 0.000000e+00 4.226143e-01 9.063096e-01
      outer loop
         vertex 6.000000e+00 -1.539091e+00 -1.032286e+02
         vertex -6.000000e+00 -1.539091e+00 -1.032286e+02
         vertex 6.000000e+00 -2.250000e+00 -1.028971e+02
      endloop
   endfacet
   facet normal 0.000000e+00 4.226143e-01 9.063096e-01
      outer loop
         vertex 6.000000e+00 -2.250000e+00 -1.028971e+02
         vertex -6.000000e+00 -1.539091e+00 -1.032286e+02
         vertex -6.000000e+00 -2.250000e+00 -1.028971e+02
      endloop
   endfacet
   facet normal 0.000000e+00 5.735797e-01 8.191498e-01
      outer loop
         vertex 6.000000e+00 -2.250000e+00 -1.028971e+02
         vertex -6.000000e+00 -2.250000e+00 -1.028971e+02
         vertex 6.000000e+00 -2.892544e+00 -1.024472e+02
      endloop
   endfacet
   facet normal 0.000000e+00 5.735797e-01 8.191498e-01
      outer loop
         vertex 6.000000e+00 -2.892544e+00 -1.024472e+02
         vertex -6.000000e+00 -2.250000e+00 -1.028971e+02
         vertex -6.000000e+00 -2.892544e+00 -1.024472e+02
      endloop
   endfacet
   facet normal 0.000000e+00 7.071038e-01 7.071097e-01
      outer loop
         vertex 6.000000e+00 -2.892544e+00 -1.024472e+02
         vertex -6.000000e+00 -2.892544e+00 -1.024472e+02
         vertex 6.000000e+00 -3.447200e+00 -1.018925e+02
      endloop
   endfacet
   facet normal 0.000000e+00 7.071038e-01 7.071097e-01
      outer loop
         vertex 6.000000e+00 -3.447200e+00 -1.018925e+02
         vertex -6.000000e+00 -2.892544e+00 -1.024472e+02
         vertex -6.000000e+00 -3.447200e+00 -1.018925e+02
      endloop
   endfacet
   facet normal 0.000000e+00 8.191525e-01 5.735758e-01
      outer loop
         vertex 6.000000e+00 -3.447200e+00 -1.018925e+02
         vertex -6.000000e+00 -3.447200e+00 -1.018925e+02
         vertex 6.000000e+00 -3.897114e+00 -1.012500e+02
      endloop
   endfacet
   facet normal 0.000000e+00 8.191525e-01 5.735758e-01
      outer loop
         vertex 6.000000e+00 -3.897114e+00 -1.012500e+02
         vertex -6.000000e+00 -3.447200e+00 -1.018925e+02
         vertex -6.000000e+00 -3.897114e+00 -1.012500e+02
      endloop
   endfacet
   facet normal 0.000000e+00 9.063085e-01 4.226166e-01
      outer loop
         vertex 6.000000e+00 -3.897114e+00 -1.012500e+02
         vertex -6.000000e+00 -3.897114e+00 -1.012500e+02
         vertex 6.000000e+00 -4.228617e+00 -1.005391e+02
      endloop
   endfacet
   facet normal 0.000000e+00 9.063085e-01 4.226166e-01
      outer loop
         vertex 6.000000e+00 -4.228617e+00 -1.005391e+02
         vertex -6.000000e+00 -3.897114e+00 -1.012500e+02
         vertex -6.000000e+00 -4.228617e+00 -1.005391e+02
      endloop
   endfacet
   facet normal 0.000000e+00 9.659257e-01 2.588196e-01
      outer loop
         vertex 6.000000e+00 -4.228617e+00 -1.005391e+02
         vertex -6.000000e+00 -4.228617e+00 -1.005391e+02
         vertex 6.000000e+00 -4.431635e+00 -9.978142e+01
      endloop
   endfacet
   facet normal 0.000000e+00 9.659257e-01 2.588196e-01
      outer loop
         vertex 6.000000e+00 -4.431635e+00 -9.978142e+01
         vertex -6.000000e+00 -4.228617e+00 -1.005391e+02
         vertex -6.000000e+00 -4.431635e+00 -9.978142e+01
      endloop
   endfacet
   facet normal 0.000000e+00 9.961947e-01 8.715576e-02
      outer loop
         vertex 6.000000e+00 -4.431635e+00 -9.978142e+01
         vertex -6.000000e+00 -4.431635e+00 -9.978142e+01
         vertex 6.000000e+00 -4.500000e+00 -9.900000e+01
      endloop
   endfacet
   facet normal 0.000000e+00 9.961947e-01 8.715576e-02
      outer loop
         vertex 6.000000e+00 -4.500000e+00 -9.900000e+01
         vertex -6.000000e+00 -4.431635e+00 -9.978142e+01
         vertex -6.000000e+00 -4.500000e+00 -9.900000e+01
      endloop
   endfacet
   facet normal 0.000000e+00 9.961947e-01 -8.715576e-02
      outer loop
         vertex 6.000000e+00 -4.500000e+00 -9.900000e+01
         vertex -6.000000e+00 -4.500000e+00 -9.900000e+01
         vertex 6.000000e+00 -4.431635e+00 -9.821858e+01
      endloop
   endfacet
   facet normal 0.000000e+00 9.961947e-01 -8.715576e-02
      outer loop
         vertex 6.000000e+00 -4.431635e+00 -9.821858e+01
         vertex -6.000000e+00 -4.500000e+00 -9.900000e+01
         vertex -6.000000e+00 -4.431635e+00 -9.821858e+01
      endloop
   endfacet
   facet normal 0.000000e+00 9.659257e-01 -2.588196e-01
      outer loop
         vertex 6.000000e+00 -4.431635e+00 -9.821858e+01
         vertex -6.000000e+00 -4.431635e+00 -9.821858e+01
         vertex 6.000000e+00 -4.228617e+00 -9.746091e+01
      endloop
   endfacet
   facet normal 0.000000e+00 9.659257e-01 -2.588196e-01
      outer loop
         vertex 6.000000e+00 -4.228617e+00 -9.746091e+01
         vertex -6.000000e+00 -4.431635e+00 -9.821858e+01
         vertex -6.000000e+00 -4.228617e+00 -9.746091e+01
      endloop
   endfacet
   facet normal 0.000000e+00 9.063085e-01 -4.226166e-01
      outer loop
         vertex 6.000000e+00 -4.228617e+00 -9.746091e+01
         vertex -6.000000e+00 -4.228617e+00 -9.746091e+01
         vertex 6.000000e+00 -3.897114e+00 -9.675000e+01
      endloop
   endfacet
   facet normal 0.000000e+00 9.063085e-01 -4.226166e-01
      outer loop
         vertex 6.000000e+00 -3.897114e+00 -9.675000e+01
         vertex -6.000000e+00 -4.228617e+00 -9.746091e+01
         vertex -6.000000e+00 -3.897114e+00 -9.675000e+01
      endloop
   endfacet
   facet normal 0.000000e+00 8.191525e-01 -5.735758e-01
      outer loop
         vertex 6.000000e+00 -3.897114e+00 -9.675000e+01
         vertex -6.000000e+00 -3.897114e+00 -9.675000e+01
         vertex 6.000000e+00 -3.447200e+00 -9.610745e+01
      endloop
   endfacet
   facet normal 0.000000e+00 8.191525e-01 -5.735758e-01
      outer loop
         vertex 6.000000e+00 -3.447200e+00 -9.610745e+01
         vertex -6.000000e+00 -3.897114e+00 -9.675000e+01
         vertex -6.000000e+00 -3.447200e+00 -9.610745e+01
      endloop
   endfacet
   facet normal 0.000000e+00 7.071038e-01 -7.071097e-01
      outer loop
         vertex 6.000000e+00 -3.447200e+00 -9.610745e+01
         vertex -6.000000e+00 -3.447200e+00 -9.610745e+01
         vertex 6.000000e+00 -2.892544e+00 -9.555280e+01
      endloop
   endfacet
   facet normal 0.000000e+00 7.071038e-01 -7.071097e-01
      outer loop
         vertex 6.000000e+00 -2.892544e+00 -9.555280e+01
         vertex -6.000000e+00 -3.447200e+00 -9.610745e+01
         vertex -6.000000e+00 -2.892544e+00 -9.555280e+01
      endloop
   endfacet
   facet normal 0.000000e+00 5.735797e-01 -8.191498e-01
      outer loop
         vertex 6.000000e+00 -2.892544e+00 -9.555280e+01
         vertex -6.000000e+00 -2.892544e+00 -9.555280e+01
         vertex 6.000000e+00 -2.250000e+00 -9.510288e+01
      endloop
   endfacet
   facet normal 0.000000e+00 5.735797e-01 -8.191498e-01
      outer loop
         vertex 6.000000e+00 -2.250000e+00 -9.510288e+01
         vertex -6.000000e+00 -2.892544e+00 -9.555280e+01
         vertex -6.000000e+00 -2.250000e+00 -9.510288e+01
      endloop
   endfacet
   facet normal 0.000000e+00 4.226143e-01 -9.063096e-01
      outer loop
         vertex 6.000000e+00 -2.250000e+00 -9.510288e+01
         vertex -6.000000e+00 -2.250000e+00 -9.510288e+01
         vertex 6.000000e+00 -1.539091e+00 -9.477139e+01
      endloop
   endfacet
   facet normal 0.000000e+00 4.226143e-01 -9.063096e-01
      outer loop
         vertex 6.000000e+00 -1.539091e+00 -9.477139e+01
         vertex -6.000000e+00 -2.250000e+00 -9.510288e+01
         vertex -6.000000e+00 -1.539091e+00 -9.477139e+01
      endloop
   endfacet
   facet normal 0.000000e+00 2.588223e-01 -9.659249e-01
      outer loop
         vertex 6.000000e+00 -1.539091e+00 -9.477139e+01
         vertex -6.000000e+00 -1.539091e+00 -9.477139e+01
         vertex 6.000000e+00 -7.814168e-01 -9.456836e+01
      endloop
   endfacet
   facet normal 0.000000e+00 2.588223e-01 -9.659249e-01
      outer loop
         vertex 6.000000e+00 -7.814168e-01 -9.456836e+01
         vertex -6.000000e+00 -1.539091e+00 -9.477139e+01
         vertex -6.000000e+00 -7.814168e-01 -9.456836e+01
      endloop
   endfacet
   facet normal 0.000000e+00 8.715754e-02 -9.961945e-01
      outer loop
         vertex 6.000000e+00 -7.814168e-01 -9.456836e+01
         vertex -6.000000e+00 -7.814168e-01 -9.456836e+01
         vertex 6.000000e+00 -1.102182e-15 -9.450000e+01
      endloop
   endfacet
   facet normal 0.000000e+00 8.715754e-02 -9.961945e-01
      outer loop
         vertex 6.000000e+00 -1.102182e-15 -9.450000e+01
         vertex -6.000000e+00 -7.814168e-01 -9.456836e+01
         vertex -6.000000e+00 -1.102182e-15 -9.450000e+01
      endloop
   endfacet
   facet normal 0.000000e+00 3.571089e-01 -9.340628e-01
      outer loop
         vertex 1.000000e+00 8.511902e+00 -1.919759e+01
         vertex 5.000000e+00 8.511902e+00 -1.919759e+01
         vertex 1.000000e+00 6.466274e+00 -1.997967e+01
      endloop
   endfacet
   facet normal 9.519647e-03 3.407979e-01 -9.400884e-01
      outer loop
         vertex 1.000000e+00 6.466274e+00 -1.997967e+01
         vertex 5.000000e+00 8.511902e+00 -1.919759e+01
         vertex 5.000000e+00 5.767647e+00 -2.019243e+01
      endloop
   endfacet
   facet normal 0.000000e+00 2.913285e-01 -9.566231e-01
      outer loop
         vertex 1.000000e+00 6.466274e+00 -1.997967e+01
         vertex 5.000000e+00 5.767647e+00 -2.019243e+01
         vertex 1.000000e+00 5.767647e+00 -2.019243e+01
      endloop
   endfacet
   facet normal 0.000000e+00 2.410488e-01 -9.705130e-01
      outer loop
         vertex 1.000000e+00 5.767647e+00 -2.019243e+01
         vertex 5.000000e+00 5.767647e+00 -2.019243e+01
         vertex 1.000000e+00 4.350320e+00 -2.054446e+01
      endloop
   endfacet
   facet normal 1.269356e-02 2.071412e-01 -9.782287e-01
      outer loop
         vertex 1.000000e+00 4.350320e+00 -2.054446e+01
         vertex 5.000000e+00 5.767647e+00 -2.019243e+01
         vertex 5.000000e+00 2.911955e+00 -2.079713e+01
      endloop
   endfacet
   facet normal 0.000000e+00 1.730165e-01 -9.849189e-01
      outer loop
         vertex 1.000000e+00 4.350320e+00 -2.054446e+01
         vertex 5.000000e+00 2.911955e+00 -2.079713e+01
         vertex 1.000000e+00 2.911955e+00 -2.079713e+01
      endloop
   endfacet
   facet normal 0.000000e+00 1.214243e-01 -9.926007e-01
      outer loop
         vertex 1.000000e+00 2.911955e+00 -2.079713e+01
         vertex 5.000000e+00 2.911955e+00 -2.079713e+01
         vertex 1.000000e+00 2.187053e+00 -2.088580e+01
      endloop
   endfacet
   facet normal 9.519974e-03 6.949701e-02 -9.975367e-01
      outer loop
         vertex 1.000000e+00 2.187053e+00 -2.088580e+01
         vertex 5.000000e+00 2.911955e+00 -2.079713e+01
         vertex 5.000000e+00 -2.281555e-14 -2.100000e+01
      endloop
   endfacet
   facet normal 0.000000e+00 5.214308e-02 -9.986396e-01
      outer loop
         vertex 1.000000e+00 2.187053e+00 -2.088580e+01
         vertex 5.000000e+00 -2.281555e-14 -2.100000e+01
         vertex 1.000000e+00 -2.281555e-14 -2.100000e+01
      endloop
   endfacet
   facet normal 0.000000e+00 -5.214308e-02 -9.986396e-01
      outer loop
         vertex 1.000000e+00 -2.281555e-14 -2.100000e+01
         vertex 5.000000e+00 -2.281555e-14 -2.100000e+01
         vertex 1.000000e+00 -2.187053e+00 -2.088580e+01
      endloop
   endfacet
   facet normal 9.519974e-03 -6.949701e-02 -9.975367e-01
      outer loop
         vertex 1.000000e+00 -2.187053e+00 -2.088580e+01
         vertex 5.000000e+00 -2.281555e-14 -2.100000e+01
         vertex 5.000000e+00 -2.911955e+00 -2.079713e+01
      endloop
   endfacet
   facet normal 0.000000e+00 -1.214243e-01 -9.926007e-01
      outer loop
         vertex 1.000000e+00 -2.187053e+00 -2.088580e+01
         vertex 5.000000e+00 -2.911955e+00 -2.079713e+01
         vertex 1.000000e+00 -2.911955e+00 -2.079713e+01
      endloop
   endfacet
   facet normal 0.000000e+00 -1.730165e-01 -9.849189e-01
      outer loop
         vertex 1.000000e+00 -2.911955e+00 -2.079713e+01
         vertex 5.000000e+00 -2.911955e+00 -2.079713e+01
         vertex 1.000000e+00 -4.350320e+00 -2.054446e+01
      endloop
   endfacet
   facet normal 1.269356e-02 -2.071412e-01 -9.782287e-01
      outer loop
         vertex 1.000000e+00 -4.350320e+00 -2.054446e+01
         vertex 5.000000e+00 -2.911955e+00 -2.079713e+01
         vertex 5.000000e+00 -5.767647e+00 -2.019243e+01
      endloop
   endfacet
   facet normal 0.000000e+00 -2.410488e-01 -9.705130e-01
      outer loop
         vertex 1.000000e+00 -4.350320e+00 -2.054446e+01
         vertex 5.000000e+00 -5.767647e+00 -2.019243e+01
         vertex 1.000000e+00 -5.767647e+00 -2.019243e+01
      endloop
   endfacet
   facet normal 0.000000e+00 -2.913285e-01 -9.566231e-01
      outer loop
         vertex 1.000000e+00 -5.767647e+00 -2.019243e+01
         vertex 5.000000e+00 -5.767647e+00 -2.019243e+01
         vertex 1.000000e+00 -6.466274e+00 -1.997967e+01
      endloop
   endfacet
   facet normal 9.519647e-03 -3.407979e-01 -9.400884e-01
      outer loop
         vertex 1.000000e+00 -6.466274e+00 -1.997967e+01
         vertex 5.000000e+00 -5.767647e+00 -2.019243e+01
         vertex 5.000000e+00 -8.511902e+00 -1.919759e+01
      endloop
   endfacet
   facet normal 0.000000e+00 -3.571089e-01 -9.340628e-01
      outer loop
         vertex 1.000000e+00 -6.466274e+00 -1.997967e+01
         vertex 5.000000e+00 -8.511902e+00 -1.919759e+01
         vertex 1.000000e+00 -8.511902e+00 -1.919759e+01
      endloop
   endfacet
   facet normal 0.000000e+00 -9.943597e-01 1.060606e-01
      outer loop
         vertex 5.000000e+00 1.271097e+01 -2.225829e+01
         vertex 1.000000e+00 1.271097e+01 -2.225829e+01
         vertex 5.000000e+00 5.897571e+00 -8.613653e+01
      endloop
   endfacet
   facet normal 0.000000e+00 -9.943597e-01 1.060606e-01
      outer loop
         vertex 5.000000e+00 5.897571e+00 -8.613653e+01
         vertex 1.000000e+00 1.271097e+01 -2.225829e+01
         vertex 1.000000e+00 5.897571e+00 -8.613653e+01
      endloop
   endfacet
   facet normal 0.000000e+00 -1.445590e-01 9.894962e-01
      outer loop
         vertex 1.000000e+00 -2.266827e+00 -8.874761e+01
         vertex 5.000000e+00 -2.266827e+00 -8.874761e+01
         vertex 5.000000e+00 -7.609375e-01 -8.852761e+01
      endloop
   endfacet
   facet normal 0.000000e+00 -1.445590e-01 9.894962e-01
      outer loop
         vertex 1.000000e+00 -2.266827e+00 -8.874761e+01
         vertex 5.000000e+00 -7.609375e-01 -8.852761e+01
         vertex 1.000000e+00 -7.609375e-01 -8.852761e+01
      endloop
   endfacet
   facet normal 0.000000e+00 0.000000e+00 1.000000e+00
      outer loop
         vertex 1.000000e+00 -7.609375e-01 -8.852761e+01
         vertex 5.000000e+00 -7.609375e-01 -8.852761e+01
         vertex 5.000000e+00 7.609375e-01 -8.852761e+01
      endloop
   endfacet
   facet normal 0.000000e+00 0.000000e+00 1.000000e+00
      outer loop
         vertex 1.000000e+00 -7.609375e-01 -8.852761e+01
         vertex 5.000000e+00 7.609375e-01 -8.852761e+01
         vertex 1.000000e+00 7.609375e-01 -8.852761e+01
      endloop
   endfacet
   facet normal -0.000000e+00 1.445590e-01 9.894962e-01
      outer loop
         vertex 1.000000e+00 7.609375e-01 -8.852761e+01
         vertex 5.000000e+00 7.609375e-01 -8.852761e+01
         vertex 5.000000e+00 2.266827e+00 -8.874761e+01
      endloop
   endfacet
   facet normal 0.000000e+00 1.445590e-01 9.894962e-01
      outer loop
         vertex 1.000000e+00 7.609375e-01 -8.852761e+01
         vertex 5.000000e+00 2.266827e+00 -8.874761e+01
         vertex 1.000000e+00 2.266827e+00 -8.874761e+01
      endloop
   endfacet
   facet normal 0.000000e+00 9.943597e-01 1.060606e-01
      outer loop
         vertex 5.000000e+00 -5.897571e+00 -8.613653e+01
         vertex 1.000000e+00 -5.897571e+00 -8.613653e+01
         vertex 5.000000e+00 -1.271097e+01 -2.225829e+01
      endloop
   endfacet
   facet normal 0.000000e+00 9.943597e-01 1.060606e-01
      outer loop
         vertex 5.000000e+00 -1.271097e+01 -2.225829e+01
         vertex 1.000000e+00 -5.897571e+00 -8.613653e+01
         vertex 1.000000e+00 -1.271097e+01 -2.225829e+01
      endloop
   endfacet
   facet normal 1.000000e+00 6.123234e-17 3.327362e-25
      outer loop
         vertex -4.147996e-16 6.774192e+00 -2.093109e+01
         vertex -2.790651e-16 4.557478e+00 -2.152276e+01
         vertex -5.103151e-17 8.334077e-01 -8.753024e+01
      endloop
   endfacet
   facet normal 1.000000e+00 6.123234e-17 -8.484146e-26
      outer loop
         vertex -2.790651e-16 4.557478e+00 -2.152276e+01
         vertex -1.402955e-16 2.291199e+00 -2.188037e+01
         vertex -5.103151e-17 8.334077e-01 -8.753024e+01
      endloop
   endfacet
   facet normal 1.000000e+00 6.123234e-17 -2.045672e-26
      outer loop
         vertex -5.103151e-17 8.334077e-01 -8.753024e+01
         vertex -1.402955e-16 2.291199e+00 -2.188037e+01
         vertex -9.490150e-31 1.513120e-14 -2.200000e+01
      endloop
   endfacet
   facet normal 1.000000e+00 6.123234e-17 3.228587e-34
      outer loop
         vertex -5.103151e-17 8.334077e-01 -8.753024e+01
         vertex -9.490150e-31 1.513120e-14 -2.200000e+01
         vertex 5.103151e-17 -8.334077e-01 -8.753024e+01
      endloop
   endfacet
   facet normal 1.000000e+00 6.123231e-17 -2.136096e-23
      outer loop
         vertex 3.002351e-16 -4.903211e+00 -8.603048e+01
         vertex 2.655991e-16 -4.337563e+00 -8.722366e+01
         vertex 2.499626e-16 -4.082199e+00 -8.744208e+01
      endloop
   endfacet
   facet normal 1.000000e+00 6.123232e-17 -2.423864e-23
      outer loop
         vertex 1.520225e-16 -2.482715e+00 -8.777119e+01
         vertex 3.002351e-16 -4.903211e+00 -8.603048e+01
         vertex 1.724154e-16 -2.815756e+00 -8.781592e+01
      endloop
   endfacet
   facet normal 1.000000e+00 6.123237e-17 2.836088e-23
      outer loop
         vertex 1.724154e-16 -2.815756e+00 -8.781592e+01
         vertex 3.002351e-16 -4.903211e+00 -8.603048e+01
         vertex 1.929789e-16 -3.151585e+00 -8.780425e+01
      endloop
   endfacet
   facet normal 1.000000e+00 6.123234e-17 2.045672e-26
      outer loop
         vertex -9.490150e-31 1.513120e-14 -2.200000e+01
         vertex 1.402955e-16 -2.291199e+00 -2.188037e+01
         vertex 5.103151e-17 -8.334077e-01 -8.753024e+01
      endloop
   endfacet
   facet normal 1.000000e+00 6.123234e-17 8.484146e-26
      outer loop
         vertex 5.103151e-17 -8.334077e-01 -8.753024e+01
         vertex 1.402955e-16 -2.291199e+00 -2.188037e+01
         vertex 2.790651e-16 -4.557478e+00 -2.152276e+01
      endloop
   endfacet
   facet normal 1.000000e+00 6.123234e-17 -1.031231e-25
      outer loop
         vertex 5.103151e-17 -8.334077e-01 -8.753024e+01
         vertex 2.790651e-16 -4.557478e+00 -2.152276e+01
         vertex 1.520225e-16 -2.482715e+00 -8.777119e+01
      endloop
   endfacet
   facet normal 1.000000e+00 6.123234e-17 -2.297192e-25
      outer loop
         vertex 1.520225e-16 -2.482715e+00 -8.777119e+01
         vertex 2.790651e-16 -4.557478e+00 -2.152276e+01
         vertex 4.147996e-16 -6.774192e+00 -2.093109e+01
      endloop
   endfacet
   facet normal 1.000000e+00 6.123234e-17 -1.660288e-26
      outer loop
         vertex 1.520225e-16 -2.482715e+00 -8.777119e+01
         vertex 4.147996e-16 -6.774192e+00 -2.093109e+01
         vertex 3.002351e-16 -4.903211e+00 -8.603048e+01
      endloop
   endfacet
   facet normal 1.000000e+00 6.123235e-17 3.545840e-25
      outer loop
         vertex 3.002351e-16 -4.903211e+00 -8.603048e+01
         vertex 4.147996e-16 -6.774192e+00 -2.093109e+01
         vertex 5.460229e-16 -8.917230e+00 -2.011176e+01
      endloop
   endfacet
   facet normal 1.000000e+00 6.123232e-17 -1.416898e-24
      outer loop
         vertex 3.002351e-16 -4.903211e+00 -8.603048e+01
         vertex 5.460229e-16 -8.917230e+00 -2.011176e+01
         vertex 7.174353e-16 -1.171661e+01 -2.215223e+01
      endloop
   endfacet
   facet normal 1.000000e+00 6.123218e-17 1.976456e-22
      outer loop
         vertex 7.174353e-16 -1.171661e+01 -2.215223e+01
         vertex 5.460229e-16 -8.917230e+00 -2.011176e+01
         vertex 5.662175e-16 -9.247035e+00 -1.999877e+01
      endloop
   endfacet
   facet normal 1.000000e+00 6.123244e-17 -1.027081e-22
      outer loop
         vertex 7.174353e-16 -1.171661e+01 -2.215223e+01
         vertex 5.662175e-16 -9.247035e+00 -1.999877e+01
         vertex 5.873069e-16 -9.591449e+00 -1.994476e+01
      endloop
   endfacet
   facet normal 1.000000e+00 6.123237e-17 8.748178e-24
      outer loop
         vertex 2.655991e-16 -4.337563e+00 -8.722366e+01
         vertex 3.002351e-16 -4.903211e+00 -8.603048e+01
         vertex 2.787758e-16 -4.552754e+00 -8.696557e+01
      endloop
   endfacet
   facet normal 1.000000e+00 6.123229e-17 -2.236866e-23
      outer loop
         vertex 2.787758e-16 -4.552754e+00 -8.696557e+01
         vertex 3.002351e-16 -4.903211e+00 -8.603048e+01
         vertex 2.963417e-16 -4.839628e+00 -8.636044e+01
      endloop
   endfacet
   facet normal 1.000000e+00 6.123223e-17 -4.801578e-23
      outer loop
         vertex 2.787758e-16 -4.552754e+00 -8.696557e+01
         vertex 2.963417e-16 -4.839628e+00 -8.636044e+01
         vertex 2.891207e-16 -4.721699e+00 -8.667509e+01
      endloop
   endfacet
   facet normal 1.000000e+00 6.123230e-17 -2.514117e-23
      outer loop
         vertex 2.499626e-16 -4.082199e+00 -8.744208e+01
         vertex 2.323077e-16 -3.793872e+00 -8.761466e+01
         vertex 3.002351e-16 -4.903211e+00 -8.603048e+01
      endloop
   endfacet
   facet normal 1.000000e+00 6.123239e-17 3.912117e-23
      outer loop
         vertex 3.002351e-16 -4.903211e+00 -8.603048e+01
         vertex 2.323077e-16 -3.793872e+00 -8.761466e+01
         vertex 2.131327e-16 -3.480721e+00 -8.773653e+01
      endloop
   endfacet
   facet normal 1.000000e+00 6.123230e-17 -3.463249e-23
      outer loop
         vertex 3.002351e-16 -4.903211e+00 -8.603048e+01
         vertex 2.131327e-16 -3.480721e+00 -8.773653e+01
         vertex 1.929789e-16 -3.151585e+00 -8.780425e+01
      endloop
   endfacet
   facet normal 1.000000e+00 6.123235e-17 -1.187318e-23
      outer loop
         vertex 5.873069e-16 -9.591449e+00 -1.994476e+01
         vertex 6.086500e-16 -9.940009e+00 -1.995139e+01
         vertex 7.174353e-16 -1.171661e+01 -2.215223e+01
      endloop
   endfacet
   facet normal 1.000000e+00 6.123239e-17 -4.317552e-23
      outer loop
         vertex 7.174353e-16 -1.171661e+01 -2.215223e+01
         vertex 6.086500e-16 -9.940009e+00 -1.995139e+01
         vertex 6.295985e-16 -1.028212e+01 -2.001843e+01
      endloop
   endfacet
   facet normal 1.000000e+00 6.123231e-17 5.478986e-24
      outer loop
         vertex 7.174353e-16 -1.171661e+01 -2.215223e+01
         vertex 6.295985e-16 -1.028212e+01 -2.001843e+01
         vertex 6.495158e-16 -1.060740e+01 -2.014387e+01
      endloop
   endfacet
   facet normal 1.000000e+00 6.123239e-17 -3.641571e-23
      outer loop
         vertex 6.495158e-16 -1.060740e+01 -2.014387e+01
         vertex 6.677968e-16 -1.090595e+01 -2.032388e+01
         vertex 7.174353e-16 -1.171661e+01 -2.215223e+01
      endloop
   endfacet
   facet normal 1.000000e+00 6.123214e-17 7.430995e-23
      outer loop
         vertex 7.174353e-16 -1.171661e+01 -2.215223e+01
         vertex 6.677968e-16 -1.090595e+01 -2.032388e+01
         vertex 6.838860e-16 -1.116871e+01 -2.055301e+01
      endloop
   endfacet
   facet normal 1.000000e+00 6.123234e-17 5.715216e-24
      outer loop
         vertex 7.174353e-16 -1.171661e+01 -2.215223e+01
         vertex 6.838860e-16 -1.116871e+01 -2.055301e+01
         vertex 6.972945e-16 -1.138768e+01 -2.082427e+01
      endloop
   endfacet
   facet normal 1.000000e+00 6.123295e-17 -1.465159e-22
      outer loop
         vertex 6.972945e-16 -1.138768e+01 -2.082427e+01
         vertex 7.076150e-16 -1.155623e+01 -2.112945e+01
         vertex 7.174353e-16 -1.171661e+01 -2.215223e+01
      endloop
   endfacet
   facet normal 1.000000e+00 6.123243e-17 -6.456367e-23
      outer loop
         vertex 7.174353e-16 -1.171661e+01 -2.215223e+01
         vertex 7.076150e-16 -1.155623e+01 -2.112945e+01
         vertex 7.145338e-16 -1.166922e+01 -2.145925e+01
      endloop
   endfacet
   facet normal 1.000000e+00 6.123204e-17 -3.781799e-23
      outer loop
         vertex 7.174353e-16 -1.171661e+01 -2.215223e+01
         vertex 7.145338e-16 -1.166922e+01 -2.145925e+01
         vertex 7.178407e-16 -1.172323e+01 -2.180367e+01
      endloop
   endfacet
   facet normal 1.000000e+00 6.123238e-17 9.146466e-23
      outer loop
         vertex -7.178407e-16 1.172323e+01 -2.180367e+01
         vertex -7.145338e-16 1.166922e+01 -2.145925e+01
         vertex -5.460229e-16 8.917230e+00 -2.011176e+01
      endloop
   endfacet
   facet normal 1.000000e+00 6.123236e-17 3.896132e-23
      outer loop
         vertex -5.460229e-16 8.917230e+00 -2.011176e+01
         vertex -7.145338e-16 1.166922e+01 -2.145925e+01
         vertex -7.076150e-16 1.155623e+01 -2.112945e+01
      endloop
   endfacet
   facet normal 1.000000e+00 6.123225e-17 -2.435797e-22
      outer loop
         vertex -5.460229e-16 8.917230e+00 -2.011176e+01
         vertex -7.076150e-16 1.155623e+01 -2.112945e+01
         vertex -6.972945e-16 1.138768e+01 -2.082427e+01
      endloop
   endfacet
   facet normal 1.000000e+00 6.123231e-17 -3.004059e-23
      outer loop
         vertex -6.972945e-16 1.138768e+01 -2.082427e+01
         vertex -6.838860e-16 1.116871e+01 -2.055301e+01
         vertex -5.460229e-16 8.917230e+00 -2.011176e+01
      endloop
   endfacet
   facet normal 1.000000e+00 6.123235e-17 1.644507e-22
      outer loop
         vertex -5.460229e-16 8.917230e+00 -2.011176e+01
         vertex -6.838860e-16 1.116871e+01 -2.055301e+01
         vertex -6.677968e-16 1.090595e+01 -2.032388e+01
      endloop
   endfacet
   facet normal 1.000000e+00 6.123232e-17 -7.478372e-23
      outer loop
         vertex -5.460229e-16 8.917230e+00 -2.011176e+01
         vertex -6.677968e-16 1.090595e+01 -2.032388e+01
         vertex -6.495158e-16 1.060740e+01 -2.014387e+01
      endloop
   endfacet
   facet normal 1.000000e+00 6.123232e-17 2.423864e-23
      outer loop
         vertex -1.520225e-16 2.482715e+00 -8.777119e+01
         vertex -1.724154e-16 2.815756e+00 -8.781592e+01
         vertex -3.002351e-16 4.903211e+00 -8.603048e+01
      endloop
   endfacet
   facet normal 1.000000e+00 6.123237e-17 -2.836088e-23
      outer loop
         vertex -3.002351e-16 4.903211e+00 -8.603048e+01
         vertex -1.724154e-16 2.815756e+00 -8.781592e+01
         vertex -1.929789e-16 3.151585e+00 -8.780425e+01
      endloop
   endfacet
   facet normal 1.000000e+00 6.123230e-17 3.463249e-23
      outer loop
         vertex -3.002351e-16 4.903211e+00 -8.603048e+01
         vertex -1.929789e-16 3.151585e+00 -8.780425e+01
         vertex -2.131327e-16 3.480721e+00 -8.773653e+01
      endloop
   endfacet
   facet normal 1.000000e+00 6.123234e-17 -2.858122e-26
      outer loop
         vertex -5.103151e-17 8.334077e-01 -8.753024e+01
         vertex -1.520225e-16 2.482715e+00 -8.777119e+01
         vertex -4.147996e-16 6.774192e+00 -2.093109e+01
      endloop
   endfacet
   facet normal 1.000000e+00 6.123234e-17 1.660288e-26
      outer loop
         vertex -4.147996e-16 6.774192e+00 -2.093109e+01
         vertex -1.520225e-16 2.482715e+00 -8.777119e+01
         vertex -3.002351e-16 4.903211e+00 -8.603048e+01
      endloop
   endfacet
   facet normal 1.000000e+00 6.123235e-17 -3.545840e-25
      outer loop
         vertex -4.147996e-16 6.774192e+00 -2.093109e+01
         vertex -3.002351e-16 4.903211e+00 -8.603048e+01
         vertex -5.460229e-16 8.917230e+00 -2.011176e+01
      endloop
   endfacet
   facet normal 1.000000e+00 6.123232e-17 1.416898e-24
      outer loop
         vertex -5.460229e-16 8.917230e+00 -2.011176e+01
         vertex -3.002351e-16 4.903211e+00 -8.603048e+01
         vertex -7.174353e-16 1.171661e+01 -2.215223e+01
      endloop
   endfacet
   facet normal 1.000000e+00 6.123235e-17 3.199978e-23
      outer loop
         vertex -5.460229e-16 8.917230e+00 -2.011176e+01
         vertex -7.174353e-16 1.171661e+01 -2.215223e+01
         vertex -7.178407e-16 1.172323e+01 -2.180367e+01
      endloop
   endfacet
   facet normal 1.000000e+00 6.123232e-17 2.213269e-23
      outer loop
         vertex -6.495158e-16 1.060740e+01 -2.014387e+01
         vertex -6.295985e-16 1.028212e+01 -2.001843e+01
         vertex -5.460229e-16 8.917230e+00 -2.011176e+01
      endloop
   endfacet
   facet normal 1.000000e+00 6.123234e-17 -1.957634e-22
      outer loop
         vertex -5.460229e-16 8.917230e+00 -2.011176e+01
         vertex -6.295985e-16 1.028212e+01 -2.001843e+01
         vertex -6.086500e-16 9.940009e+00 -1.995139e+01
      endloop
   endfacet
   facet normal 1.000000e+00 6.123247e-17 -1.057721e-21
      outer loop
         vertex -5.460229e-16 8.917230e+00 -2.011176e+01
         vertex -6.086500e-16 9.940009e+00 -1.995139e+01
         vertex -5.662175e-16 9.247035e+00 -1.999877e+01
      endloop
   endfacet
   facet normal 1.000000e+00 6.123236e-17 6.295938e-22
      outer loop
         vertex -5.662175e-16 9.247035e+00 -1.999877e+01
         vertex -6.086500e-16 9.940009e+00 -1.995139e+01
         vertex -5.873069e-16 9.591449e+00 -1.994476e+01
      endloop
   endfacet
   facet normal 1.000000e+00 6.123239e-17 -3.912117e-23
      outer loop
         vertex -2.131327e-16 3.480721e+00 -8.773653e+01
         vertex -2.323077e-16 3.793872e+00 -8.761466e+01
         vertex -3.002351e-16 4.903211e+00 -8.603048e+01
      endloop
   endfacet
   facet normal 1.000000e+00 6.123230e-17 2.514117e-23
      outer loop
         vertex -3.002351e-16 4.903211e+00 -8.603048e+01
         vertex -2.323077e-16 3.793872e+00 -8.761466e+01
         vertex -2.499626e-16 4.082199e+00 -8.744208e+01
      endloop
   endfacet
   facet normal 1.000000e+00 6.123231e-17 2.136096e-23
      outer loop
         vertex -3.002351e-16 4.903211e+00 -8.603048e+01
         vertex -2.499626e-16 4.082199e+00 -8.744208e+01
         vertex -2.655991e-16 4.337563e+00 -8.722366e+01
      endloop
   endfacet
   facet normal 1.000000e+00 6.123237e-17 -8.748178e-24
      outer loop
         vertex -2.655991e-16 4.337563e+00 -8.722366e+01
         vertex -2.787758e-16 4.552754e+00 -8.696557e+01
         vertex -3.002351e-16 4.903211e+00 -8.603048e+01
      endloop
   endfacet
   facet normal 1.000000e+00 6.123226e-17 3.291124e-23
      outer loop
         vertex -3.002351e-16 4.903211e+00 -8.603048e+01
         vertex -2.787758e-16 4.552754e+00 -8.696557e+01
         vertex -2.891207e-16 4.721699e+00 -8.667509e+01
      endloop
   endfacet
   facet normal 1.000000e+00 6.123232e-17 1.668470e-23
      outer loop
         vertex -3.002351e-16 4.903211e+00 -8.603048e+01
         vertex -2.891207e-16 4.721699e+00 -8.667509e+01
         vertex -2.963417e-16 4.839628e+00 -8.636044e+01
      endloop
   endfacet
   facet normal -0.000000e+00 9.819349e-01 1.892189e-01
      outer loop
         vertex 1.000000e+00 -5.897571e+00 -8.613653e+01
         vertex 5.000000e+00 -5.897571e+00 -8.613653e+01
         vertex 1.000000e+00 -5.802196e+00 -8.663148e+01
      endloop
   endfacet
   facet normal -0.000000e+00 9.819349e-01 1.892189e-01
      outer loop
         vertex 1.000000e+00 -5.802196e+00 -8.663148e+01
         vertex 5.000000e+00 -5.897571e+00 -8.613653e+01
         vertex 5.000000e+00 -5.802196e+00 -8.663148e+01
      endloop
   endfacet
   facet normal -0.000000e+00 9.363957e-01 3.509461e-01
      outer loop
         vertex 1.000000e+00 -5.802196e+00 -8.663148e+01
         vertex 5.000000e+00 -5.802196e+00 -8.663148e+01
         vertex 1.000000e+00 -5.625302e+00 -8.710346e+01
      endloop
   endfacet
   facet normal -0.000000e+00 9.363957e-01 3.509461e-01
      outer loop
         vertex 1.000000e+00 -5.625302e+00 -8.710346e+01
         vertex 5.000000e+00 -5.802196e+00 -8.663148e+01
         vertex 5.000000e+00 -5.625302e+00 -8.710346e+01
      endloop
   endfacet
   facet normal -0.000000e+00 8.644233e-01 5.027648e-01
      outer loop
         vertex 1.000000e+00 -5.625302e+00 -8.710346e+01
         vertex 5.000000e+00 -5.625302e+00 -8.710346e+01
         vertex 1.000000e+00 -5.371885e+00 -8.753917e+01
      endloop
   endfacet
   facet normal -0.000000e+00 8.644233e-01 5.027648e-01
      outer loop
         vertex 1.000000e+00 -5.371885e+00 -8.753917e+01
         vertex 5.000000e+00 -5.625302e+00 -8.710346e+01
         vertex 5.000000e+00 -5.371885e+00 -8.753917e+01
      endloop
   endfacet
   facet normal -0.000000e+00 7.680481e-01 6.403921e-01
      outer loop
         vertex 1.000000e+00 -5.371885e+00 -8.753917e+01
         vertex 5.000000e+00 -5.371885e+00 -8.753917e+01
         vertex 1.000000e+00 -5.049098e+00 -8.792631e+01
      endloop
   endfacet
   facet normal -0.000000e+00 7.680481e-01 6.403921e-01
      outer loop
         vertex 1.000000e+00 -5.049098e+00 -8.792631e+01
         vertex 5.000000e+00 -5.371885e+00 -8.753917e+01
         vertex 5.000000e+00 -5.049098e+00 -8.792631e+01
      endloop
   endfacet
   facet normal -0.000000e+00 6.499900e-01 7.599427e-01
      outer loop
         vertex 1.000000e+00 -5.049098e+00 -8.792631e+01
         vertex 5.000000e+00 -5.049098e+00 -8.792631e+01
         vertex 1.000000e+00 -4.666052e+00 -8.825393e+01
      endloop
   endfacet
   facet normal -0.000000e+00 6.499900e-01 7.599427e-01
      outer loop
         vertex 1.000000e+00 -4.666052e+00 -8.825393e+01
         vertex 5.000000e+00 -5.049098e+00 -8.792631e+01
         vertex 5.000000e+00 -4.666052e+00 -8.825393e+01
      endloop
   endfacet
   facet normal -0.000000e+00 5.135964e-01 8.580319e-01
      outer loop
         vertex 1.000000e+00 -4.666052e+00 -8.825393e+01
         vertex 5.000000e+00 -4.666052e+00 -8.825393e+01
         vertex 1.000000e+00 -4.233562e+00 -8.851281e+01
      endloop
   endfacet
   facet normal -0.000000e+00 5.135964e-01 8.580319e-01
      outer loop
         vertex 1.000000e+00 -4.233562e+00 -8.851281e+01
         vertex 5.000000e+00 -4.666052e+00 -8.825393e+01
         vertex 5.000000e+00 -4.233562e+00 -8.851281e+01
      endloop
   endfacet
   facet normal -0.000000e+00 3.626802e-01 9.319137e-01
      outer loop
         vertex 1.000000e+00 -4.233562e+00 -8.851281e+01
         vertex 5.000000e+00 -4.233562e+00 -8.851281e+01
         vertex 1.000000e+00 -3.763835e+00 -8.869562e+01
      endloop
   endfacet
   facet normal -0.000000e+00 3.626802e-01 9.319137e-01
      outer loop
         vertex 1.000000e+00 -3.763835e+00 -8.869562e+01
         vertex 5.000000e+00 -4.233562e+00 -8.851281e+01
         vertex 5.000000e+00 -3.763835e+00 -8.869562e+01
      endloop
   endfacet
   facet normal -0.000000e+00 2.015461e-01 9.794790e-01
      outer loop
         vertex 1.000000e+00 -3.763835e+00 -8.869562e+01
         vertex 5.000000e+00 -3.763835e+00 -8.869562e+01
         vertex 1.000000e+00 -3.270132e+00 -8.879720e+01
      endloop
   endfacet
   facet normal -0.000000e+00 2.015461e-01 9.794790e-01
      outer loop
         vertex 1.000000e+00 -3.270132e+00 -8.879720e+01
         vertex 5.000000e+00 -3.763835e+00 -8.869562e+01
         vertex 5.000000e+00 -3.270132e+00 -8.879720e+01
      endloop
   endfacet
   facet normal -0.000000e+00 3.470706e-02 9.993975e-01
      outer loop
         vertex 1.000000e+00 -3.270132e+00 -8.879720e+01
         vertex 5.000000e+00 -3.270132e+00 -8.879720e+01
         vertex 1.000000e+00 -2.766389e+00 -8.881470e+01
      endloop
   endfacet
   facet normal -0.000000e+00 3.470706e-02 9.993975e-01
      outer loop
         vertex 1.000000e+00 -2.766389e+00 -8.881470e+01
         vertex 5.000000e+00 -3.270132e+00 -8.879720e+01
         vertex 5.000000e+00 -2.766389e+00 -8.881470e+01
      endloop
   endfacet
   facet normal 0.000000e+00 -1.330930e-01 9.911035e-01
      outer loop
         vertex 1.000000e+00 -2.766389e+00 -8.881470e+01
         vertex 5.000000e+00 -2.766389e+00 -8.881470e+01
         vertex 1.000000e+00 -2.266827e+00 -8.874761e+01
      endloop
   endfacet
   facet normal 0.000000e+00 -1.330930e-01 9.911035e-01
      outer loop
         vertex 1.000000e+00 -2.266827e+00 -8.874761e+01
         vertex 5.000000e+00 -2.766389e+00 -8.881470e+01
         vertex 5.000000e+00 -2.266827e+00 -8.874761e+01
      endloop
   endfacet
   facet normal -0.000000e+00 1.330930e-01 9.911035e-01
      outer loop
         vertex 1.000000e+00 2.266827e+00 -8.874761e+01
         vertex 5.000000e+00 2.266827e+00 -8.874761e+01
         vertex 1.000000e+00 2.766389e+00 -8.881470e+01
      endloop
   endfacet
   facet normal -0.000000e+00 1.330930e-01 9.911035e-01
      outer loop
         vertex 1.000000e+00 2.766389e+00 -8.881470e+01
         vertex 5.000000e+00 2.266827e+00 -8.874761e+01
         vertex 5.000000e+00 2.766389e+00 -8.881470e+01
      endloop
   endfacet
   facet normal 0.000000e+00 -3.470706e-02 9.993975e-01
      outer loop
         vertex 1.000000e+00 2.766389e+00 -8.881470e+01
         vertex 5.000000e+00 2.766389e+00 -8.881470e+01
         vertex 1.000000e+00 3.270132e+00 -8.879720e+01
      endloop
   endfacet
   facet normal 0.000000e+00 -3.470706e-02 9.993975e-01
      outer loop
         vertex 1.000000e+00 3.270132e+00 -8.879720e+01
         vertex 5.000000e+00 2.766389e+00 -8.881470e+01
         vertex 5.000000e+00 3.270132e+00 -8.879720e+01
      endloop
   endfacet
   facet normal 0.000000e+00 -2.015461e-01 9.794790e-01
      outer loop
         vertex 1.000000e+00 3.270132e+00 -8.879720e+01
         vertex 5.000000e+00 3.270132e+00 -8.879720e+01
         vertex 1.000000e+00 3.763835e+00 -8.869562e+01
      endloop
   endfacet
   facet normal 0.000000e+00 -2.015461e-01 9.794790e-01
      outer loop
         vertex 1.000000e+00 3.763835e+00 -8.869562e+01
         vertex 5.000000e+00 3.270132e+00 -8.879720e+01
         vertex 5.000000e+00 3.763835e+00 -8.869562e+01
      endloop
   endfacet
   facet normal 0.000000e+00 -3.626802e-01 9.319137e-01
      outer loop
         vertex 1.000000e+00 3.763835e+00 -8.869562e+01
         vertex 5.000000e+00 3.763835e+00 -8.869562e+01
         vertex 1.000000e+00 4.233562e+00 -8.851281e+01
      endloop
   endfacet
   facet normal 0.000000e+00 -3.626802e-01 9.319137e-01
      outer loop
         vertex 1.000000e+00 4.233562e+00 -8.851281e+01
         vertex 5.000000e+00 3.763835e+00 -8.869562e+01
         vertex 5.000000e+00 4.233562e+00 -8.851281e+01
      endloop
   endfacet
   facet normal 0.000000e+00 -5.135964e-01 8.580319e-01
      outer loop
         vertex 1.000000e+00 4.233562e+00 -8.851281e+01
         vertex 5.000000e+00 4.233562e+00 -8.851281e+01
         vertex 1.000000e+00 4.666052e+00 -8.825393e+01
      endloop
   endfacet
   facet normal 0.000000e+00 -5.135964e-01 8.580319e-01
      outer loop
         vertex 1.000000e+00 4.666052e+00 -8.825393e+01
         vertex 5.000000e+00 4.233562e+00 -8.851281e+01
         vertex 5.000000e+00 4.666052e+00 -8.825393e+01
      endloop
   endfacet
   facet normal 0.000000e+00 -6.499900e-01 7.599427e-01
      outer loop
         vertex 1.000000e+00 4.666052e+00 -8.825393e+01
         vertex 5.000000e+00 4.666052e+00 -8.825393e+01
         vertex 1.000000e+00 5.049098e+00 -8.792631e+01
      endloop
   endfacet
   facet normal 0.000000e+00 -6.499900e-01 7.599427e-01
      outer loop
         vertex 1.000000e+00 5.049098e+00 -8.792631e+01
         vertex 5.000000e+00 4.666052e+00 -8.825393e+01
         vertex 5.000000e+00 5.049098e+00 -8.792631e+01
      endloop
   endfacet
   facet normal 0.000000e+00 -7.680481e-01 6.403921e-01
      outer loop
         vertex 1.000000e+00 5.049098e+00 -8.792631e+01
         vertex 5.000000e+00 5.049098e+00 -8.792631e+01
         vertex 1.000000e+00 5.371885e+00 -8.753917e+01
      endloop
   endfacet
   facet normal 0.000000e+00 -7.680481e-01 6.403921e-01
      outer loop
         vertex 1.000000e+00 5.371885e+00 -8.753917e+01
         vertex 5.000000e+00 5.049098e+00 -8.792631e+01
         vertex 5.000000e+00 5.371885e+00 -8.753917e+01
      endloop
   endfacet
   facet normal 0.000000e+00 -8.644233e-01 5.027648e-01
      outer loop
         vertex 1.000000e+00 5.371885e+00 -8.753917e+01
         vertex 5.000000e+00 5.371885e+00 -8.753917e+01
         vertex 1.000000e+00 5.625302e+00 -8.710346e+01
      endloop
   endfacet
   facet normal 0.000000e+00 -8.644233e-01 5.027648e-01
      outer loop
         vertex 1.000000e+00 5.625302e+00 -8.710346e+01
         vertex 5.000000e+00 5.371885e+00 -8.753917e+01
         vertex 5.000000e+00 5.625302e+00 -8.710346e+01
      endloop
   endfacet
   facet normal 0.000000e+00 -9.363957e-01 3.509461e-01
      outer loop
         vertex 1.000000e+00 5.625302e+00 -8.710346e+01
         vertex 5.000000e+00 5.625302e+00 -8.710346e+01
         vertex 1.000000e+00 5.802196e+00 -8.663148e+01
      endloop
   endfacet
   facet normal 0.000000e+00 -9.363957e-01 3.509461e-01
      outer loop
         vertex 1.000000e+00 5.802196e+00 -8.663148e+01
         vertex 5.000000e+00 5.625302e+00 -8.710346e+01
         vertex 5.000000e+00 5.802196e+00 -8.663148e+01
      endloop
   endfacet
   facet normal 0.000000e+00 -9.819349e-01 1.892189e-01
      outer loop
         vertex 1.000000e+00 5.802196e+00 -8.663148e+01
         vertex 5.000000e+00 5.802196e+00 -8.663148e+01
         vertex 1.000000e+00 5.897571e+00 -8.613653e+01
      endloop
   endfacet
   facet normal 0.000000e+00 -9.819349e-01 1.892189e-01
      outer loop
         vertex 1.000000e+00 5.897571e+00 -8.613653e+01
         vertex 5.000000e+00 5.802196e+00 -8.663148e+01
         vertex 5.000000e+00 5.897571e+00 -8.613653e+01
      endloop
   endfacet
   facet normal 0.000000e+00 -3.241125e-01 -9.460185e-01
      outer loop
         vertex 1.000000e+00 -8.511902e+00 -1.919759e+01
         vertex 5.000000e+00 -8.511902e+00 -1.919759e+01
         vertex 1.000000e+00 -9.006607e+00 -1.902810e+01
      endloop
   endfacet
   facet normal 0.000000e+00 -3.241125e-01 -9.460185e-01
      outer loop
         vertex 1.000000e+00 -9.006607e+00 -1.902810e+01
         vertex 5.000000e+00 -8.511902e+00 -1.919759e+01
         vertex 5.000000e+00 -9.006607e+00 -1.902810e+01
      endloop
   endfacet
   facet normal 0.000000e+00 -1.549109e-01 -9.879285e-01
      outer loop
         vertex 1.000000e+00 -9.006607e+00 -1.902810e+01
         vertex 5.000000e+00 -9.006607e+00 -1.902810e+01
         vertex 1.000000e+00 -9.523230e+00 -1.894709e+01
      endloop
   endfacet
   facet normal 0.000000e+00 -1.549109e-01 -9.879285e-01
      outer loop
         vertex 1.000000e+00 -9.523230e+00 -1.894709e+01
         vertex 5.000000e+00 -9.006607e+00 -1.902810e+01
         vertex 5.000000e+00 -9.523230e+00 -1.894709e+01
      endloop
   endfacet
   facet normal 0.000000e+00 1.899211e-02 -9.998196e-01
      outer loop
         vertex 1.000000e+00 -9.523230e+00 -1.894709e+01
         vertex 5.000000e+00 -9.523230e+00 -1.894709e+01
         vertex 1.000000e+00 -1.004607e+01 -1.895703e+01
      endloop
   endfacet
   facet normal 0.000000e+00 1.899211e-02 -9.998196e-01
      outer loop
         vertex 1.000000e+00 -1.004607e+01 -1.895703e+01
         vertex 5.000000e+00 -9.523230e+00 -1.894709e+01
         vertex 5.000000e+00 -1.004607e+01 -1.895703e+01
      endloop
   endfacet
   facet normal 0.000000e+00 1.923216e-01 -9.813320e-01
      outer loop
         vertex 1.000000e+00 -1.004607e+01 -1.895703e+01
         vertex 5.000000e+00 -1.004607e+01 -1.895703e+01
         vertex 1.000000e+00 -1.055924e+01 -1.905760e+01
      endloop
   endfacet
   facet normal 0.000000e+00 1.923216e-01 -9.813320e-01
      outer loop
         vertex 1.000000e+00 -1.055924e+01 -1.905760e+01
         vertex 5.000000e+00 -1.004607e+01 -1.895703e+01
         vertex 5.000000e+00 -1.055924e+01 -1.905760e+01
      endloop
   endfacet
   facet normal 0.000000e+00 3.598035e-01 -9.330281e-01
      outer loop
         vertex 1.000000e+00 -1.055924e+01 -1.905760e+01
         vertex 5.000000e+00 -1.055924e+01 -1.905760e+01
         vertex 1.000000e+00 -1.104715e+01 -1.924575e+01
      endloop
   endfacet
   facet normal 0.000000e+00 3.598035e-01 -9.330281e-01
      outer loop
         vertex 1.000000e+00 -1.104715e+01 -1.924575e+01
         vertex 5.000000e+00 -1.055924e+01 -1.905760e+01
         vertex 5.000000e+00 -1.104715e+01 -1.924575e+01
      endloop
   endfacet
   facet normal 0.000000e+00 5.163585e-01 -8.563725e-01
      outer loop
         vertex 1.000000e+00 -1.104715e+01 -1.924575e+01
         vertex 5.000000e+00 -1.104715e+01 -1.924575e+01
         vertex 1.000000e+00 -1.149498e+01 -1.951577e+01
      endloop
   endfacet
   facet normal 0.000000e+00 5.163585e-01 -8.563725e-01
      outer loop
         vertex 1.000000e+00 -1.149498e+01 -1.951577e+01
         vertex 5.000000e+00 -1.104715e+01 -1.924575e+01
         vertex 5.000000e+00 -1.149498e+01 -1.951577e+01
      endloop
   endfacet
   facet normal 0.000000e+00 6.572224e-01 -7.536967e-01
      outer loop
         vertex 1.000000e+00 -1.149498e+01 -1.951577e+01
         vertex 5.000000e+00 -1.149498e+01 -1.951577e+01
         vertex 1.000000e+00 -1.188911e+01 -1.985946e+01
      endloop
   endfacet
   facet normal 0.000000e+00 6.572224e-01 -7.536967e-01
      outer loop
         vertex 1.000000e+00 -1.188911e+01 -1.985946e+01
         vertex 5.000000e+00 -1.149498e+01 -1.951577e+01
         vertex 5.000000e+00 -1.188911e+01 -1.985946e+01
      endloop
   endfacet
   facet normal 0.000000e+00 7.781137e-01 -6.281234e-01
      outer loop
         vertex 1.000000e+00 -1.188911e+01 -1.985946e+01
         vertex 5.000000e+00 -1.188911e+01 -1.985946e+01
         vertex 1.000000e+00 -1.221758e+01 -2.026636e+01
      endloop
   endfacet
   facet normal 0.000000e+00 7.781137e-01 -6.281234e-01
      outer loop
         vertex 1.000000e+00 -1.221758e+01 -2.026636e+01
         vertex 5.000000e+00 -1.188911e+01 -1.985946e+01
         vertex 5.000000e+00 -1.221758e+01 -2.026636e+01
      endloop
   endfacet
   facet normal 0.000000e+00 8.753661e-01 -4.834606e-01
      outer loop
         vertex 1.000000e+00 -1.221758e+01 -2.026636e+01
         vertex 5.000000e+00 -1.221758e+01 -2.026636e+01
         vertex 1.000000e+00 -1.247040e+01 -2.072412e+01
      endloop
   endfacet
   facet normal 0.000000e+00 8.753661e-01 -4.834606e-01
      outer loop
         vertex 1.000000e+00 -1.247040e+01 -2.072412e+01
         vertex 5.000000e+00 -1.221758e+01 -2.026636e+01
         vertex 5.000000e+00 -1.247040e+01 -2.072412e+01
      endloop
   endfacet
   facet normal 0.000000e+00 9.460191e-01 -3.241109e-01
      outer loop
         vertex 1.000000e+00 -1.247040e+01 -2.072412e+01
         vertex 5.000000e+00 -1.247040e+01 -2.072412e+01
         vertex 1.000000e+00 -1.263989e+01 -2.121883e+01
      endloop
   endfacet
   facet normal 0.000000e+00 9.460191e-01 -3.241109e-01
      outer loop
         vertex 1.000000e+00 -1.263989e+01 -2.121883e+01
         vertex 5.000000e+00 -1.247040e+01 -2.072412e+01
         vertex 5.000000e+00 -1.263989e+01 -2.121883e+01
      endloop
   endfacet
   facet normal 0.000000e+00 9.879281e-01 -1.549129e-01
      outer loop
         vertex 1.000000e+00 -1.263989e+01 -2.121883e+01
         vertex 5.000000e+00 -1.263989e+01 -2.121883e+01
         vertex 1.000000e+00 -1.272090e+01 -2.173545e+01
      endloop
   endfacet
   facet normal 0.000000e+00 9.879281e-01 -1.549129e-01
      outer loop
         vertex 1.000000e+00 -1.272090e+01 -2.173545e+01
         vertex 5.000000e+00 -1.263989e+01 -2.121883e+01
         vertex 5.000000e+00 -1.272090e+01 -2.173545e+01
      endloop
   endfacet
   facet normal -0.000000e+00 9.998196e-01 1.899208e-02
      outer loop
         vertex 1.000000e+00 -1.272090e+01 -2.173545e+01
         vertex 5.000000e+00 -1.272090e+01 -2.173545e+01
         vertex 1.000000e+00 -1.271097e+01 -2.225829e+01
      endloop
   endfacet
   facet normal -0.000000e+00 9.998196e-01 1.899208e-02
      outer loop
         vertex 1.000000e+00 -1.271097e+01 -2.225829e+01
         vertex 5.000000e+00 -1.272090e+01 -2.173545e+01
         vertex 5.000000e+00 -1.271097e+01 -2.225829e+01
      endloop
   endfacet
   facet normal 0.000000e+00 -9.998196e-01 1.899208e-02
      outer loop
         vertex 1.000000e+00 1.271097e+01 -2.225829e+01
         vertex 5.000000e+00 1.271097e+01 -2.225829e+01
         vertex 1.000000e+00 1.272090e+01 -2.173545e+01
      endloop
   endfacet
   facet normal 0.000000e+00 -9.998196e-01 1.899208e-02
      outer loop
         vertex 1.000000e+00 1.272090e+01 -2.173545e+01
         vertex 5.000000e+00 1.271097e+01 -2.225829e+01
         vertex 5.000000e+00 1.272090e+01 -2.173545e+01
      endloop
   endfacet
   facet normal 0.000000e+00 -9.879281e-01 -1.549129e-01
      outer loop
         vertex 1.000000e+00 1.272090e+01 -2.173545e+01
         vertex 5.000000e+00 1.272090e+01 -2.173545e+01
         vertex 1.000000e+00 1.263989e+01 -2.121883e+01
      endloop
   endfacet
   facet normal 0.000000e+00 -9.879281e-01 -1.549129e-01
      outer loop
         vertex 1.000000e+00 1.263989e+01 -2.121883e+01
         vertex 5.000000e+00 1.272090e+01 -2.173545e+01
         vertex 5.000000e+00 1.263989e+01 -2.121883e+01
      endloop
   endfacet
   facet normal 0.000000e+00 -9.460191e-01 -3.241109e-01
      outer loop
         vertex 1.000000e+00 1.263989e+01 -2.121883e+01
         vertex 5.000000e+00 1.263989e+01 -2.121883e+01
         vertex 1.000000e+00 1.247040e+01 -2.072412e+01
      endloop
   endfacet
   facet normal 0.000000e+00 -9.460191e-01 -3.241109e-01
      outer loop
         vertex 1.000000e+00 1.247040e+01 -2.072412e+01
         vertex 5.000000e+00 1.263989e+01 -2.121883e+01
         vertex 5.000000e+00 1.247040e+01 -2.072412e+01
      endloop
   endfacet
   facet normal 0.000000e+00 -8.753661e-01 -4.834606e-01
      outer loop
         vertex 1.000000e+00 1.247040e+01 -2.072412e+01
         vertex 5.000000e+00 1.247040e+01 -2.072412e+01
         vertex 1.000000e+00 1.221758e+01 -2.026636e+01
      endloop
   endfacet
   facet normal 0.000000e+00 -8.753661e-01 -4.834606e-01
      outer loop
         vertex 1.000000e+00 1.221758e+01 -2.026636e+01
         vertex 5.000000e+00 1.247040e+01 -2.072412e+01
         vertex 5.000000e+00 1.221758e+01 -2.026636e+01
      endloop
   endfacet
   facet normal 0.000000e+00 -7.781137e-01 -6.281234e-01
      outer loop
         vertex 1.000000e+00 1.221758e+01 -2.026636e+01
         vertex 5.000000e+00 1.221758e+01 -2.026636e+01
         vertex 1.000000e+00 1.188911e+01 -1.985946e+01
      endloop
   endfacet
   facet normal 0.000000e+00 -7.781137e-01 -6.281234e-01
      outer loop
         vertex 1.000000e+00 1.188911e+01 -1.985946e+01
         vertex 5.000000e+00 1.221758e+01 -2.026636e+01
         vertex 5.000000e+00 1.188911e+01 -1.985946e+01
      endloop
   endfacet
   facet normal 0.000000e+00 -6.572224e-01 -7.536967e-01
      outer loop
         vertex 1.000000e+00 1.188911e+01 -1.985946e+01
         vertex 5.000000e+00 1.188911e+01 -1.985946e+01
         vertex 1.000000e+00 1.149498e+01 -1.951577e+01
      endloop
   endfacet
   facet normal 0.000000e+00 -6.572224e-01 -7.536967e-01
      outer loop
         vertex 1.000000e+00 1.149498e+01 -1.951577e+01
         vertex 5.000000e+00 1.188911e+01 -1.985946e+01
         vertex 5.000000e+00 1.149498e+01 -1.951577e+01
      endloop
   endfacet
   facet normal 0.000000e+00 -5.163585e-01 -8.563725e-01
      outer loop
         vertex 1.000000e+00 1.149498e+01 -1.951577e+01
         vertex 5.000000e+00 1.149498e+01 -1.951577e+01
         vertex 1.000000e+00 1.104715e+01 -1.924575e+01
      endloop
   endfacet
   facet normal 0.000000e+00 -5.163585e-01 -8.563725e-01
      outer loop
         vertex 1.000000e+00 1.104715e+01 -1.924575e+01
         vertex 5.000000e+00 1.149498e+01 -1.951577e+01
         vertex 5.000000e+00 1.104715e+01 -1.924575e+01
      endloop
   endfacet
   facet normal 0.000000e+00 -3.598035e-01 -9.330281e-01
      outer loop
         vertex 1.000000e+00 1.104715e+01 -1.924575e+01
         vertex 5.000000e+00 1.104715e+01 -1.924575e+01
         vertex 1.000000e+00 1.055924e+01 -1.905760e+01
      endloop
   endfacet
   facet normal 0.000000e+00 -3.598035e-01 -9.330281e-01
      outer loop
         vertex 1.000000e+00 1.055924e+01 -1.905760e+01
         vertex 5.000000e+00 1.104715e+01 -1.924575e+01
         vertex 5.000000e+00 1.055924e+01 -1.905760e+01
      endloop
   endfacet
   facet normal 0.000000e+00 -1.923216e-01 -9.813320e-01
      outer loop
         vertex 1.000000e+00 1.055924e+01 -1.905760e+01
         vertex 5.000000e+00 1.055924e+01 -1.905760e+01
         vertex 1.000000e+00 1.004607e+01 -1.895703e+01
      endloop
   endfacet
   facet normal 0.000000e+00 -1.923216e-01 -9.813320e-01
      outer loop
         vertex 1.000000e+00 1.004607e+01 -1.895703e+01
         vertex 5.000000e+00 1.055924e+01 -1.905760e+01
         vertex 5.000000e+00 1.004607e+01 -1.895703e+01
      endloop
   endfacet
   facet normal 0.000000e+00 -1.899211e-02 -9.998196e-01
      outer loop
         vertex 1.000000e+00 1.004607e+01 -1.895703e+01
         vertex 5.000000e+00 1.004607e+01 -1.895703e+01
         vertex 1.000000e+00 9.523230e+00 -1.894709e+01
      endloop
   endfacet
   facet normal 0.000000e+00 -1.899211e-02 -9.998196e-01
      outer loop
         vertex 1.000000e+00 9.523230e+00 -1.894709e+01
         vertex 5.000000e+00 1.004607e+01 -1.895703e+01
         vertex 5.000000e+00 9.523230e+00 -1.894709e+01
      endloop
   endfacet
   facet normal 0.000000e+00 1.549109e-01 -9.879285e-01
      outer loop
         vertex 1.000000e+00 9.523230e+00 -1.894709e+01
         vertex 5.000000e+00 9.523230e+00 -1.894709e+01
         vertex 1.000000e+00 9.006607e+00 -1.902810e+01
      endloop
   endfacet
   facet normal 0.000000e+00 1.549109e-01 -9.879285e-01
      outer loop
         vertex 1.000000e+00 9.006607e+00 -1.902810e+01
         vertex 5.000000e+00 9.523230e+00 -1.894709e+01
         vertex 5.000000e+00 9.006607e+00 -1.902810e+01
      endloop
   endfacet
   facet normal 0.000000e+00 3.241125e-01 -9.460185e-01
      outer loop
         vertex 1.000000e+00 9.006607e+00 -1.902810e+01
         vertex 5.000000e+00 9.006607e+00 -1.902810e+01
         vertex 1.000000e+00 8.511902e+00 -1.919759e+01
      endloop
   endfacet
   facet normal 0.000000e+00 3.241125e-01 -9.460185e-01
      outer loop
         vertex 1.000000e+00 8.511902e+00 -1.919759e+01
         vertex 5.000000e+00 9.006607e+00 -1.902810e+01
         vertex 5.000000e+00 8.511902e+00 -1.919759e+01
      endloop
   endfacet
   facet normal 9.961678e-01 1.164132e-02 8.668454e-02
      outer loop
         vertex -1.904017e-16 2.482715e+00 -8.777119e+01
         vertex 1.519225e-02 2.445227e+00 -8.794075e+01
         vertex -2.107946e-16 2.815756e+00 -8.781592e+01
      endloop
   endfacet
   facet normal 9.961677e-01 1.164106e-02 8.668530e-02
      outer loop
         vertex -2.107946e-16 2.815756e+00 -8.781592e+01
         vertex 1.519225e-02 2.445227e+00 -8.794075e+01
         vertex 1.519225e-02 2.807184e+00 -8.798935e+01
      endloop
   endfacet
   facet normal 9.961677e-01 -3.036894e-03 8.741081e-02
      outer loop
         vertex -2.107946e-16 2.815756e+00 -8.781592e+01
         vertex 1.519225e-02 2.807184e+00 -8.798935e+01
         vertex -2.313582e-16 3.151585e+00 -8.780425e+01
      endloop
   endfacet
   facet normal 9.961680e-01 -3.035050e-03 8.740740e-02
      outer loop
         vertex -2.313582e-16 3.151585e+00 -8.780425e+01
         vertex 1.519225e-02 2.807184e+00 -8.798935e+01
         vertex 1.519225e-02 3.172170e+00 -8.797668e+01
      endloop
   endfacet
   facet normal 9.961680e-01 -1.762534e-02 8.566554e-02
      outer loop
         vertex -2.313582e-16 3.151585e+00 -8.780425e+01
         vertex 1.519225e-02 3.172170e+00 -8.797668e+01
         vertex -2.515119e-16 3.480721e+00 -8.773653e+01
      endloop
   endfacet
   facet normal 9.961678e-01 -1.762742e-02 8.566820e-02
      outer loop
         vertex -2.515119e-16 3.480721e+00 -8.773653e+01
         vertex 1.519225e-02 3.172170e+00 -8.797668e+01
         vertex 1.519225e-02 3.529883e+00 -8.790307e+01
      endloop
   endfacet
   facet normal 9.961678e-01 -3.172225e-02 8.150751e-02
      outer loop
         vertex -2.515119e-16 3.480721e+00 -8.773653e+01
         vertex 1.519225e-02 3.529883e+00 -8.790307e+01
         vertex -2.706869e-16 3.793872e+00 -8.761466e+01
      endloop
   endfacet
   facet normal 9.961679e-01 -3.172148e-02 8.150681e-02
      outer loop
         vertex -2.706869e-16 3.793872e+00 -8.761466e+01
         vertex 1.519225e-02 3.529883e+00 -8.790307e+01
         vertex 1.519225e-02 3.870223e+00 -8.777062e+01
      endloop
   endfacet
   facet normal 9.961679e-01 -4.491876e-02 7.504610e-02
      outer loop
         vertex -2.706869e-16 3.793872e+00 -8.761466e+01
         vertex 1.519225e-02 3.870223e+00 -8.777062e+01
         vertex -2.883419e-16 4.082199e+00 -8.744208e+01
      endloop
   endfacet
   facet normal 9.961676e-01 -4.492135e-02 7.504776e-02
      outer loop
         vertex -2.883419e-16 4.082199e+00 -8.744208e+01
         vertex 1.519225e-02 3.870223e+00 -8.777062e+01
         vertex 1.519225e-02 4.183584e+00 -8.758305e+01
      endloop
   endfacet
   facet normal 9.961676e-01 -5.685186e-02 6.646752e-02
      outer loop
         vertex -2.883419e-16 4.082199e+00 -8.744208e+01
         vertex 1.519225e-02 4.183584e+00 -8.758305e+01
         vertex -3.039784e-16 4.337563e+00 -8.722366e+01
      endloop
   endfacet
   facet normal 9.961677e-01 -5.685099e-02 6.646716e-02
      outer loop
         vertex -3.039784e-16 4.337563e+00 -8.722366e+01
         vertex 1.519225e-02 4.183584e+00 -8.758305e+01
         vertex 1.519225e-02 4.461119e+00 -8.734567e+01
      endloop
   endfacet
   facet normal 9.961677e-01 -6.717633e-02 5.601098e-02
      outer loop
         vertex -3.039784e-16 4.337563e+00 -8.722366e+01
         vertex 1.519225e-02 4.461119e+00 -8.734567e+01
         vertex -3.171551e-16 4.552754e+00 -8.696557e+01
      endloop
   endfacet
   facet normal 9.961678e-01 -6.717471e-02 5.601060e-02
      outer loop
         vertex -3.171551e-16 4.552754e+00 -8.696557e+01
         vertex 1.519225e-02 4.461119e+00 -8.734567e+01
         vertex 1.519225e-02 4.694995e+00 -8.706518e+01
      endloop
   endfacet
   facet normal 9.961678e-01 -7.560452e-02 4.397263e-02
      outer loop
         vertex -3.171551e-16 4.552754e+00 -8.696557e+01
         vertex 1.519225e-02 4.694995e+00 -8.706518e+01
         vertex -3.275000e-16 4.721699e+00 -8.667509e+01
      endloop
   endfacet
   facet normal 9.961678e-01 -7.560456e-02 4.397263e-02
      outer loop
         vertex -3.275000e-16 4.721699e+00 -8.667509e+01
         vertex 1.519225e-02 4.694995e+00 -8.706518e+01
         vertex 1.519225e-02 4.878608e+00 -8.674948e+01
      endloop
   endfacet
   facet normal 9.961678e-01 -8.189915e-02 3.069497e-02
      outer loop
         vertex -3.275000e-16 4.721699e+00 -8.667509e+01
         vertex 1.519225e-02 4.878608e+00 -8.674948e+01
         vertex -3.347210e-16 4.839628e+00 -8.636044e+01
      endloop
   endfacet
   facet normal 9.961678e-01 -8.189954e-02 3.069493e-02
      outer loop
         vertex -3.347210e-16 4.839628e+00 -8.636044e+01
         vertex 1.519225e-02 4.878608e+00 -8.674948e+01
         vertex 1.519225e-02 5.006776e+00 -8.640750e+01
      endloop
   endfacet
   facet normal 9.961678e-01 -8.588259e-02 1.654949e-02
      outer loop
         vertex -3.347210e-16 4.839628e+00 -8.636044e+01
         vertex 1.519225e-02 5.006776e+00 -8.640750e+01
         vertex -3.386144e-16 4.903211e+00 -8.603048e+01
      endloop
   endfacet
   facet normal 9.961678e-01 -8.588256e-02 1.654950e-02
      outer loop
         vertex -3.386144e-16 4.903211e+00 -8.603048e+01
         vertex 1.519225e-02 5.006776e+00 -8.640750e+01
         vertex 1.519225e-02 5.075880e+00 -8.604889e+01
      endloop
   endfacet
   facet normal 9.656971e-01 3.456124e-02 2.573608e-01
      outer loop
         vertex 1.519225e-02 2.445227e+00 -8.794075e+01
         vertex 6.030738e-02 2.408877e+00 -8.810515e+01
         vertex 1.519225e-02 2.807184e+00 -8.798935e+01
      endloop
   endfacet
   facet normal 9.656962e-01 3.456001e-02 2.573646e-01
      outer loop
         vertex 1.519225e-02 2.807184e+00 -8.798935e+01
         vertex 6.030738e-02 2.408877e+00 -8.810515e+01
         vertex 6.030738e-02 2.798872e+00 -8.815752e+01
      endloop
   endfacet
   facet normal 9.656962e-01 -9.011259e-03 2.595182e-01
      outer loop
         vertex 1.519225e-02 2.807184e+00 -8.798935e+01
         vertex 6.030738e-02 2.798872e+00 -8.815752e+01
         vertex 1.519225e-02 3.172170e+00 -8.797668e+01
      endloop
   endfacet
   facet normal 9.656955e-01 -9.012525e-03 2.595207e-01
      outer loop
         vertex 1.519225e-02 3.172170e+00 -8.797668e+01
         vertex 6.030738e-02 2.798872e+00 -8.815752e+01
         vertex 6.030738e-02 3.192130e+00 -8.814386e+01
      endloop
   endfacet
   facet normal 9.656955e-01 -5.233570e-02 2.543484e-01
      outer loop
         vertex 1.519225e-02 3.172170e+00 -8.797668e+01
         vertex 6.030738e-02 3.192130e+00 -8.814386e+01
         vertex 1.519225e-02 3.529883e+00 -8.790307e+01
      endloop
   endfacet
   facet normal 9.656962e-01 -5.233411e-02 2.543462e-01
      outer loop
         vertex 1.519225e-02 3.529883e+00 -8.790307e+01
         vertex 6.030738e-02 3.192130e+00 -8.814386e+01
         vertex 6.030738e-02 3.577551e+00 -8.806456e+01
      endloop
   endfacet
   facet normal 9.656962e-01 -9.418095e-02 2.419934e-01
      outer loop
         vertex 1.519225e-02 3.529883e+00 -8.790307e+01
         vertex 6.030738e-02 3.577551e+00 -8.806456e+01
         vertex 1.519225e-02 3.870223e+00 -8.777062e+01
      endloop
   endfacet
   facet normal 9.656964e-01 -9.418032e-02 2.419928e-01
      outer loop
         vertex 1.519225e-02 3.870223e+00 -8.777062e+01
         vertex 6.030738e-02 3.577551e+00 -8.806456e+01
         vertex 6.030738e-02 3.944254e+00 -8.792184e+01
      endloop
   endfacet
   facet normal 9.656963e-01 -1.333669e-01 2.228092e-01
      outer loop
         vertex 1.519225e-02 3.870223e+00 -8.777062e+01
         vertex 6.030738e-02 3.944254e+00 -8.792184e+01
         vertex 1.519225e-02 4.183584e+00 -8.758305e+01
      endloop
   endfacet
   facet normal 9.656965e-01 -1.333661e-01 2.228086e-01
      outer loop
         vertex 1.519225e-02 4.183584e+00 -8.758305e+01
         vertex 6.030738e-02 3.944254e+00 -8.792184e+01
         vertex 6.030738e-02 4.281889e+00 -8.771975e+01
      endloop
   endfacet
   facet normal 9.656965e-01 -1.687864e-01 1.973360e-01
      outer loop
         vertex 1.519225e-02 4.183584e+00 -8.758305e+01
         vertex 6.030738e-02 4.281889e+00 -8.771975e+01
         vertex 1.519225e-02 4.461119e+00 -8.734567e+01
      endloop
   endfacet
   facet normal 9.656963e-01 -1.687869e-01 1.973363e-01
      outer loop
         vertex 1.519225e-02 4.461119e+00 -8.734567e+01
         vertex 6.030738e-02 4.281889e+00 -8.771975e+01
         vertex 6.030738e-02 4.580922e+00 -8.746397e+01
      endloop
   endfacet
   facet normal 9.656963e-01 -1.994410e-01 1.662949e-01
      outer loop
         vertex 1.519225e-02 4.461119e+00 -8.734567e+01
         vertex 6.030738e-02 4.580922e+00 -8.746397e+01
         vertex 1.519225e-02 4.694995e+00 -8.706518e+01
      endloop
   endfacet
   facet normal 9.656965e-01 -1.994399e-01 1.662946e-01
      outer loop
         vertex 1.519225e-02 4.694995e+00 -8.706518e+01
         vertex 6.030738e-02 4.580922e+00 -8.746397e+01
         vertex 6.030738e-02 4.832914e+00 -8.716176e+01
      endloop
   endfacet
   facet normal 9.656964e-01 -2.244685e-01 1.305539e-01
      outer loop
         vertex 1.519225e-02 4.694995e+00 -8.706518e+01
         vertex 6.030738e-02 4.832914e+00 -8.716176e+01
         vertex 1.519225e-02 4.878608e+00 -8.674948e+01
      endloop
   endfacet
   facet normal 9.656966e-01 -2.244677e-01 1.305538e-01
      outer loop
         vertex 1.519225e-02 4.878608e+00 -8.674948e+01
         vertex 6.030738e-02 4.832914e+00 -8.716176e+01
         vertex 6.030738e-02 5.030749e+00 -8.682161e+01
      endloop
   endfacet
   facet normal 9.656964e-01 -2.431571e-01 9.113225e-02
      outer loop
         vertex 1.519225e-02 4.878608e+00 -8.674948e+01
         vertex 6.030738e-02 5.030749e+00 -8.682161e+01
         vertex 1.519225e-02 5.006776e+00 -8.640750e+01
      endloop
   endfacet
   facet normal 9.656958e-01 -2.431597e-01 9.113202e-02
      outer loop
         vertex 1.519225e-02 5.006776e+00 -8.640750e+01
         vertex 6.030738e-02 5.030749e+00 -8.682161e+01
         vertex 6.030738e-02 5.168845e+00 -8.645314e+01
      endloop
   endfacet
   facet normal 9.656958e-01 -2.549849e-01 4.913540e-02
      outer loop
         vertex 1.519225e-02 5.006776e+00 -8.640750e+01
         vertex 6.030738e-02 5.168845e+00 -8.645314e+01
         vertex 1.519225e-02 5.075880e+00 -8.604889e+01
      endloop
   endfacet
   facet normal 9.656961e-01 -2.549837e-01 4.913573e-02
      outer loop
         vertex 1.519225e-02 5.075880e+00 -8.604889e+01
         vertex 6.030738e-02 5.168845e+00 -8.645314e+01
         vertex 6.030738e-02 5.243302e+00 -8.606675e+01
      endloop
   endfacet
   facet normal 9.057279e-01 5.641134e-02 4.200891e-01
      outer loop
         vertex 6.030738e-02 2.408877e+00 -8.810515e+01
         vertex 1.339746e-01 2.374771e+00 -8.825940e+01
         vertex 6.030738e-02 2.798872e+00 -8.815752e+01
      endloop
   endfacet
   facet normal 9.057342e-01 5.641588e-02 4.200748e-01
      outer loop
         vertex 6.030738e-02 2.798872e+00 -8.815752e+01
         vertex 1.339746e-01 2.374771e+00 -8.825940e+01
         vertex 1.339746e-01 2.791073e+00 -8.831531e+01
      endloop
   endfacet
   facet normal 9.057344e-01 -1.471027e-02 4.235904e-01
      outer loop
         vertex 6.030738e-02 2.798872e+00 -8.815752e+01
         vertex 1.339746e-01 2.791073e+00 -8.831531e+01
         vertex 6.030738e-02 3.192130e+00 -8.814386e+01
      endloop
   endfacet
   facet normal 9.057317e-01 -1.471314e-02 4.235960e-01
      outer loop
         vertex 6.030738e-02 3.192130e+00 -8.814386e+01
         vertex 1.339746e-01 2.791073e+00 -8.831531e+01
         vertex 1.339746e-01 3.210858e+00 -8.830073e+01
      endloop
   endfacet
   facet normal 9.057318e-01 -8.542184e-02 4.151542e-01
      outer loop
         vertex 6.030738e-02 3.192130e+00 -8.814386e+01
         vertex 1.339746e-01 3.210858e+00 -8.830073e+01
         vertex 6.030738e-02 3.577551e+00 -8.806456e+01
      endloop
   endfacet
   facet normal 9.057317e-01 -8.542200e-02 4.151544e-01
      outer loop
         vertex 6.030738e-02 3.577551e+00 -8.806456e+01
         vertex 1.339746e-01 3.210858e+00 -8.830073e+01
         vertex 1.339746e-01 3.622278e+00 -8.821607e+01
      endloop
   endfacet
   facet normal 9.057318e-01 -1.537254e-01 3.949917e-01
      outer loop
         vertex 6.030738e-02 3.577551e+00 -8.806456e+01
         vertex 1.339746e-01 3.622278e+00 -8.821607e+01
         vertex 6.030738e-02 3.944254e+00 -8.792184e+01
      endloop
   endfacet
   facet normal 9.057325e-01 -1.537242e-01 3.949906e-01
      outer loop
         vertex 6.030738e-02 3.944254e+00 -8.792184e+01
         vertex 1.339746e-01 3.622278e+00 -8.821607e+01
         vertex 1.339746e-01 4.013717e+00 -8.806373e+01
      endloop
   endfacet
   facet normal 9.057324e-01 -2.176859e-01 3.636779e-01
      outer loop
         vertex 6.030738e-02 3.944254e+00 -8.792184e+01
         vertex 1.339746e-01 4.013717e+00 -8.806373e+01
         vertex 6.030738e-02 4.281889e+00 -8.771975e+01
      endloop
   endfacet
   facet normal 9.057303e-01 -2.176900e-01 3.636806e-01
      outer loop
         vertex 6.030738e-02 4.281889e+00 -8.771975e+01
         vertex 1.339746e-01 4.013717e+00 -8.806373e+01
         vertex 1.339746e-01 4.374126e+00 -8.784800e+01
      endloop
   endfacet
   facet normal 9.057304e-01 -2.755032e-01 3.221031e-01
      outer loop
         vertex 6.030738e-02 4.281889e+00 -8.771975e+01
         vertex 1.339746e-01 4.374126e+00 -8.784800e+01
         vertex 6.030738e-02 4.580922e+00 -8.746397e+01
      endloop
   endfacet
   facet normal 9.057343e-01 -2.754948e-01 3.220993e-01
      outer loop
         vertex 6.030738e-02 4.580922e+00 -8.746397e+01
         vertex 1.339746e-01 4.374126e+00 -8.784800e+01
         vertex 1.339746e-01 4.693330e+00 -8.757498e+01
      endloop
   endfacet
   facet normal 9.057343e-01 -3.255314e-01 2.714307e-01
      outer loop
         vertex 6.030738e-02 4.580922e+00 -8.746397e+01
         vertex 1.339746e-01 4.693330e+00 -8.757498e+01
         vertex 6.030738e-02 4.832914e+00 -8.716176e+01
      endloop
   endfacet
   facet normal 9.057300e-01 -3.255414e-01 2.714333e-01
      outer loop
         vertex 6.030738e-02 4.832914e+00 -8.716176e+01
         vertex 1.339746e-01 4.693330e+00 -8.757498e+01
         vertex 1.339746e-01 4.962320e+00 -8.725237e+01
      endloop
   endfacet
   facet normal 9.057305e-01 -3.663898e-01 2.130979e-01
      outer loop
         vertex 6.030738e-02 4.832914e+00 -8.716176e+01
         vertex 1.339746e-01 4.962320e+00 -8.725237e+01
         vertex 6.030738e-02 5.030749e+00 -8.682161e+01
      endloop
   endfacet
   facet normal 9.057331e-01 -3.663839e-01 2.130974e-01
      outer loop
         vertex 6.030738e-02 5.030749e+00 -8.682161e+01
         vertex 1.339746e-01 4.962320e+00 -8.725237e+01
         vertex 1.339746e-01 5.173501e+00 -8.688928e+01
      endloop
   endfacet
   facet normal 9.057331e-01 -3.968900e-01 1.487475e-01
      outer loop
         vertex 6.030738e-02 5.030749e+00 -8.682161e+01
         vertex 1.339746e-01 5.173501e+00 -8.688928e+01
         vertex 6.030738e-02 5.168845e+00 -8.645314e+01
      endloop
   endfacet
   facet normal 9.057329e-01 -3.968905e-01 1.487475e-01
      outer loop
         vertex 6.030738e-02 5.168845e+00 -8.645314e+01
         vertex 1.339746e-01 5.173501e+00 -8.688928e+01
         vertex 1.339746e-01 5.320911e+00 -8.649596e+01
      endloop
   endfacet
   facet normal 9.057330e-01 -4.161917e-01 8.020077e-02
      outer loop
         vertex 6.030738e-02 5.168845e+00 -8.645314e+01
         vertex 1.339746e-01 5.320911e+00 -8.649596e+01
         vertex 6.030738e-02 5.243302e+00 -8.606675e+01
      endloop
   endfacet
   facet normal 9.057330e-01 -4.161918e-01 8.020074e-02
      outer loop
         vertex 6.030738e-02 5.243302e+00 -8.606675e+01
         vertex 1.339746e-01 5.320911e+00 -8.649596e+01
         vertex 1.339746e-01 5.400391e+00 -8.608351e+01
      endloop
   endfacet
   facet normal 8.182005e-01 7.652624e-02 5.698172e-01
      outer loop
         vertex 1.339746e-01 2.374771e+00 -8.825940e+01
         vertex 2.339556e-01 2.343945e+00 -8.839882e+01
         vertex 1.339746e-01 2.791073e+00 -8.831531e+01
      endloop
   endfacet
   facet normal 8.181925e-01 7.652219e-02 5.698293e-01
      outer loop
         vertex 1.339746e-01 2.791073e+00 -8.831531e+01
         vertex 2.339556e-01 2.343945e+00 -8.839882e+01
         vertex 2.339556e-01 2.784024e+00 -8.845792e+01
      endloop
   endfacet
   facet normal 8.181923e-01 -1.995803e-02 5.745981e-01
      outer loop
         vertex 1.339746e-01 2.791073e+00 -8.831531e+01
         vertex 2.339556e-01 2.784024e+00 -8.845792e+01
         vertex 1.339746e-01 3.210858e+00 -8.830073e+01
      endloop
   endfacet
   facet normal 8.181892e-01 -1.996036e-02 5.746025e-01
      outer loop
         vertex 1.339746e-01 3.210858e+00 -8.830073e+01
         vertex 2.339556e-01 2.784024e+00 -8.845792e+01
         vertex 2.339556e-01 3.227785e+00 -8.844250e+01
      endloop
   endfacet
   facet normal 8.181894e-01 -1.158738e-01 5.631513e-01
      outer loop
         vertex 1.339746e-01 3.210858e+00 -8.830073e+01
         vertex 2.339556e-01 3.227785e+00 -8.844250e+01
         vertex 1.339746e-01 3.622278e+00 -8.821607e+01
      endloop
   endfacet
   facet normal 8.181886e-01 -1.158746e-01 5.631523e-01
      outer loop
         vertex 1.339746e-01 3.622278e+00 -8.821607e+01
         vertex 2.339556e-01 3.227785e+00 -8.844250e+01
         vertex 2.339556e-01 3.662703e+00 -8.835302e+01
      endloop
   endfacet
   facet normal 8.181890e-01 -2.085258e-01 5.358020e-01
      outer loop
         vertex 1.339746e-01 3.622278e+00 -8.821607e+01
         vertex 2.339556e-01 3.662703e+00 -8.835302e+01
         vertex 1.339746e-01 4.013717e+00 -8.806373e+01
      endloop
   endfacet
   facet normal 8.181869e-01 -2.085283e-01 5.358043e-01
      outer loop
         vertex 1.339746e-01 4.013717e+00 -8.806373e+01
         vertex 2.339556e-01 3.662703e+00 -8.835302e+01
         vertex 2.339556e-01 4.076499e+00 -8.819197e+01
      endloop
   endfacet
   facet normal 8.181873e-01 -2.952931e-01 4.933271e-01
      outer loop
         vertex 1.339746e-01 4.013717e+00 -8.806373e+01
         vertex 2.339556e-01 4.076499e+00 -8.819197e+01
         vertex 1.339746e-01 4.374126e+00 -8.784800e+01
      endloop
   endfacet
   facet normal 8.181966e-01 -2.952807e-01 4.933190e-01
      outer loop
         vertex 1.339746e-01 4.374126e+00 -8.784800e+01
         vertex 2.339556e-01 4.076499e+00 -8.819197e+01
         vertex 2.339556e-01 4.457493e+00 -8.796392e+01
      endloop
   endfacet
   facet normal 8.181968e-01 -3.737031e-01 4.369211e-01
      outer loop
         vertex 1.339746e-01 4.374126e+00 -8.784800e+01
         vertex 2.339556e-01 4.457493e+00 -8.796392e+01
         vertex 1.339746e-01 4.693330e+00 -8.757498e+01
      endloop
   endfacet
   facet normal 8.181956e-01 -3.737048e-01 4.369218e-01
      outer loop
         vertex 1.339746e-01 4.693330e+00 -8.757498e+01
         vertex 2.339556e-01 4.457493e+00 -8.796392e+01
         vertex 2.339556e-01 4.794929e+00 -8.767531e+01
      endloop
   endfacet
   facet normal 8.181957e-01 -4.415817e-01 3.681866e-01
      outer loop
         vertex 1.339746e-01 4.693330e+00 -8.757498e+01
         vertex 2.339556e-01 4.794929e+00 -8.767531e+01
         vertex 1.339746e-01 4.962320e+00 -8.725237e+01
      endloop
   endfacet
   facet normal 8.181968e-01 -4.415801e-01 3.681862e-01
      outer loop
         vertex 1.339746e-01 4.962320e+00 -8.725237e+01
         vertex 2.339556e-01 4.794929e+00 -8.767531e+01
         vertex 2.339556e-01 5.079282e+00 -8.733428e+01
      endloop
   endfacet
   facet normal 8.181968e-01 -4.969890e-01 2.890604e-01
      outer loop
         vertex 1.339746e-01 4.962320e+00 -8.725237e+01
         vertex 2.339556e-01 5.079282e+00 -8.733428e+01
         vertex 1.339746e-01 5.173501e+00 -8.688928e+01
      endloop
   endfacet
   facet normal 8.181925e-01 -4.969959e-01 2.890609e-01
      outer loop
         vertex 1.339746e-01 5.173501e+00 -8.688928e+01
         vertex 2.339556e-01 5.079282e+00 -8.733428e+01
         vertex 2.339556e-01 5.302524e+00 -8.695044e+01
      endloop
   endfacet
   facet normal 8.181936e-01 -5.383743e-01 2.017731e-01
      outer loop
         vertex 1.339746e-01 5.173501e+00 -8.688928e+01
         vertex 2.339556e-01 5.302524e+00 -8.695044e+01
         vertex 1.339746e-01 5.320911e+00 -8.649596e+01
      endloop
   endfacet
   facet normal 8.181940e-01 -5.383736e-01 2.017731e-01
      outer loop
         vertex 1.339746e-01 5.320911e+00 -8.649596e+01
         vertex 2.339556e-01 5.302524e+00 -8.695044e+01
         vertex 2.339556e-01 5.458354e+00 -8.653466e+01
      endloop
   endfacet
   facet normal 8.181949e-01 -5.645545e-01 1.087904e-01
      outer loop
         vertex 1.339746e-01 5.320911e+00 -8.649596e+01
         vertex 2.339556e-01 5.458354e+00 -8.653466e+01
         vertex 1.339746e-01 5.400391e+00 -8.608351e+01
      endloop
   endfacet
   facet normal 8.181948e-01 -5.645547e-01 1.087904e-01
      outer loop
         vertex 1.339746e-01 5.400391e+00 -8.608351e+01
         vertex 2.339556e-01 5.458354e+00 -8.653466e+01
         vertex 2.339556e-01 5.542373e+00 -8.609865e+01
      endloop
   endfacet
   facet normal 7.058508e-01 9.427920e-02 7.020584e-01
      outer loop
         vertex 2.339556e-01 2.343945e+00 -8.839882e+01
         vertex 3.572124e-01 2.317335e+00 -8.851917e+01
         vertex 2.339556e-01 2.784024e+00 -8.845792e+01
      endloop
   endfacet
   facet normal 7.058520e-01 9.427968e-02 7.020572e-01
      outer loop
         vertex 2.339556e-01 2.784024e+00 -8.845792e+01
         vertex 3.572124e-01 2.317335e+00 -8.851917e+01
         vertex 3.572124e-01 2.777939e+00 -8.858103e+01
      endloop
   endfacet
   facet normal 7.058518e-01 -2.459193e-02 7.079325e-01
      outer loop
         vertex 2.339556e-01 2.784024e+00 -8.845792e+01
         vertex 3.572124e-01 2.777939e+00 -8.858103e+01
         vertex 2.339556e-01 3.227785e+00 -8.844250e+01
      endloop
   endfacet
   facet normal 7.058622e-01 -2.458595e-02 7.079223e-01
      outer loop
         vertex 2.339556e-01 3.227785e+00 -8.844250e+01
         vertex 3.572124e-01 2.777939e+00 -8.858103e+01
         vertex 3.572124e-01 3.242397e+00 -8.856490e+01
      endloop
   endfacet
   facet normal 7.058623e-01 -1.427596e-01 6.938141e-01
      outer loop
         vertex 2.339556e-01 3.227785e+00 -8.844250e+01
         vertex 3.572124e-01 3.242397e+00 -8.856490e+01
         vertex 2.339556e-01 3.662703e+00 -8.835302e+01
      endloop
   endfacet
   facet normal 7.058660e-01 -1.427570e-01 6.938110e-01
      outer loop
         vertex 2.339556e-01 3.662703e+00 -8.835302e+01
         vertex 3.572124e-01 3.242397e+00 -8.856490e+01
         vertex 3.572124e-01 3.697599e+00 -8.847123e+01
      endloop
   endfacet
   facet normal 7.058654e-01 -2.569086e-01 6.601151e-01
      outer loop
         vertex 2.339556e-01 3.662703e+00 -8.835302e+01
         vertex 3.572124e-01 3.697599e+00 -8.847123e+01
         vertex 2.339556e-01 4.076499e+00 -8.819197e+01
      endloop
   endfacet
   facet normal 7.058677e-01 -2.569066e-01 6.601134e-01
      outer loop
         vertex 2.339556e-01 4.076499e+00 -8.819197e+01
         vertex 3.572124e-01 3.697599e+00 -8.847123e+01
         vertex 3.572124e-01 4.130694e+00 -8.830268e+01
      endloop
   endfacet
   facet normal 7.058667e-01 -3.637962e-01 6.077865e-01
      outer loop
         vertex 2.339556e-01 4.076499e+00 -8.819197e+01
         vertex 3.572124e-01 4.130694e+00 -8.830268e+01
         vertex 2.339556e-01 4.457493e+00 -8.796392e+01
      endloop
   endfacet
   facet normal 7.058575e-01 -3.638052e-01 6.077918e-01
      outer loop
         vertex 2.339556e-01 4.457493e+00 -8.796392e+01
         vertex 3.572124e-01 4.130694e+00 -8.830268e+01
         vertex 3.572124e-01 4.529457e+00 -8.806399e+01
      endloop
   endfacet
   facet normal 7.058569e-01 -4.604227e-01 5.383093e-01
      outer loop
         vertex 2.339556e-01 4.457493e+00 -8.796392e+01
         vertex 3.572124e-01 4.529457e+00 -8.806399e+01
         vertex 2.339556e-01 4.794929e+00 -8.767531e+01
      endloop
   endfacet
   facet normal 7.058519e-01 -4.604280e-01 5.383113e-01
      outer loop
         vertex 2.339556e-01 4.794929e+00 -8.767531e+01
         vertex 3.572124e-01 4.529457e+00 -8.806399e+01
         vertex 3.572124e-01 4.882630e+00 -8.776192e+01
      endloop
   endfacet
   facet normal 7.058523e-01 -5.440536e-01 4.536278e-01
      outer loop
         vertex 2.339556e-01 4.794929e+00 -8.767531e+01
         vertex 3.572124e-01 4.882630e+00 -8.776192e+01
         vertex 2.339556e-01 5.079282e+00 -8.733428e+01
      endloop
   endfacet
   facet normal 7.058489e-01 -5.440573e-01 4.536286e-01
      outer loop
         vertex 2.339556e-01 5.079282e+00 -8.733428e+01
         vertex 3.572124e-01 4.882630e+00 -8.776192e+01
         vertex 3.572124e-01 5.180245e+00 -8.740497e+01
      endloop
   endfacet
   facet normal 7.058497e-01 -6.123250e-01 3.561382e-01
      outer loop
         vertex 2.339556e-01 5.079282e+00 -8.733428e+01
         vertex 3.572124e-01 5.180245e+00 -8.740497e+01
         vertex 2.339556e-01 5.302524e+00 -8.695044e+01
      endloop
   endfacet
   facet normal 7.058568e-01 -6.123168e-01 3.561379e-01
      outer loop
         vertex 2.339556e-01 5.302524e+00 -8.695044e+01
         vertex 3.572124e-01 5.180245e+00 -8.740497e+01
         vertex 3.572124e-01 5.413899e+00 -8.700325e+01
      endloop
   endfacet
   facet normal 7.058556e-01 -6.633015e-01 2.485939e-01
      outer loop
         vertex 2.339556e-01 5.302524e+00 -8.695044e+01
         vertex 3.572124e-01 5.413899e+00 -8.700325e+01
         vertex 2.339556e-01 5.458354e+00 -8.653466e+01
      endloop
   endfacet
   facet normal 7.058545e-01 -6.633028e-01 2.485938e-01
      outer loop
         vertex 2.339556e-01 5.458354e+00 -8.653466e+01
         vertex 3.572124e-01 5.413899e+00 -8.700325e+01
         vertex 3.572124e-01 5.576997e+00 -8.656806e+01
      endloop
   endfacet
   facet normal 7.058541e-01 -6.955606e-01 1.340354e-01
      outer loop
         vertex 2.339556e-01 5.458354e+00 -8.653466e+01
         vertex 3.572124e-01 5.576997e+00 -8.656806e+01
         vertex 2.339556e-01 5.542373e+00 -8.609865e+01
      endloop
   endfacet
   facet normal 7.058552e-01 -6.955594e-01 1.340358e-01
      outer loop
         vertex 2.339556e-01 5.542373e+00 -8.609865e+01
         vertex 3.572124e-01 5.576997e+00 -8.656806e+01
         vertex 3.572124e-01 5.664935e+00 -8.611172e+01
      endloop
   endfacet
   facet normal 5.722201e-01 1.091519e-01 8.128038e-01
      outer loop
         vertex 3.572124e-01 2.317335e+00 -8.851917e+01
         vertex 5.000000e-01 2.295750e+00 -8.861680e+01
         vertex 3.572124e-01 2.777939e+00 -8.858103e+01
      endloop
   endfacet
   facet normal 5.722177e-01 1.091511e-01 8.128056e-01
      outer loop
         vertex 3.572124e-01 2.777939e+00 -8.858103e+01
         vertex 5.000000e-01 2.295750e+00 -8.861680e+01
         vertex 5.000000e-01 2.773003e+00 -8.868089e+01
      endloop
   endfacet
   facet normal 5.722178e-01 -2.846475e-02 8.196076e-01
      outer loop
         vertex 3.572124e-01 2.777939e+00 -8.858103e+01
         vertex 5.000000e-01 2.773003e+00 -8.868089e+01
         vertex 3.572124e-01 3.242397e+00 -8.856490e+01
      endloop
   endfacet
   facet normal 5.722250e-01 -2.846134e-02 8.196027e-01
      outer loop
         vertex 3.572124e-01 3.242397e+00 -8.856490e+01
         vertex 5.000000e-01 2.773003e+00 -8.868089e+01
         vertex 5.000000e-01 3.254249e+00 -8.866417e+01
      endloop
   endfacet
   facet normal 5.722251e-01 -1.652788e-01 8.032692e-01
      outer loop
         vertex 3.572124e-01 3.242397e+00 -8.856490e+01
         vertex 5.000000e-01 3.254249e+00 -8.866417e+01
         vertex 3.572124e-01 3.697599e+00 -8.847123e+01
      endloop
   endfacet
   facet normal 5.722084e-01 -1.652885e-01 8.032791e-01
      outer loop
         vertex 3.572124e-01 3.697599e+00 -8.847123e+01
         vertex 5.000000e-01 3.254249e+00 -8.866417e+01
         vertex 5.000000e-01 3.725905e+00 -8.856712e+01
      endloop
   endfacet
   facet normal 5.722086e-01 -2.974420e-01 7.642680e-01
      outer loop
         vertex 3.572124e-01 3.697599e+00 -8.847123e+01
         vertex 5.000000e-01 3.725905e+00 -8.856712e+01
         vertex 3.572124e-01 4.130694e+00 -8.830268e+01
      endloop
   endfacet
   facet normal 5.722008e-01 -2.974473e-01 7.642718e-01
      outer loop
         vertex 3.572124e-01 4.130694e+00 -8.830268e+01
         vertex 5.000000e-01 3.725905e+00 -8.856712e+01
         vertex 5.000000e-01 4.174654e+00 -8.839247e+01
      endloop
   endfacet
   facet normal 5.722011e-01 -4.212041e-01 7.036853e-01
      outer loop
         vertex 3.572124e-01 4.130694e+00 -8.830268e+01
         vertex 5.000000e-01 4.174654e+00 -8.839247e+01
         vertex 3.572124e-01 4.529457e+00 -8.806399e+01
      endloop
   endfacet
   facet normal 5.722255e-01 -4.211859e-01 7.036763e-01
      outer loop
         vertex 3.572124e-01 4.529457e+00 -8.806399e+01
         vertex 5.000000e-01 4.174654e+00 -8.839247e+01
         vertex 5.000000e-01 4.587831e+00 -8.814517e+01
      endloop
   endfacet
   facet normal 5.722245e-01 -5.330566e-01 6.232253e-01
      outer loop
         vertex 3.572124e-01 4.529457e+00 -8.806399e+01
         vertex 5.000000e-01 4.587831e+00 -8.814517e+01
         vertex 3.572124e-01 4.882630e+00 -8.776192e+01
      endloop
   endfacet
   facet normal 5.722133e-01 -5.330654e-01 6.232280e-01
      outer loop
         vertex 3.572124e-01 4.882630e+00 -8.776192e+01
         vertex 5.000000e-01 4.587831e+00 -8.814517e+01
         vertex 5.000000e-01 4.953770e+00 -8.783217e+01
      endloop
   endfacet
   facet normal 5.722132e-01 -6.298811e-01 5.251875e-01
      outer loop
         vertex 3.572124e-01 4.882630e+00 -8.776192e+01
         vertex 5.000000e-01 4.953770e+00 -8.783217e+01
         vertex 3.572124e-01 5.180245e+00 -8.740497e+01
      endloop
   endfacet
   facet normal 5.722259e-01 -6.298706e-01 5.251862e-01
      outer loop
         vertex 3.572124e-01 5.180245e+00 -8.740497e+01
         vertex 5.000000e-01 4.953770e+00 -8.783217e+01
         vertex 5.000000e-01 5.262143e+00 -8.746233e+01
      endloop
   endfacet
   facet normal 5.722237e-01 -7.089100e-01 4.123188e-01
      outer loop
         vertex 3.572124e-01 5.180245e+00 -8.740497e+01
         vertex 5.000000e-01 5.262143e+00 -8.746233e+01
         vertex 3.572124e-01 5.413899e+00 -8.700325e+01
      endloop
   endfacet
   facet normal 5.722089e-01 -7.089222e-01 4.123182e-01
      outer loop
         vertex 3.572124e-01 5.413899e+00 -8.700325e+01
         vertex 5.000000e-01 5.262143e+00 -8.746233e+01
         vertex 5.000000e-01 5.504243e+00 -8.704607e+01
      endloop
   endfacet
   facet normal 5.722105e-01 -7.679450e-01 2.878118e-01
      outer loop
         vertex 3.572124e-01 5.413899e+00 -8.700325e+01
         vertex 5.000000e-01 5.504243e+00 -8.704607e+01
         vertex 3.572124e-01 5.576997e+00 -8.656806e+01
      endloop
   endfacet
   facet normal 5.722127e-01 -7.679432e-01 2.878122e-01
      outer loop
         vertex 3.572124e-01 5.576997e+00 -8.656806e+01
         vertex 5.000000e-01 5.504243e+00 -8.704607e+01
         vertex 5.000000e-01 5.673236e+00 -8.659516e+01
      endloop
   endfacet
   facet normal 5.722135e-01 -8.052891e-01 1.551809e-01
      outer loop
         vertex 3.572124e-01 5.576997e+00 -8.656806e+01
         vertex 5.000000e-01 5.673236e+00 -8.659516e+01
         vertex 3.572124e-01 5.664935e+00 -8.611172e+01
      endloop
   endfacet
   facet normal 5.722113e-01 -8.052908e-01 1.551802e-01
      outer loop
         vertex 3.572124e-01 5.664935e+00 -8.611172e+01
         vertex 5.000000e-01 5.673236e+00 -8.659516e+01
         vertex 5.000000e-01 5.764352e+00 -8.612233e+01
      endloop
   endfacet
   facet normal 4.213800e-01 1.207013e-01 8.988159e-01
      outer loop
         vertex 5.000000e-01 2.295750e+00 -8.861680e+01
         vertex 6.579799e-01 2.279847e+00 -8.868872e+01
         vertex 5.000000e-01 2.773003e+00 -8.868089e+01
      endloop
   endfacet
   facet normal 4.214110e-01 1.207115e-01 8.988000e-01
      outer loop
         vertex 5.000000e-01 2.773003e+00 -8.868089e+01
         vertex 6.579799e-01 2.279847e+00 -8.868872e+01
         vertex 6.579799e-01 2.769366e+00 -8.875447e+01
      endloop
   endfacet
   facet normal 4.214117e-01 -3.147278e-02 9.063232e-01
      outer loop
         vertex 5.000000e-01 2.773003e+00 -8.868089e+01
         vertex 6.579799e-01 2.769366e+00 -8.875447e+01
         vertex 5.000000e-01 3.254249e+00 -8.866417e+01
      endloop
   endfacet
   facet normal 4.213649e-01 -3.149193e-02 9.063442e-01
      outer loop
         vertex 5.000000e-01 3.254249e+00 -8.866417e+01
         vertex 6.579799e-01 2.769366e+00 -8.875447e+01
         vertex 6.579799e-01 3.262982e+00 -8.873732e+01
      endloop
   endfacet
   facet normal 4.213650e-01 -1.827792e-01 8.882811e-01
      outer loop
         vertex 5.000000e-01 3.254249e+00 -8.866417e+01
         vertex 6.579799e-01 3.262982e+00 -8.873732e+01
         vertex 5.000000e-01 3.725905e+00 -8.856712e+01
      endloop
   endfacet
   facet normal 4.213928e-01 -1.827659e-01 8.882707e-01
      outer loop
         vertex 5.000000e-01 3.725905e+00 -8.856712e+01
         vertex 6.579799e-01 3.262982e+00 -8.873732e+01
         vertex 6.579799e-01 3.746761e+00 -8.863778e+01
      endloop
   endfacet
   facet normal 4.213927e-01 -3.289160e-01 8.451287e-01
      outer loop
         vertex 5.000000e-01 3.725905e+00 -8.856712e+01
         vertex 6.579799e-01 3.746761e+00 -8.863778e+01
         vertex 5.000000e-01 4.174654e+00 -8.839247e+01
      endloop
   endfacet
   facet normal 4.214098e-01 -3.289068e-01 8.451237e-01
      outer loop
         vertex 5.000000e-01 4.174654e+00 -8.839247e+01
         vertex 6.579799e-01 3.746761e+00 -8.863778e+01
         vertex 6.579799e-01 4.207045e+00 -8.845864e+01
      endloop
   endfacet
   facet normal 4.214087e-01 -4.657517e-01 7.781325e-01
      outer loop
         vertex 5.000000e-01 4.174654e+00 -8.839247e+01
         vertex 6.579799e-01 4.207045e+00 -8.845864e+01
         vertex 5.000000e-01 4.587831e+00 -8.814517e+01
      endloop
   endfacet
   facet normal 4.213836e-01 -4.657661e-01 7.781374e-01
      outer loop
         vertex 5.000000e-01 4.587831e+00 -8.814517e+01
         vertex 6.579799e-01 4.207045e+00 -8.845864e+01
         vertex 6.579799e-01 4.630842e+00 -8.820497e+01
      endloop
   endfacet
   facet normal 4.213840e-01 -5.894705e-01 6.891734e-01
      outer loop
         vertex 5.000000e-01 4.587831e+00 -8.814517e+01
         vertex 6.579799e-01 4.630842e+00 -8.820497e+01
         vertex 5.000000e-01 4.953770e+00 -8.783217e+01
      endloop
   endfacet
   facet normal 4.214051e-01 -5.894578e-01 6.891714e-01
      outer loop
         vertex 5.000000e-01 4.953770e+00 -8.783217e+01
         vertex 6.579799e-01 4.630842e+00 -8.820497e+01
         vertex 6.579799e-01 5.006187e+00 -8.788393e+01
      endloop
   endfacet
   facet normal 4.214028e-01 -6.965197e-01 5.807581e-01
      outer loop
         vertex 5.000000e-01 4.953770e+00 -8.783217e+01
         vertex 6.579799e-01 5.006187e+00 -8.788393e+01
         vertex 5.000000e-01 5.262143e+00 -8.746233e+01
      endloop
   endfacet
   facet normal 4.213792e-01 -6.965341e-01 5.807580e-01
      outer loop
         vertex 5.000000e-01 5.262143e+00 -8.746233e+01
         vertex 6.579799e-01 5.006187e+00 -8.788393e+01
         vertex 6.579799e-01 5.322486e+00 -8.750458e+01
      endloop
   endfacet
   facet normal 4.213813e-01 -7.839333e-01 4.559456e-01
      outer loop
         vertex 5.000000e-01 5.262143e+00 -8.746233e+01
         vertex 6.579799e-01 5.322486e+00 -8.750458e+01
         vertex 5.000000e-01 5.504243e+00 -8.704607e+01
      endloop
   endfacet
   facet normal 4.213985e-01 -7.839230e-01 4.559475e-01
      outer loop
         vertex 5.000000e-01 5.504243e+00 -8.704607e+01
         vertex 6.579799e-01 5.322486e+00 -8.750458e+01
         vertex 6.579799e-01 5.570808e+00 -8.707763e+01
      endloop
   endfacet
   facet normal 4.213958e-01 -8.491958e-01 3.182642e-01
      outer loop
         vertex 5.000000e-01 5.504243e+00 -8.704607e+01
         vertex 6.579799e-01 5.570808e+00 -8.707763e+01
         vertex 5.000000e-01 5.673236e+00 -8.659516e+01
      endloop
   endfacet
   facet normal 4.213905e-01 -8.491988e-01 3.182632e-01
      outer loop
         vertex 5.000000e-01 5.673236e+00 -8.659516e+01
         vertex 6.579799e-01 5.570808e+00 -8.707763e+01
         vertex 6.579799e-01 5.744145e+00 -8.661513e+01
      endloop
   endfacet
   facet normal 4.213898e-01 -8.904966e-01 1.715995e-01
      outer loop
         vertex 5.000000e-01 5.673236e+00 -8.659516e+01
         vertex 6.579799e-01 5.744145e+00 -8.661513e+01
         vertex 5.000000e-01 5.764352e+00 -8.612233e+01
      endloop
   endfacet
   facet normal 4.213925e-01 -8.904952e-01 1.716003e-01
      outer loop
         vertex 5.000000e-01 5.764352e+00 -8.612233e+01
         vertex 6.579799e-01 5.744145e+00 -8.661513e+01
         vertex 6.579799e-01 5.837603e+00 -8.613014e+01
      endloop
   endfacet
   facet normal 2.579868e-01 1.286020e-01 9.575512e-01
      outer loop
         vertex 6.579799e-01 2.279847e+00 -8.868872e+01
         vertex 8.263518e-01 2.270107e+00 -8.873278e+01
         vertex 6.579799e-01 2.769366e+00 -8.875447e+01
      endloop
   endfacet
   facet normal 2.579311e-01 1.285840e-01 9.575686e-01
      outer loop
         vertex 6.579799e-01 2.769366e+00 -8.875447e+01
         vertex 8.263518e-01 2.270107e+00 -8.873278e+01
         vertex 8.263518e-01 2.767139e+00 -8.879952e+01
      endloop
   endfacet
   facet normal 2.579303e-01 -3.355017e-02 9.655808e-01
      outer loop
         vertex 6.579799e-01 2.769366e+00 -8.875447e+01
         vertex 8.263518e-01 2.767139e+00 -8.879952e+01
         vertex 6.579799e-01 3.262982e+00 -8.873732e+01
      endloop
   endfacet
   facet normal 2.579829e-01 -3.353063e-02 9.655675e-01
      outer loop
         vertex 6.579799e-01 3.262982e+00 -8.873732e+01
         vertex 8.263518e-01 2.767139e+00 -8.879952e+01
         vertex 8.263518e-01 3.268331e+00 -8.878212e+01
      endloop
   endfacet
   facet normal 2.579830e-01 -1.947110e-01 9.463257e-01
      outer loop
         vertex 6.579799e-01 3.262982e+00 -8.873732e+01
         vertex 8.263518e-01 3.268331e+00 -8.878212e+01
         vertex 6.579799e-01 3.746761e+00 -8.863778e+01
      endloop
   endfacet
   facet normal 2.579453e-01 -1.947264e-01 9.463328e-01
      outer loop
         vertex 6.579799e-01 3.746761e+00 -8.863778e+01
         vertex 8.263518e-01 3.268331e+00 -8.878212e+01
         vertex 8.263518e-01 3.759534e+00 -8.868104e+01
      endloop
   endfacet
   facet normal 2.579461e-01 -3.504100e-01 9.003758e-01
      outer loop
         vertex 6.579799e-01 3.746761e+00 -8.863778e+01
         vertex 8.263518e-01 3.759534e+00 -8.868104e+01
         vertex 6.579799e-01 4.207045e+00 -8.845864e+01
      endloop
   endfacet
   facet normal 2.579458e-01 -3.504101e-01 9.003759e-01
      outer loop
         vertex 6.579799e-01 4.207045e+00 -8.845864e+01
         vertex 8.263518e-01 3.759534e+00 -8.868104e+01
         vertex 8.263518e-01 4.226882e+00 -8.849916e+01
      endloop
   endfacet
   facet normal 2.579473e-01 -4.962100e-01 8.289987e-01
      outer loop
         vertex 6.579799e-01 4.207045e+00 -8.845864e+01
         vertex 8.263518e-01 4.226882e+00 -8.849916e+01
         vertex 6.579799e-01 4.630842e+00 -8.820497e+01
      endloop
   endfacet
   facet normal 2.579647e-01 -4.962022e-01 8.289980e-01
      outer loop
         vertex 6.579799e-01 4.630842e+00 -8.820497e+01
         vertex 8.263518e-01 4.226882e+00 -8.849916e+01
         vertex 8.263518e-01 4.657182e+00 -8.824160e+01
      endloop
   endfacet
   facet normal 2.579648e-01 -6.279904e-01 7.342222e-01
      outer loop
         vertex 6.579799e-01 4.630842e+00 -8.820497e+01
         vertex 8.263518e-01 4.657182e+00 -8.824160e+01
         vertex 6.579799e-01 5.006187e+00 -8.788393e+01
      endloop
   endfacet
   facet normal 2.579427e-01 -6.280003e-01 7.342215e-01
      outer loop
         vertex 6.579799e-01 5.006187e+00 -8.788393e+01
         vertex 8.263518e-01 4.657182e+00 -8.824160e+01
         vertex 8.263518e-01 5.038288e+00 -8.791563e+01
      endloop
   endfacet
   facet normal 2.579458e-01 -7.420602e-01 6.187169e-01
      outer loop
         vertex 6.579799e-01 5.006187e+00 -8.788393e+01
         vertex 8.263518e-01 5.038288e+00 -8.791563e+01
         vertex 6.579799e-01 5.322486e+00 -8.750458e+01
      endloop
   endfacet
   facet normal 2.579827e-01 -7.420441e-01 6.187209e-01
      outer loop
         vertex 6.579799e-01 5.322486e+00 -8.750458e+01
         vertex 8.263518e-01 5.038288e+00 -8.791563e+01
         vertex 8.263518e-01 5.359441e+00 -8.753046e+01
      endloop
   endfacet
   facet normal 2.579793e-01 -8.351615e-01 4.857489e-01
      outer loop
         vertex 6.579799e-01 5.322486e+00 -8.750458e+01
         vertex 8.263518e-01 5.359441e+00 -8.753046e+01
         vertex 6.579799e-01 5.570808e+00 -8.707763e+01
      endloop
   endfacet
   facet normal 2.579681e-01 -8.351661e-01 4.857469e-01
      outer loop
         vertex 6.579799e-01 5.570808e+00 -8.707763e+01
         vertex 8.263518e-01 5.359441e+00 -8.753046e+01
         vertex 8.263518e-01 5.611575e+00 -8.709696e+01
      endloop
   endfacet
   facet normal 2.579673e-01 -9.047031e-01 3.390651e-01
      outer loop
         vertex 6.579799e-01 5.570808e+00 -8.707763e+01
         vertex 8.263518e-01 5.611575e+00 -8.709696e+01
         vertex 6.579799e-01 5.744145e+00 -8.661513e+01
      endloop
   endfacet
   facet normal 2.579774e-01 -9.046993e-01 3.390676e-01
      outer loop
         vertex 6.579799e-01 5.744145e+00 -8.661513e+01
         vertex 8.263518e-01 5.611575e+00 -8.709696e+01
         vertex 8.263518e-01 5.787572e+00 -8.662736e+01
      endloop
   endfacet
   facet normal 2.579725e-01 -9.486983e-01 1.828161e-01
      outer loop
         vertex 6.579799e-01 5.744145e+00 -8.661513e+01
         vertex 8.263518e-01 5.787572e+00 -8.662736e+01
         vertex 6.579799e-01 5.837603e+00 -8.613014e+01
      endloop
   endfacet
   facet normal 2.579646e-01 -9.487009e-01 1.828137e-01
      outer loop
         vertex 6.579799e-01 5.837603e+00 -8.613014e+01
         vertex 8.263518e-01 5.787572e+00 -8.662736e+01
         vertex 8.263518e-01 5.882464e+00 -8.613493e+01
      endloop
   endfacet
   facet normal 8.685060e-02 1.325843e-01 9.873593e-01
      outer loop
         vertex 8.263518e-01 2.270107e+00 -8.873278e+01
         vertex 1.000000e+00 2.266827e+00 -8.874761e+01
         vertex 8.263518e-01 2.767139e+00 -8.879952e+01
      endloop
   endfacet
   facet normal 8.686750e-02 1.325899e-01 9.873571e-01
      outer loop
         vertex 8.263518e-01 2.767139e+00 -8.879952e+01
         vertex 1.000000e+00 2.266827e+00 -8.874761e+01
         vertex 1.000000e+00 2.766389e+00 -8.881470e+01
      endloop
   endfacet
   facet normal 8.686771e-02 -3.457423e-02 9.956197e-01
      outer loop
         vertex 8.263518e-01 2.767139e+00 -8.879952e+01
         vertex 1.000000e+00 2.766389e+00 -8.881470e+01
         vertex 8.263518e-01 3.268331e+00 -8.878212e+01
      endloop
   endfacet
   facet normal 8.686304e-02 -3.457587e-02 9.956201e-01
      outer loop
         vertex 8.263518e-01 3.268331e+00 -8.878212e+01
         vertex 1.000000e+00 2.766389e+00 -8.881470e+01
         vertex 1.000000e+00 3.270132e+00 -8.879720e+01
      endloop
   endfacet
   facet normal 8.686274e-02 -2.007850e-01 9.757767e-01
      outer loop
         vertex 8.263518e-01 3.268331e+00 -8.878212e+01
         vertex 1.000000e+00 3.270132e+00 -8.879720e+01
         vertex 8.263518e-01 3.759534e+00 -8.868104e+01
      endloop
   endfacet
   facet normal 8.686475e-02 -2.007843e-01 9.757767e-01
      outer loop
         vertex 8.263518e-01 3.759534e+00 -8.868104e+01
         vertex 1.000000e+00 3.270132e+00 -8.879720e+01
         vertex 1.000000e+00 3.763835e+00 -8.869562e+01
      endloop
   endfacet
   facet normal 8.686395e-02 -3.613126e-01 9.283899e-01
      outer loop
         vertex 8.263518e-01 3.759534e+00 -8.868104e+01
         vertex 1.000000e+00 3.763835e+00 -8.869562e+01
         vertex 8.263518e-01 4.226882e+00 -8.849916e+01
      endloop
   endfacet
   facet normal 8.687415e-02 -3.613090e-01 9.283904e-01
      outer loop
         vertex 8.263518e-01 4.226882e+00 -8.849916e+01
         vertex 1.000000e+00 3.763835e+00 -8.869562e+01
         vertex 1.000000e+00 4.233562e+00 -8.851281e+01
      endloop
   endfacet
   facet normal 8.687231e-02 -5.116432e-01 8.547950e-01
      outer loop
         vertex 8.263518e-01 4.226882e+00 -8.849916e+01
         vertex 1.000000e+00 4.233562e+00 -8.851281e+01
         vertex 8.263518e-01 4.657182e+00 -8.824160e+01
      endloop
   endfacet
   facet normal 8.683376e-02 -5.116564e-01 8.547910e-01
      outer loop
         vertex 8.263518e-01 4.657182e+00 -8.824160e+01
         vertex 1.000000e+00 4.233562e+00 -8.851281e+01
         vertex 1.000000e+00 4.666052e+00 -8.825393e+01
      endloop
   endfacet
   facet normal 8.683536e-02 -6.475408e-01 7.570671e-01
      outer loop
         vertex 8.263518e-01 4.657182e+00 -8.824160e+01
         vertex 1.000000e+00 4.666052e+00 -8.825393e+01
         vertex 8.263518e-01 5.038288e+00 -8.791563e+01
      endloop
   endfacet
   facet normal 8.685807e-02 -6.475335e-01 7.570707e-01
      outer loop
         vertex 8.263518e-01 5.038288e+00 -8.791563e+01
         vertex 1.000000e+00 4.666052e+00 -8.825393e+01
         vertex 1.000000e+00 5.049098e+00 -8.792631e+01
      endloop
   endfacet
   facet normal 8.685692e-02 -7.651401e-01 6.379784e-01
      outer loop
         vertex 8.263518e-01 5.038288e+00 -8.791563e+01
         vertex 1.000000e+00 5.049098e+00 -8.792631e+01
         vertex 8.263518e-01 5.359441e+00 -8.753046e+01
      endloop
   endfacet
   facet normal 8.683255e-02 -7.651472e-01 6.379733e-01
      outer loop
         vertex 8.263518e-01 5.359441e+00 -8.753046e+01
         vertex 1.000000e+00 5.049098e+00 -8.792631e+01
         vertex 1.000000e+00 5.371885e+00 -8.753917e+01
      endloop
   endfacet
   facet normal 8.683612e-02 -8.611586e-01 5.008646e-01
      outer loop
         vertex 8.263518e-01 5.359441e+00 -8.753046e+01
         vertex 1.000000e+00 5.371885e+00 -8.753917e+01
         vertex 8.263518e-01 5.611575e+00 -8.709696e+01
      endloop
   endfacet
   facet normal 8.683946e-02 -8.611578e-01 5.008655e-01
      outer loop
         vertex 8.263518e-01 5.611575e+00 -8.709696e+01
         vertex 1.000000e+00 5.371885e+00 -8.753917e+01
         vertex 1.000000e+00 5.625302e+00 -8.710346e+01
      endloop
   endfacet
   facet normal 8.684249e-02 -9.328578e-01 3.496209e-01
      outer loop
         vertex 8.263518e-01 5.611575e+00 -8.709696e+01
         vertex 1.000000e+00 5.625302e+00 -8.710346e+01
         vertex 8.263518e-01 5.787572e+00 -8.662736e+01
      endloop
   endfacet
   facet normal 8.684028e-02 -9.328582e-01 3.496203e-01
      outer loop
         vertex 8.263518e-01 5.787572e+00 -8.662736e+01
         vertex 1.000000e+00 5.625302e+00 -8.710346e+01
         vertex 1.000000e+00 5.802196e+00 -8.663148e+01
      endloop
   endfacet
   facet normal 8.684488e-02 -9.782252e-01 1.885031e-01
      outer loop
         vertex 8.263518e-01 5.787572e+00 -8.662736e+01
         vertex 1.000000e+00 5.802196e+00 -8.663148e+01
         vertex 8.263518e-01 5.882464e+00 -8.613493e+01
      endloop
   endfacet
   facet normal 8.684761e-02 -9.782248e-01 1.885039e-01
      outer loop
         vertex 8.263518e-01 5.882464e+00 -8.613493e+01
         vertex 1.000000e+00 5.802196e+00 -8.663148e+01
         vertex 1.000000e+00 5.897571e+00 -8.613653e+01
      endloop
   endfacet
   facet normal 8.715430e-02 -9.905760e-01 1.056570e-01
      outer loop
         vertex 1.000000e+00 5.897571e+00 -8.613653e+01
         vertex 1.000000e+00 1.271097e+01 -2.225829e+01
         vertex 8.263518e-01 5.882464e+00 -8.613493e+01
      endloop
   endfacet
   facet normal 8.715806e-02 -9.905756e-01 1.056570e-01
      outer loop
         vertex 8.263518e-01 5.882464e+00 -8.613493e+01
         vertex 1.000000e+00 1.271097e+01 -2.225829e+01
         vertex 8.263518e-01 1.269586e+01 -2.225668e+01
      endloop
   endfacet
   facet normal 2.588192e-01 -9.604776e-01 1.024467e-01
      outer loop
         vertex 8.263518e-01 5.882464e+00 -8.613493e+01
         vertex 8.263518e-01 1.269586e+01 -2.225668e+01
         vertex 6.579799e-01 5.837603e+00 -8.613014e+01
      endloop
   endfacet
   facet normal 2.588203e-01 -9.604773e-01 1.024466e-01
      outer loop
         vertex 6.579799e-01 5.837603e+00 -8.613014e+01
         vertex 8.263518e-01 1.269586e+01 -2.225668e+01
         vertex 6.579799e-01 1.265100e+01 -2.225189e+01
      endloop
   endfacet
   facet normal 4.226199e-01 -9.011952e-01 9.612347e-02
      outer loop
         vertex 6.579799e-01 5.837603e+00 -8.613014e+01
         vertex 6.579799e-01 1.265100e+01 -2.225189e+01
         vertex 5.000000e-01 5.764352e+00 -8.612233e+01
      endloop
   endfacet
   facet normal 4.226167e-01 -9.011966e-01 9.612364e-02
      outer loop
         vertex 5.000000e-01 5.764352e+00 -8.612233e+01
         vertex 6.579799e-01 1.265100e+01 -2.225189e+01
         vertex 5.000000e-01 1.257775e+01 -2.224408e+01
      endloop
   endfacet
   facet normal 5.735748e-01 -8.145329e-01 8.687989e-02
      outer loop
         vertex 5.000000e-01 5.764352e+00 -8.612233e+01
         vertex 5.000000e-01 1.257775e+01 -2.224408e+01
         vertex 3.572124e-01 5.664935e+00 -8.611172e+01
      endloop
   endfacet
   facet normal 5.735755e-01 -8.145324e-01 8.687983e-02
      outer loop
         vertex 3.572124e-01 5.664935e+00 -8.611172e+01
         vertex 5.000000e-01 1.257775e+01 -2.224408e+01
         vertex 3.572124e-01 1.247833e+01 -2.223347e+01
      endloop
   endfacet
   facet normal 7.071076e-01 -7.031176e-01 7.499609e-02
      outer loop
         vertex 3.572124e-01 5.664935e+00 -8.611172e+01
         vertex 3.572124e-01 1.247833e+01 -2.223347e+01
         vertex 2.339556e-01 5.542373e+00 -8.609865e+01
      endloop
   endfacet
   facet normal 7.071078e-01 -7.031174e-01 7.499607e-02
      outer loop
         vertex 2.339556e-01 5.542373e+00 -8.609865e+01
         vertex 3.572124e-01 1.247833e+01 -2.223347e+01
         vertex 2.339556e-01 1.235577e+01 -2.222040e+01
      endloop
   endfacet
   facet normal 8.191515e-01 -5.703420e-01 6.083394e-02
      outer loop
         vertex 2.339556e-01 5.542373e+00 -8.609865e+01
         vertex 2.339556e-01 1.235577e+01 -2.222040e+01
         vertex 1.339746e-01 5.400391e+00 -8.608351e+01
      endloop
   endfacet
   facet normal 8.191518e-01 -5.703416e-01 6.083390e-02
      outer loop
         vertex 1.339746e-01 5.400391e+00 -8.608351e+01
         vertex 2.339556e-01 1.235577e+01 -2.222040e+01
         vertex 1.339746e-01 1.221379e+01 -2.220526e+01
      endloop
   endfacet
   facet normal 9.063076e-01 -4.202350e-01 4.482319e-02
      outer loop
         vertex 1.339746e-01 5.400391e+00 -8.608351e+01
         vertex 1.339746e-01 1.221379e+01 -2.220526e+01
         vertex 6.030738e-02 5.243302e+00 -8.606675e+01
      endloop
   endfacet
   facet normal 9.063079e-01 -4.202344e-01 4.482313e-02
      outer loop
         vertex 6.030738e-02 5.243302e+00 -8.606675e+01
         vertex 1.339746e-01 1.221379e+01 -2.220526e+01
         vertex 6.030738e-02 1.205670e+01 -2.218850e+01
      endloop
   endfacet
   facet normal 9.659259e-01 -2.573588e-01 2.745046e-02
      outer loop
         vertex 6.030738e-02 5.243302e+00 -8.606675e+01
         vertex 6.030738e-02 1.205670e+01 -2.218850e+01
         vertex 1.519225e-02 5.075880e+00 -8.604889e+01
      endloop
   endfacet
   facet normal 9.659258e-01 -2.573594e-01 2.745053e-02
      outer loop
         vertex 1.519225e-02 5.075880e+00 -8.604889e+01
         vertex 6.030738e-02 1.205670e+01 -2.218850e+01
         vertex 1.519225e-02 1.188928e+01 -2.217064e+01
      endloop
   endfacet
   facet normal 9.961947e-01 -8.666419e-02 9.243795e-03
      outer loop
         vertex 1.519225e-02 5.075880e+00 -8.604889e+01
         vertex 1.519225e-02 1.188928e+01 -2.217064e+01
         vertex -4.336809e-16 4.903211e+00 -8.603048e+01
      endloop
   endfacet
   facet normal 9.961947e-01 -8.666406e-02 9.243781e-03
      outer loop
         vertex -4.336809e-16 4.903211e+00 -8.603048e+01
         vertex 1.519225e-02 1.188928e+01 -2.217064e+01
         vertex -8.673617e-16 1.171661e+01 -2.215223e+01
      endloop
   endfacet
   facet normal 8.692901e-02 1.440118e-01 9.857505e-01
      outer loop
         vertex 1.000000e+00 7.609375e-01 -8.852761e+01
         vertex 1.000000e+00 2.266827e+00 -8.874761e+01
         vertex 8.263518e-01 2.270107e+00 -8.873278e+01
      endloop
   endfacet
   facet normal 8.694069e-02 -0.000000e+00 9.962135e-01
      outer loop
         vertex 1.000000e+00 -7.609375e-01 -8.852761e+01
         vertex 1.000000e+00 7.609375e-01 -8.852761e+01
         vertex 8.263518e-01 7.620385e-01 -8.851246e+01
      endloop
   endfacet
   facet normal 8.694058e-02 -1.440116e-01 9.857495e-01
      outer loop
         vertex 1.000000e+00 -2.266827e+00 -8.874761e+01
         vertex 1.000000e+00 -7.609375e-01 -8.852761e+01
         vertex 8.263518e-01 -7.620385e-01 -8.851246e+01
      endloop
   endfacet
   facet normal 8.692902e-02 -1.440131e-01 9.857503e-01
      outer loop
         vertex 1.000000e+00 -2.266827e+00 -8.874761e+01
         vertex 8.263518e-01 -7.620385e-01 -8.851246e+01
         vertex 8.263518e-01 -2.270107e+00 -8.873278e+01
      endloop
   endfacet
   facet normal 2.581710e-01 -1.396596e-01 9.559513e-01
      outer loop
         vertex 8.263518e-01 -2.270107e+00 -8.873278e+01
         vertex 8.263518e-01 -7.620385e-01 -8.851246e+01
         vertex 6.579799e-01 -7.653080e-01 -8.846746e+01
      endloop
   endfacet
   facet normal 2.582053e-01 -1.396543e-01 9.559428e-01
      outer loop
         vertex 8.263518e-01 -2.270107e+00 -8.873278e+01
         vertex 6.579799e-01 -7.653080e-01 -8.846746e+01
         vertex 6.579799e-01 -2.279847e+00 -8.868872e+01
      endloop
   endfacet
   facet normal 4.217241e-01 -1.310726e-01 8.972005e-01
      outer loop
         vertex 6.579799e-01 -2.279847e+00 -8.868872e+01
         vertex 6.579799e-01 -7.653080e-01 -8.846746e+01
         vertex 5.000000e-01 -7.706467e-01 -8.839399e+01
      endloop
   endfacet
   facet normal 4.216950e-01 -1.310781e-01 8.972134e-01
      outer loop
         vertex 6.579799e-01 -2.279847e+00 -8.868872e+01
         vertex 5.000000e-01 -7.706467e-01 -8.839399e+01
         vertex 5.000000e-01 -2.295750e+00 -8.861680e+01
      endloop
   endfacet
   facet normal 5.725650e-01 -1.185190e-01 8.112476e-01
      outer loop
         vertex 5.000000e-01 -2.295750e+00 -8.861680e+01
         vertex 5.000000e-01 -7.706467e-01 -8.839399e+01
         vertex 3.572124e-01 -7.778924e-01 -8.829427e+01
      endloop
   endfacet
   facet normal 5.725697e-01 -1.185179e-01 8.112444e-01
      outer loop
         vertex 5.000000e-01 -2.295750e+00 -8.861680e+01
         vertex 3.572124e-01 -7.778924e-01 -8.829427e+01
         vertex 3.572124e-01 -2.317335e+00 -8.851917e+01
      endloop
   endfacet
   facet normal 7.061805e-01 -1.023526e-01 7.005947e-01
      outer loop
         vertex 3.572124e-01 -2.317335e+00 -8.851917e+01
         vertex 3.572124e-01 -7.778924e-01 -8.829427e+01
         vertex 2.339556e-01 -7.868248e-01 -8.817133e+01
      endloop
   endfacet
   facet normal 7.061726e-01 -1.023550e-01 7.006024e-01
      outer loop
         vertex 3.572124e-01 -2.317335e+00 -8.851917e+01
         vertex 2.339556e-01 -7.868248e-01 -8.817133e+01
         vertex 2.339556e-01 -2.343945e+00 -8.839882e+01
      endloop
   endfacet
   facet normal 8.184382e-01 -8.306402e-02 5.685589e-01
      outer loop
         vertex 2.339556e-01 -2.343945e+00 -8.839882e+01
         vertex 2.339556e-01 -7.868248e-01 -8.817133e+01
         vertex 1.339746e-01 -7.971727e-01 -8.802892e+01
      endloop
   endfacet
   facet normal 8.184459e-01 -8.306100e-02 5.685484e-01
      outer loop
         vertex 2.339556e-01 -2.343945e+00 -8.839882e+01
         vertex 1.339746e-01 -7.971727e-01 -8.802892e+01
         vertex 1.339746e-01 -2.374771e+00 -8.825940e+01
      endloop
   endfacet
   facet normal 9.058812e-01 -6.122517e-02 4.190832e-01
      outer loop
         vertex 1.339746e-01 -2.374771e+00 -8.825940e+01
         vertex 1.339746e-01 -7.971727e-01 -8.802892e+01
         vertex 6.030738e-02 -8.086215e-01 -8.787136e+01
      endloop
   endfacet
   facet normal 9.058757e-01 -6.122825e-02 4.190946e-01
      outer loop
         vertex 1.339746e-01 -2.374771e+00 -8.825940e+01
         vertex 6.030738e-02 -8.086215e-01 -8.787136e+01
         vertex 6.030738e-02 -2.408877e+00 -8.810515e+01
      endloop
   endfacet
   facet normal 9.657548e-01 -3.750750e-02 2.567310e-01
      outer loop
         vertex 6.030738e-02 -2.408877e+00 -8.810515e+01
         vertex 6.030738e-02 -8.086215e-01 -8.787136e+01
         vertex 1.519225e-02 -8.208234e-01 -8.770343e+01
      endloop
   endfacet
   facet normal 9.657562e-01 -3.750616e-02 2.567259e-01
      outer loop
         vertex 6.030738e-02 -2.408877e+00 -8.810515e+01
         vertex 1.519225e-02 -8.208234e-01 -8.770343e+01
         vertex 1.519225e-02 -2.445227e+00 -8.794075e+01
      endloop
   endfacet
   facet normal 9.961746e-01 -1.263237e-02 8.646728e-02
      outer loop
         vertex 1.519225e-02 -2.445227e+00 -8.794075e+01
         vertex 1.519225e-02 -8.208234e-01 -8.770343e+01
         vertex 5.103151e-17 -8.334077e-01 -8.753024e+01
      endloop
   endfacet
   facet normal 9.961747e-01 -1.263206e-02 8.646610e-02
      outer loop
         vertex 1.519225e-02 -2.445227e+00 -8.794075e+01
         vertex 5.103151e-17 -8.334077e-01 -8.753024e+01
         vertex 1.520225e-16 -2.482715e+00 -8.777119e+01
      endloop
   endfacet
   facet normal 8.694069e-02 0.000000e+00 9.962135e-01
      outer loop
         vertex 1.000000e+00 -7.609375e-01 -8.852761e+01
         vertex 8.263518e-01 7.620385e-01 -8.851246e+01
         vertex 8.263518e-01 -7.620385e-01 -8.851246e+01
      endloop
   endfacet
   facet normal 2.581708e-01 -0.000000e+00 9.660993e-01
      outer loop
         vertex 8.263518e-01 -7.620385e-01 -8.851246e+01
         vertex 8.263518e-01 7.620385e-01 -8.851246e+01
         vertex 6.579799e-01 7.653080e-01 -8.846746e+01
      endloop
   endfacet
   facet normal 2.581708e-01 0.000000e+00 9.660993e-01
      outer loop
         vertex 8.263518e-01 -7.620385e-01 -8.851246e+01
         vertex 6.579799e-01 7.653080e-01 -8.846746e+01
         vertex 6.579799e-01 -7.653080e-01 -8.846746e+01
      endloop
   endfacet
   facet normal 4.217243e-01 -0.000000e+00 9.067241e-01
      outer loop
         vertex 6.579799e-01 -7.653080e-01 -8.846746e+01
         vertex 6.579799e-01 7.653080e-01 -8.846746e+01
         vertex 5.000000e-01 7.706467e-01 -8.839399e+01
      endloop
   endfacet
   facet normal 4.217243e-01 0.000000e+00 9.067241e-01
      outer loop
         vertex 6.579799e-01 -7.653080e-01 -8.846746e+01
         vertex 5.000000e-01 7.706467e-01 -8.839399e+01
         vertex 5.000000e-01 -7.706467e-01 -8.839399e+01
      endloop
   endfacet
   facet normal 5.725650e-01 -0.000000e+00 8.198593e-01
      outer loop
         vertex 5.000000e-01 -7.706467e-01 -8.839399e+01
         vertex 5.000000e-01 7.706467e-01 -8.839399e+01
         vertex 3.572124e-01 7.778924e-01 -8.829427e+01
      endloop
   endfacet
   facet normal 5.725650e-01 0.000000e+00 8.198593e-01
      outer loop
         vertex 5.000000e-01 -7.706467e-01 -8.839399e+01
         vertex 3.572124e-01 7.778924e-01 -8.829427e+01
         vertex 3.572124e-01 -7.778924e-01 -8.829427e+01
      endloop
   endfacet
   facet normal 7.061806e-01 -0.000000e+00 7.080317e-01
      outer loop
         vertex 3.572124e-01 -7.778924e-01 -8.829427e+01
         vertex 3.572124e-01 7.778924e-01 -8.829427e+01
         vertex 2.339556e-01 7.868248e-01 -8.817133e+01
      endloop
   endfacet
   facet normal 7.061806e-01 0.000000e+00 7.080317e-01
      outer loop
         vertex 3.572124e-01 -7.778924e-01 -8.829427e+01
         vertex 2.339556e-01 7.868248e-01 -8.817133e+01
         vertex 2.339556e-01 -7.868248e-01 -8.817133e+01
      endloop
   endfacet
   facet normal 8.184382e-01 -0.000000e+00 5.745945e-01
      outer loop
         vertex 2.339556e-01 -7.868248e-01 -8.817133e+01
         vertex 2.339556e-01 7.868248e-01 -8.817133e+01
         vertex 1.339746e-01 7.971727e-01 -8.802892e+01
      endloop
   endfacet
   facet normal 8.184382e-01 0.000000e+00 5.745945e-01
      outer loop
         vertex 2.339556e-01 -7.868248e-01 -8.817133e+01
         vertex 1.339746e-01 7.971727e-01 -8.802892e+01
         vertex 1.339746e-01 -7.971727e-01 -8.802892e+01
      endloop
   endfacet
   facet normal 9.058812e-01 -0.000000e+00 4.235319e-01
      outer loop
         vertex 1.339746e-01 -7.971727e-01 -8.802892e+01
         vertex 1.339746e-01 7.971727e-01 -8.802892e+01
         vertex 6.030738e-02 8.086215e-01 -8.787136e+01
      endloop
   endfacet
   facet normal 9.058812e-01 0.000000e+00 4.235319e-01
      outer loop
         vertex 1.339746e-01 -7.971727e-01 -8.802892e+01
         vertex 6.030738e-02 8.086215e-01 -8.787136e+01
         vertex 6.030738e-02 -8.086215e-01 -8.787136e+01
      endloop
   endfacet
   facet normal 9.657548e-01 -0.000000e+00 2.594564e-01
      outer loop
         vertex 6.030738e-02 -8.086215e-01 -8.787136e+01
         vertex 6.030738e-02 8.086215e-01 -8.787136e+01
         vertex 1.519225e-02 8.208234e-01 -8.770343e+01
      endloop
   endfacet
   facet normal 9.657548e-01 0.000000e+00 2.594564e-01
      outer loop
         vertex 6.030738e-02 -8.086215e-01 -8.787136e+01
         vertex 1.519225e-02 8.208234e-01 -8.770343e+01
         vertex 1.519225e-02 -8.208234e-01 -8.770343e+01
      endloop
   endfacet
   facet normal 9.961746e-01 -0.000000e+00 8.738518e-02
      outer loop
         vertex 1.519225e-02 -8.208234e-01 -8.770343e+01
         vertex 1.519225e-02 8.208234e-01 -8.770343e+01
         vertex -5.103151e-17 8.334077e-01 -8.753024e+01
      endloop
   endfacet
   facet normal 9.961746e-01 5.994430e-17 8.738518e-02
      outer loop
         vertex 1.519225e-02 -8.208234e-01 -8.770343e+01
         vertex -5.103151e-17 8.334077e-01 -8.753024e+01
         vertex 5.103151e-17 -8.334077e-01 -8.753024e+01
      endloop
   endfacet
   facet normal 8.694057e-02 1.440129e-01 9.857493e-01
      outer loop
         vertex 1.000000e+00 7.609375e-01 -8.852761e+01
         vertex 8.263518e-01 2.270107e+00 -8.873278e+01
         vertex 8.263518e-01 7.620385e-01 -8.851246e+01
      endloop
   endfacet
   facet normal 2.582054e-01 1.396583e-01 9.559422e-01
      outer loop
         vertex 8.263518e-01 7.620385e-01 -8.851246e+01
         vertex 8.263518e-01 2.270107e+00 -8.873278e+01
         vertex 6.579799e-01 2.279847e+00 -8.868872e+01
      endloop
   endfacet
   facet normal 2.581710e-01 1.396556e-01 9.559519e-01
      outer loop
         vertex 8.263518e-01 7.620385e-01 -8.851246e+01
         vertex 6.579799e-01 2.279847e+00 -8.868872e+01
         vertex 6.579799e-01 7.653080e-01 -8.846746e+01
      endloop
   endfacet
   facet normal 4.216949e-01 1.310745e-01 8.972139e-01
      outer loop
         vertex 6.579799e-01 7.653080e-01 -8.846746e+01
         vertex 6.579799e-01 2.279847e+00 -8.868872e+01
         vertex 5.000000e-01 2.295750e+00 -8.861680e+01
      endloop
   endfacet
   facet normal 4.217240e-01 1.310762e-01 8.972000e-01
      outer loop
         vertex 6.579799e-01 7.653080e-01 -8.846746e+01
         vertex 5.000000e-01 2.295750e+00 -8.861680e+01
         vertex 5.000000e-01 7.706467e-01 -8.839399e+01
      endloop
   endfacet
   facet normal 5.725698e-01 1.185185e-01 8.112443e-01
      outer loop
         vertex 5.000000e-01 7.706467e-01 -8.839399e+01
         vertex 5.000000e-01 2.295750e+00 -8.861680e+01
         vertex 3.572124e-01 2.317335e+00 -8.851917e+01
      endloop
   endfacet
   facet normal 5.725650e-01 1.185183e-01 8.112476e-01
      outer loop
         vertex 5.000000e-01 7.706467e-01 -8.839399e+01
         vertex 3.572124e-01 2.317335e+00 -8.851917e+01
         vertex 3.572124e-01 7.778924e-01 -8.829427e+01
      endloop
   endfacet
   facet normal 7.061726e-01 1.023538e-01 7.006026e-01
      outer loop
         vertex 3.572124e-01 7.778924e-01 -8.829427e+01
         vertex 3.572124e-01 2.317335e+00 -8.851917e+01
         vertex 2.339556e-01 2.343945e+00 -8.839882e+01
      endloop
   endfacet
   facet normal 7.061805e-01 1.023539e-01 7.005946e-01
      outer loop
         vertex 3.572124e-01 7.778924e-01 -8.829427e+01
         vertex 2.339556e-01 2.343945e+00 -8.839882e+01
         vertex 2.339556e-01 7.868248e-01 -8.817133e+01
      endloop
   endfacet
   facet normal 8.184459e-01 8.306243e-02 5.685481e-01
      outer loop
         vertex 2.339556e-01 7.868248e-01 -8.817133e+01
         vertex 2.339556e-01 2.343945e+00 -8.839882e+01
         vertex 1.339746e-01 2.374771e+00 -8.825940e+01
      endloop
   endfacet
   facet normal 8.184383e-01 8.306256e-02 5.685591e-01
      outer loop
         vertex 2.339556e-01 7.868248e-01 -8.817133e+01
         vertex 1.339746e-01 2.374771e+00 -8.825940e+01
         vertex 1.339746e-01 7.971727e-01 -8.802892e+01
      endloop
   endfacet
   facet normal 9.058757e-01 6.122688e-02 4.190949e-01
      outer loop
         vertex 1.339746e-01 7.971727e-01 -8.802892e+01
         vertex 1.339746e-01 2.374771e+00 -8.825940e+01
         vertex 6.030738e-02 2.408877e+00 -8.810515e+01
      endloop
   endfacet
   facet normal 9.058812e-01 6.122657e-02 4.190831e-01
      outer loop
         vertex 1.339746e-01 7.971727e-01 -8.802892e+01
         vertex 6.030738e-02 2.408877e+00 -8.810515e+01
         vertex 6.030738e-02 8.086215e-01 -8.787136e+01
      endloop
   endfacet
   facet normal 9.657563e-01 3.750673e-02 2.567257e-01
      outer loop
         vertex 6.030738e-02 8.086215e-01 -8.787136e+01
         vertex 6.030738e-02 2.408877e+00 -8.810515e+01
         vertex 1.519225e-02 2.445227e+00 -8.794075e+01
      endloop
   endfacet
   facet normal 9.657548e-01 3.750692e-02 2.567311e-01
      outer loop
         vertex 6.030738e-02 8.086215e-01 -8.787136e+01
         vertex 1.519225e-02 2.445227e+00 -8.794075e+01
         vertex 1.519225e-02 8.208234e-01 -8.770343e+01
      endloop
   endfacet
   facet normal 9.961747e-01 1.263219e-02 8.646607e-02
      outer loop
         vertex 1.519225e-02 8.208234e-01 -8.770343e+01
         vertex 1.519225e-02 2.445227e+00 -8.794075e+01
         vertex -1.520225e-16 2.482715e+00 -8.777119e+01
      endloop
   endfacet
   facet normal 9.961746e-01 1.263224e-02 8.646729e-02
      outer loop
         vertex 1.519225e-02 8.208234e-01 -8.770343e+01
         vertex -1.520225e-16 2.482715e+00 -8.777119e+01
         vertex -5.103151e-17 8.334077e-01 -8.753024e+01
      endloop
   endfacet
   facet normal 9.961658e-01 -8.747018e-02 1.661696e-03
      outer loop
         vertex -7.722953e-16 1.171661e+01 -2.215223e+01
         vertex 1.519225e-02 1.188928e+01 -2.217064e+01
         vertex -7.727007e-16 1.172323e+01 -2.180367e+01
      endloop
   endfacet
   facet normal 9.961657e-01 -8.747031e-02 1.661634e-03
      outer loop
         vertex -7.727007e-16 1.172323e+01 -2.180367e+01
         vertex 1.519225e-02 1.188928e+01 -2.217064e+01
         vertex 1.519225e-02 1.189647e+01 -2.179182e+01
      endloop
   endfacet
   facet normal 9.961657e-01 -8.642995e-02 -1.355280e-02
      outer loop
         vertex -7.727007e-16 1.172323e+01 -2.180367e+01
         vertex 1.519225e-02 1.189647e+01 -2.179182e+01
         vertex -7.693938e-16 1.166922e+01 -2.145925e+01
      endloop
   endfacet
   facet normal 9.961657e-01 -8.643005e-02 -1.355287e-02
      outer loop
         vertex -7.693938e-16 1.166922e+01 -2.145925e+01
         vertex 1.519225e-02 1.189647e+01 -2.179182e+01
         vertex 1.519225e-02 1.183778e+01 -2.141750e+01
      endloop
   endfacet
   facet normal 9.961657e-01 -8.276363e-02 -2.835531e-02
      outer loop
         vertex -7.693938e-16 1.166922e+01 -2.145925e+01
         vertex 1.519225e-02 1.183778e+01 -2.141750e+01
         vertex -7.624750e-16 1.155623e+01 -2.112945e+01
      endloop
   endfacet
   facet normal 9.961657e-01 -8.276348e-02 -2.835517e-02
      outer loop
         vertex -7.624750e-16 1.155623e+01 -2.112945e+01
         vertex 1.519225e-02 1.183778e+01 -2.141750e+01
         vertex 1.519225e-02 1.171497e+01 -2.105906e+01
      endloop
   endfacet
   facet normal 9.961658e-01 -7.658232e-02 -4.229582e-02
      outer loop
         vertex -7.624750e-16 1.155623e+01 -2.112945e+01
         vertex 1.519225e-02 1.171497e+01 -2.105906e+01
         vertex -7.521545e-16 1.138768e+01 -2.082427e+01
      endloop
   endfacet
   facet normal 9.961657e-01 -7.658267e-02 -4.229631e-02
      outer loop
         vertex -7.521545e-16 1.138768e+01 -2.082427e+01
         vertex 1.519225e-02 1.171497e+01 -2.105906e+01
         vertex 1.519225e-02 1.153179e+01 -2.072739e+01
      endloop
   endfacet
   facet normal 9.961657e-01 -6.807448e-02 -5.495235e-02
      outer loop
         vertex -7.521545e-16 1.138768e+01 -2.082427e+01
         vertex 1.519225e-02 1.153179e+01 -2.072739e+01
         vertex -7.387460e-16 1.116871e+01 -2.055301e+01
      endloop
   endfacet
   facet normal 9.961657e-01 -6.807430e-02 -5.495197e-02
      outer loop
         vertex -7.387460e-16 1.116871e+01 -2.055301e+01
         vertex 1.519225e-02 1.153179e+01 -2.072739e+01
         vertex 1.519225e-02 1.129380e+01 -2.043257e+01
      endloop
   endfacet
   facet normal 9.961657e-01 -5.749770e-02 -6.593826e-02
      outer loop
         vertex -7.387460e-16 1.116871e+01 -2.055301e+01
         vertex 1.519225e-02 1.129380e+01 -2.043257e+01
         vertex -7.226568e-16 1.090595e+01 -2.032388e+01
      endloop
   endfacet
   facet normal 9.961657e-01 -5.749774e-02 -6.593838e-02
      outer loop
         vertex -7.226568e-16 1.090595e+01 -2.032388e+01
         vertex 1.519225e-02 1.129380e+01 -2.043257e+01
         vertex 1.519225e-02 1.100823e+01 -2.018356e+01
      endloop
   endfacet
   facet normal 9.961657e-01 -4.517417e-02 -7.492109e-02
      outer loop
         vertex -7.226568e-16 1.090595e+01 -2.032388e+01
         vertex 1.519225e-02 1.100823e+01 -2.018356e+01
         vertex -7.043758e-16 1.060740e+01 -2.014387e+01
      endloop
   endfacet
   facet normal 9.961658e-01 -4.517409e-02 -7.492028e-02
      outer loop
         vertex -7.043758e-16 1.060740e+01 -2.014387e+01
         vertex 1.519225e-02 1.100823e+01 -2.018356e+01
         vertex 1.519225e-02 1.068376e+01 -1.998791e+01
      endloop
   endfacet
   facet normal 9.961658e-01 -3.147815e-02 -8.162635e-02
      outer loop
         vertex -7.043758e-16 1.060740e+01 -2.014387e+01
         vertex 1.519225e-02 1.068376e+01 -1.998791e+01
         vertex -6.844585e-16 1.028212e+01 -2.001843e+01
      endloop
   endfacet
   facet normal 9.961657e-01 -3.147807e-02 -8.162730e-02
      outer loop
         vertex -6.844585e-16 1.028212e+01 -2.001843e+01
         vertex 1.519225e-02 1.068376e+01 -1.998791e+01
         vertex 1.519225e-02 1.033024e+01 -1.985159e+01
      endloop
   endfacet
   facet normal 9.961657e-01 -1.682512e-02 -8.585347e-02
      outer loop
         vertex -6.844585e-16 1.028212e+01 -2.001843e+01
         vertex 1.519225e-02 1.033024e+01 -1.985159e+01
         vertex -6.635100e-16 9.940009e+00 -1.995139e+01
      endloop
   endfacet
   facet normal 9.961658e-01 -1.682532e-02 -8.585273e-02
      outer loop
         vertex -6.635100e-16 9.940009e+00 -1.995139e+01
         vertex 1.519225e-02 1.033024e+01 -1.985159e+01
         vertex 1.519225e-02 9.958426e+00 -1.977872e+01
      endloop
   endfacet
   facet normal 9.961658e-01 -1.661700e-03 -8.747016e-02
      outer loop
         vertex -6.635100e-16 9.940009e+00 -1.995139e+01
         vertex 1.519225e-02 9.958426e+00 -1.977872e+01
         vertex -6.421668e-16 9.591449e+00 -1.994476e+01
      endloop
   endfacet
   facet normal 9.961658e-01 -1.661837e-03 -8.746986e-02
      outer loop
         vertex -6.421668e-16 9.591449e+00 -1.994476e+01
         vertex 1.519225e-02 9.958426e+00 -1.977872e+01
         vertex 1.519225e-02 9.579603e+00 -1.977152e+01
      endloop
   endfacet
   facet normal 9.961658e-01 1.355249e-02 -8.642951e-02
      outer loop
         vertex -6.421668e-16 9.591449e+00 -1.994476e+01
         vertex 1.519225e-02 9.579603e+00 -1.977152e+01
         vertex -6.210776e-16 9.247035e+00 -1.999877e+01
      endloop
   endfacet
   facet normal 9.961657e-01 1.355282e-02 -8.642999e-02
      outer loop
         vertex -6.210776e-16 9.247035e+00 -1.999877e+01
         vertex 1.519225e-02 9.579603e+00 -1.977152e+01
         vertex 1.519225e-02 9.205285e+00 -1.983022e+01
      endloop
   endfacet
   facet normal 9.961657e-01 2.835497e-02 -8.276355e-02
      outer loop
         vertex -6.210776e-16 9.247035e+00 -1.999877e+01
         vertex 1.519225e-02 9.205285e+00 -1.983022e+01
         vertex -6.008829e-16 8.917230e+00 -2.011176e+01
      endloop
   endfacet
   facet normal 9.961657e-01 2.835509e-02 -8.276367e-02
      outer loop
         vertex -6.008829e-16 8.917230e+00 -2.011176e+01
         vertex 1.519225e-02 9.205285e+00 -1.983022e+01
         vertex 1.519225e-02 8.846845e+00 -1.995302e+01
      endloop
   endfacet
   facet normal 9.656782e-01 -2.596946e-01 4.933303e-03
      outer loop
         vertex 1.519225e-02 1.188928e+01 -2.217064e+01
         vertex 6.030738e-02 1.205670e+01 -2.218850e+01
         vertex 1.519225e-02 1.189647e+01 -2.179182e+01
      endloop
   endfacet
   facet normal 9.656780e-01 -2.596953e-01 4.932994e-03
      outer loop
         vertex 1.519225e-02 1.189647e+01 -2.179182e+01
         vertex 6.030738e-02 1.205670e+01 -2.218850e+01
         vertex 6.030738e-02 1.206445e+01 -2.178033e+01
      endloop
   endfacet
   facet normal 9.656779e-01 -2.566069e-01 -4.023784e-02
      outer loop
         vertex 1.519225e-02 1.189647e+01 -2.179182e+01
         vertex 6.030738e-02 1.206445e+01 -2.178033e+01
         vertex 1.519225e-02 1.183778e+01 -2.141750e+01
      endloop
   endfacet
   facet normal 9.656783e-01 -2.566057e-01 -4.023703e-02
      outer loop
         vertex 1.519225e-02 1.183778e+01 -2.141750e+01
         vertex 6.030738e-02 1.206445e+01 -2.178033e+01
         vertex 6.030738e-02 1.200121e+01 -2.137702e+01
      endloop
   endfacet
   facet normal 9.656783e-01 -2.457202e-01 -8.418492e-02
      outer loop
         vertex 1.519225e-02 1.183778e+01 -2.141750e+01
         vertex 6.030738e-02 1.200121e+01 -2.137702e+01
         vertex 1.519225e-02 1.171497e+01 -2.105906e+01
      endloop
   endfacet
   facet normal 9.656785e-01 -2.457195e-01 -8.418424e-02
      outer loop
         vertex 1.519225e-02 1.171497e+01 -2.105906e+01
         vertex 6.030738e-02 1.200121e+01 -2.137702e+01
         vertex 6.030738e-02 1.186890e+01 -2.099082e+01
      endloop
   endfacet
   facet normal 9.656785e-01 -2.273680e-01 -1.255744e-01
      outer loop
         vertex 1.519225e-02 1.171497e+01 -2.105906e+01
         vertex 6.030738e-02 1.186890e+01 -2.099082e+01
         vertex 1.519225e-02 1.153179e+01 -2.072739e+01
      endloop
   endfacet
   facet normal 9.656780e-01 -2.273690e-01 -1.255758e-01
      outer loop
         vertex 1.519225e-02 1.153179e+01 -2.072739e+01
         vertex 6.030738e-02 1.186890e+01 -2.099082e+01
         vertex 6.030738e-02 1.167153e+01 -2.063346e+01
      endloop
   endfacet
   facet normal 9.656780e-01 -2.021092e-01 -1.631497e-01
      outer loop
         vertex 1.519225e-02 1.153179e+01 -2.072739e+01
         vertex 6.030738e-02 1.167153e+01 -2.063346e+01
         vertex 1.519225e-02 1.129380e+01 -2.043257e+01
      endloop
   endfacet
   facet normal 9.656783e-01 -2.021087e-01 -1.631486e-01
      outer loop
         vertex 1.519225e-02 1.129380e+01 -2.043257e+01
         vertex 6.030738e-02 1.167153e+01 -2.063346e+01
         vertex 6.030738e-02 1.141510e+01 -2.031580e+01
      endloop
   endfacet
   facet normal 9.656784e-01 -1.707068e-01 -1.957665e-01
      outer loop
         vertex 1.519225e-02 1.129380e+01 -2.043257e+01
         vertex 6.030738e-02 1.141510e+01 -2.031580e+01
         vertex 1.519225e-02 1.100823e+01 -2.018356e+01
      endloop
   endfacet
   facet normal 9.656787e-01 -1.707064e-01 -1.957651e-01
      outer loop
         vertex 1.519225e-02 1.100823e+01 -2.018356e+01
         vertex 6.030738e-02 1.141510e+01 -2.031580e+01
         vertex 6.030738e-02 1.110741e+01 -2.004749e+01
      endloop
   endfacet
   facet normal 9.656788e-01 -1.341190e-01 -2.224335e-01
      outer loop
         vertex 1.519225e-02 1.100823e+01 -2.018356e+01
         vertex 6.030738e-02 1.110741e+01 -2.004749e+01
         vertex 1.519225e-02 1.068376e+01 -1.998791e+01
      endloop
   endfacet
   facet normal 9.656781e-01 -1.341193e-01 -2.224361e-01
      outer loop
         vertex 1.519225e-02 1.068376e+01 -1.998791e+01
         vertex 6.030738e-02 1.110741e+01 -2.004749e+01
         vertex 6.030738e-02 1.075780e+01 -1.983670e+01
      endloop
   endfacet
   facet normal 9.656780e-01 -9.345647e-02 -2.423465e-01
      outer loop
         vertex 1.519225e-02 1.068376e+01 -1.998791e+01
         vertex 6.030738e-02 1.075780e+01 -1.983670e+01
         vertex 1.519225e-02 1.033024e+01 -1.985159e+01
      endloop
   endfacet
   facet normal 9.656785e-01 -9.345657e-02 -2.423448e-01
      outer loop
         vertex 1.519225e-02 1.033024e+01 -1.985159e+01
         vertex 6.030738e-02 1.075780e+01 -1.983670e+01
         vertex 6.030738e-02 1.037690e+01 -1.968981e+01
      endloop
   endfacet
   facet normal 9.656784e-01 -4.995338e-02 -2.548917e-01
      outer loop
         vertex 1.519225e-02 1.033024e+01 -1.985159e+01
         vertex 6.030738e-02 1.037690e+01 -1.968981e+01
         vertex 1.519225e-02 9.958426e+00 -1.977872e+01
      endloop
   endfacet
   facet normal 9.656782e-01 -4.995311e-02 -2.548929e-01
      outer loop
         vertex 1.519225e-02 9.958426e+00 -1.977872e+01
         vertex 6.030738e-02 1.037690e+01 -1.968981e+01
         vertex 6.030738e-02 9.976284e+00 -1.961130e+01
      endloop
   endfacet
   facet normal 9.656782e-01 -4.933929e-03 -2.596946e-01
      outer loop
         vertex 1.519225e-02 9.958426e+00 -1.977872e+01
         vertex 6.030738e-02 9.976284e+00 -1.961130e+01
         vertex 1.519225e-02 9.579603e+00 -1.977152e+01
      endloop
   endfacet
   facet normal 9.656780e-01 -4.933588e-03 -2.596954e-01
      outer loop
         vertex 1.519225e-02 9.579603e+00 -1.977152e+01
         vertex 6.030738e-02 9.976284e+00 -1.961130e+01
         vertex 6.030738e-02 9.568117e+00 -1.960354e+01
      endloop
   endfacet
   facet normal 9.656780e-01 4.023771e-02 -2.566067e-01
      outer loop
         vertex 1.519225e-02 9.579603e+00 -1.977152e+01
         vertex 6.030738e-02 9.568117e+00 -1.960354e+01
         vertex 1.519225e-02 9.205285e+00 -1.983022e+01
      endloop
   endfacet
   facet normal 9.656786e-01 4.023626e-02 -2.566045e-01
      outer loop
         vertex 1.519225e-02 9.205285e+00 -1.983022e+01
         vertex 6.030738e-02 9.568117e+00 -1.960354e+01
         vertex 6.030738e-02 9.164804e+00 -1.966678e+01
      endloop
   endfacet
   facet normal 9.656786e-01 8.418412e-02 -2.457191e-01
      outer loop
         vertex 1.519225e-02 9.205285e+00 -1.983022e+01
         vertex 6.030738e-02 9.164804e+00 -1.966678e+01
         vertex 1.519225e-02 8.846845e+00 -1.995302e+01
      endloop
   endfacet
   facet normal 9.656778e-01 8.418627e-02 -2.457214e-01
      outer loop
         vertex 1.519225e-02 8.846845e+00 -1.995302e+01
         vertex 6.030738e-02 9.164804e+00 -1.966678e+01
         vertex 6.030738e-02 8.778600e+00 -1.979910e+01
      endloop
   endfacet
   facet normal 9.056891e-01 -4.238661e-01 8.051470e-03
      outer loop
         vertex 6.030738e-02 1.205670e+01 -2.218850e+01
         vertex 1.339746e-01 1.221379e+01 -2.220526e+01
         vertex 6.030738e-02 1.206445e+01 -2.178033e+01
      endloop
   endfacet
   facet normal 9.056895e-01 -4.238652e-01 8.051869e-03
      outer loop
         vertex 6.030738e-02 1.206445e+01 -2.178033e+01
         vertex 1.339746e-01 1.221379e+01 -2.220526e+01
         vertex 1.339746e-01 1.222206e+01 -2.176956e+01
      endloop
   endfacet
   facet normal 9.056895e-01 -4.188240e-01 -6.567366e-02
      outer loop
         vertex 6.030738e-02 1.206445e+01 -2.178033e+01
         vertex 1.339746e-01 1.222206e+01 -2.176956e+01
         vertex 6.030738e-02 1.200121e+01 -2.137702e+01
      endloop
   endfacet
   facet normal 9.056891e-01 -4.188247e-01 -6.567415e-02
      outer loop
         vertex 6.030738e-02 1.200121e+01 -2.137702e+01
         vertex 1.339746e-01 1.222206e+01 -2.176956e+01
         vertex 1.339746e-01 1.215456e+01 -2.133904e+01
      endloop
   endfacet
   facet normal 9.056892e-01 -4.010577e-01 -1.374036e-01
      outer loop
         vertex 6.030738e-02 1.200121e+01 -2.137702e+01
         vertex 1.339746e-01 1.215456e+01 -2.133904e+01
         vertex 6.030738e-02 1.186890e+01 -2.099082e+01
      endloop
   endfacet
   facet normal 9.056886e-01 -4.010588e-01 -1.374046e-01
      outer loop
         vertex 6.030738e-02 1.186890e+01 -2.099082e+01
         vertex 1.339746e-01 1.215456e+01 -2.133904e+01
         vertex 1.339746e-01 1.201332e+01 -2.092678e+01
      endloop
   endfacet
   facet normal 9.056886e-01 -3.711051e-01 -2.049612e-01
      outer loop
         vertex 6.030738e-02 1.186890e+01 -2.099082e+01
         vertex 1.339746e-01 1.201332e+01 -2.092678e+01
         vertex 6.030738e-02 1.167153e+01 -2.063346e+01
      endloop
   endfacet
   facet normal 9.056900e-01 -3.711031e-01 -2.049586e-01
      outer loop
         vertex 6.030738e-02 1.167153e+01 -2.063346e+01
         vertex 1.339746e-01 1.201332e+01 -2.092678e+01
         vertex 1.339746e-01 1.180263e+01 -2.054532e+01
      endloop
   endfacet
   facet normal 9.056902e-01 -3.298747e-01 -2.662855e-01
      outer loop
         vertex 6.030738e-02 1.167153e+01 -2.063346e+01
         vertex 1.339746e-01 1.180263e+01 -2.054532e+01
         vertex 6.030738e-02 1.141510e+01 -2.031580e+01
      endloop
   endfacet
   facet normal 9.056889e-01 -3.298761e-01 -2.662883e-01
      outer loop
         vertex 6.030738e-02 1.141510e+01 -2.031580e+01
         vertex 1.339746e-01 1.180263e+01 -2.054532e+01
         vertex 1.339746e-01 1.152891e+01 -2.020623e+01
      endloop
   endfacet
   facet normal 9.056888e-01 -2.786245e-01 -3.195250e-01
      outer loop
         vertex 6.030738e-02 1.141510e+01 -2.031580e+01
         vertex 1.339746e-01 1.152891e+01 -2.020623e+01
         vertex 6.030738e-02 1.110741e+01 -2.004749e+01
      endloop
   endfacet
   facet normal 9.056879e-01 -2.786251e-01 -3.195271e-01
      outer loop
         vertex 6.030738e-02 1.110741e+01 -2.004749e+01
         vertex 1.339746e-01 1.152891e+01 -2.020623e+01
         vertex 1.339746e-01 1.120047e+01 -1.991983e+01
      endloop
   endfacet
   facet normal 9.056877e-01 -2.189069e-01 -3.630559e-01
      outer loop
         vertex 6.030738e-02 1.110741e+01 -2.004749e+01
         vertex 1.339746e-01 1.120047e+01 -1.991983e+01
         vertex 6.030738e-02 1.075780e+01 -1.983670e+01
      endloop
   endfacet
   facet normal 9.056892e-01 -2.189065e-01 -3.630523e-01
      outer loop
         vertex 6.030738e-02 1.075780e+01 -1.983670e+01
         vertex 1.339746e-01 1.120047e+01 -1.991983e+01
         vertex 1.339746e-01 1.082728e+01 -1.969481e+01
      endloop
   endfacet
   facet normal 9.056894e-01 -1.525375e-01 -3.955491e-01
      outer loop
         vertex 6.030738e-02 1.075780e+01 -1.983670e+01
         vertex 1.339746e-01 1.082728e+01 -1.969481e+01
         vertex 6.030738e-02 1.037690e+01 -1.968981e+01
      endloop
   endfacet
   facet normal 9.056886e-01 -1.525374e-01 -3.955509e-01
      outer loop
         vertex 6.030738e-02 1.037690e+01 -1.968981e+01
         vertex 1.339746e-01 1.082728e+01 -1.969481e+01
         vertex 1.339746e-01 1.042068e+01 -1.953802e+01
      endloop
   endfacet
   facet normal 9.056886e-01 -8.153218e-02 -4.160296e-01
      outer loop
         vertex 6.030738e-02 1.037690e+01 -1.968981e+01
         vertex 1.339746e-01 1.042068e+01 -1.953802e+01
         vertex 6.030738e-02 9.976284e+00 -1.961130e+01
      endloop
   endfacet
   facet normal 9.056900e-01 -8.153294e-02 -4.160264e-01
      outer loop
         vertex 6.030738e-02 9.976284e+00 -1.961130e+01
         vertex 1.339746e-01 1.042068e+01 -1.953802e+01
         vertex 1.339746e-01 9.993039e+00 -1.945421e+01
      endloop
   endfacet
   facet normal 9.056901e-01 -8.052395e-03 -4.238639e-01
      outer loop
         vertex 6.030738e-02 9.976284e+00 -1.961130e+01
         vertex 1.339746e-01 9.993039e+00 -1.945421e+01
         vertex 6.030738e-02 9.568117e+00 -1.960354e+01
      endloop
   endfacet
   facet normal 9.056886e-01 -8.050984e-03 -4.238672e-01
      outer loop
         vertex 6.030738e-02 9.568117e+00 -1.960354e+01
         vertex 1.339746e-01 9.993039e+00 -1.945421e+01
         vertex 1.339746e-01 9.557339e+00 -1.944593e+01
      endloop
   endfacet
   facet normal 9.056886e-01 6.567302e-02 -4.188261e-01
      outer loop
         vertex 6.030738e-02 9.568117e+00 -1.960354e+01
         vertex 1.339746e-01 9.557339e+00 -1.944593e+01
         vertex 6.030738e-02 9.164804e+00 -1.966678e+01
      endloop
   endfacet
   facet normal 9.056890e-01 6.567241e-02 -4.188251e-01
      outer loop
         vertex 6.030738e-02 9.164804e+00 -1.966678e+01
         vertex 1.339746e-01 9.557339e+00 -1.944593e+01
         vertex 1.339746e-01 9.126821e+00 -1.951344e+01
      endloop
   endfacet
   facet normal 9.056891e-01 1.374057e-01 -4.010572e-01
      outer loop
         vertex 6.030738e-02 9.164804e+00 -1.966678e+01
         vertex 1.339746e-01 9.126821e+00 -1.951344e+01
         vertex 6.030738e-02 8.778600e+00 -1.979910e+01
      endloop
   endfacet
   facet normal 9.056887e-01 1.374065e-01 -4.010580e-01
      outer loop
         vertex 6.030738e-02 8.778600e+00 -1.979910e+01
         vertex 1.339746e-01 9.126821e+00 -1.951344e+01
         vertex 1.339746e-01 8.714566e+00 -1.965468e+01
      endloop
   endfacet
   facet normal 8.181222e-01 -5.749407e-01 1.092174e-02
      outer loop
         vertex 1.339746e-01 1.221379e+01 -2.220526e+01
         vertex 2.339556e-01 1.235577e+01 -2.222040e+01
         vertex 1.339746e-01 1.222206e+01 -2.176956e+01
      endloop
   endfacet
   facet normal 8.181228e-01 -5.749398e-01 1.092217e-02
      outer loop
         vertex 1.339746e-01 1.222206e+01 -2.176956e+01
         vertex 2.339556e-01 1.235577e+01 -2.222040e+01
         vertex 2.339556e-01 1.236452e+01 -2.175982e+01
      endloop
   endfacet
   facet normal 8.181231e-01 -5.681013e-01 -8.908159e-02
      outer loop
         vertex 1.339746e-01 1.222206e+01 -2.176956e+01
         vertex 2.339556e-01 1.236452e+01 -2.175982e+01
         vertex 1.339746e-01 1.215456e+01 -2.133904e+01
      endloop
   endfacet
   facet normal 8.181231e-01 -5.681013e-01 -8.908161e-02
      outer loop
         vertex 1.339746e-01 1.215456e+01 -2.133904e+01
         vertex 2.339556e-01 1.236452e+01 -2.175982e+01
         vertex 2.339556e-01 1.229316e+01 -2.130471e+01
      endloop
   endfacet
   facet normal 8.181232e-01 -5.440017e-01 -1.863775e-01
      outer loop
         vertex 1.339746e-01 1.215456e+01 -2.133904e+01
         vertex 2.339556e-01 1.229316e+01 -2.130471e+01
         vertex 1.339746e-01 1.201332e+01 -2.092678e+01
      endloop
   endfacet
   facet normal 8.181228e-01 -5.440022e-01 -1.863780e-01
      outer loop
         vertex 1.339746e-01 1.201332e+01 -2.092678e+01
         vertex 2.339556e-01 1.229316e+01 -2.130471e+01
         vertex 2.339556e-01 1.214385e+01 -2.086891e+01
      endloop
   endfacet
   facet normal 8.181228e-01 -5.033736e-01 -2.780109e-01
      outer loop
         vertex 1.339746e-01 1.201332e+01 -2.092678e+01
         vertex 2.339556e-01 1.214385e+01 -2.086891e+01
         vertex 1.339746e-01 1.180263e+01 -2.054532e+01
      endloop
   endfacet
   facet normal 8.181219e-01 -5.033744e-01 -2.780121e-01
      outer loop
         vertex 1.339746e-01 1.180263e+01 -2.054532e+01
         vertex 2.339556e-01 1.214385e+01 -2.086891e+01
         vertex 2.339556e-01 1.192113e+01 -2.046565e+01
      endloop
   endfacet
   facet normal 8.181220e-01 -4.474504e-01 -3.611986e-01
      outer loop
         vertex 1.339746e-01 1.180263e+01 -2.054532e+01
         vertex 2.339556e-01 1.192113e+01 -2.046565e+01
         vertex 1.339746e-01 1.152891e+01 -2.020623e+01
      endloop
   endfacet
   facet normal 8.181216e-01 -4.474507e-01 -3.611992e-01
      outer loop
         vertex 1.339746e-01 1.152891e+01 -2.020623e+01
         vertex 2.339556e-01 1.192113e+01 -2.046565e+01
         vertex 2.339556e-01 1.163178e+01 -2.010720e+01
      endloop
   endfacet
   facet normal 8.181214e-01 -3.779313e-01 -4.334113e-01
      outer loop
         vertex 1.339746e-01 1.152891e+01 -2.020623e+01
         vertex 2.339556e-01 1.163178e+01 -2.010720e+01
         vertex 1.339746e-01 1.120047e+01 -1.991983e+01
      endloop
   endfacet
   facet normal 8.181233e-01 -3.779305e-01 -4.334085e-01
      outer loop
         vertex 1.339746e-01 1.120047e+01 -1.991983e+01
         vertex 2.339556e-01 1.163178e+01 -2.010720e+01
         vertex 2.339556e-01 1.128457e+01 -1.980444e+01
      endloop
   endfacet
   facet normal 8.181236e-01 -2.969284e-01 -4.924503e-01
      outer loop
         vertex 1.339746e-01 1.120047e+01 -1.991983e+01
         vertex 2.339556e-01 1.128457e+01 -1.980444e+01
         vertex 1.339746e-01 1.082728e+01 -1.969481e+01
      endloop
   endfacet
   facet normal 8.181216e-01 -2.969288e-01 -4.924535e-01
      outer loop
         vertex 1.339746e-01 1.082728e+01 -1.969481e+01
         vertex 2.339556e-01 1.128457e+01 -1.980444e+01
         vertex 2.339556e-01 1.089007e+01 -1.956657e+01
      endloop
   endfacet
   facet normal 8.181214e-01 -2.069047e-01 -5.365331e-01
      outer loop
         vertex 1.339746e-01 1.082728e+01 -1.969481e+01
         vertex 2.339556e-01 1.089007e+01 -1.956657e+01
         vertex 1.339746e-01 1.042068e+01 -1.953802e+01
      endloop
   endfacet
   facet normal 8.181218e-01 -2.069048e-01 -5.365325e-01
      outer loop
         vertex 1.339746e-01 1.042068e+01 -1.953802e+01
         vertex 2.339556e-01 1.089007e+01 -1.956657e+01
         vertex 2.339556e-01 1.046025e+01 -1.940082e+01
      endloop
   endfacet
   facet normal 8.181218e-01 -1.105936e-01 -5.643100e-01
      outer loop
         vertex 1.339746e-01 1.042068e+01 -1.953802e+01
         vertex 2.339556e-01 1.046025e+01 -1.940082e+01
         vertex 1.339746e-01 9.993039e+00 -1.945421e+01
      endloop
   endfacet
   facet normal 8.181222e-01 -1.105937e-01 -5.643094e-01
      outer loop
         vertex 1.339746e-01 9.993039e+00 -1.945421e+01
         vertex 2.339556e-01 1.046025e+01 -1.940082e+01
         vertex 2.339556e-01 1.000818e+01 -1.931222e+01
      endloop
   endfacet
   facet normal 8.181221e-01 -1.092050e-02 -5.749409e-01
      outer loop
         vertex 1.339746e-01 9.993039e+00 -1.945421e+01
         vertex 2.339556e-01 1.000818e+01 -1.931222e+01
         vertex 1.339746e-01 9.557339e+00 -1.944593e+01
      endloop
   endfacet
   facet normal 8.181229e-01 -1.092103e-02 -5.749397e-01
      outer loop
         vertex 1.339746e-01 9.557339e+00 -1.944593e+01
         vertex 2.339556e-01 1.000818e+01 -1.931222e+01
         vertex 2.339556e-01 9.547599e+00 -1.930347e+01
      endloop
   endfacet
   facet normal 8.181229e-01 8.907923e-02 -5.681019e-01
      outer loop
         vertex 1.339746e-01 9.557339e+00 -1.944593e+01
         vertex 2.339556e-01 9.547599e+00 -1.930347e+01
         vertex 1.339746e-01 9.126821e+00 -1.951344e+01
      endloop
   endfacet
   facet normal 8.181193e-01 8.908244e-02 -5.681066e-01
      outer loop
         vertex 1.339746e-01 9.126821e+00 -1.951344e+01
         vertex 2.339556e-01 9.547599e+00 -1.930347e+01
         vertex 2.339556e-01 9.092491e+00 -1.937484e+01
      endloop
   endfacet
   facet normal 8.181192e-01 1.863819e-01 -5.440063e-01
      outer loop
         vertex 1.339746e-01 9.126821e+00 -1.951344e+01
         vertex 2.339556e-01 9.092491e+00 -1.937484e+01
         vertex 1.339746e-01 8.714566e+00 -1.965468e+01
      endloop
   endfacet
   facet normal 8.181228e-01 1.863780e-01 -5.440022e-01
      outer loop
         vertex 1.339746e-01 8.714566e+00 -1.965468e+01
         vertex 2.339556e-01 9.092491e+00 -1.937484e+01
         vertex 2.339556e-01 8.656690e+00 -1.952415e+01
      endloop
   endfacet
   facet normal 7.057588e-01 -7.083244e-01 1.345609e-02
      outer loop
         vertex 2.339556e-01 1.235577e+01 -2.222040e+01
         vertex 3.572124e-01 1.247833e+01 -2.223347e+01
         vertex 2.339556e-01 1.236452e+01 -2.175982e+01
      endloop
   endfacet
   facet normal 7.057558e-01 -7.083274e-01 1.345457e-02
      outer loop
         vertex 2.339556e-01 1.236452e+01 -2.175982e+01
         vertex 3.572124e-01 1.247833e+01 -2.223347e+01
         vertex 3.572124e-01 1.248749e+01 -2.175141e+01
      endloop
   endfacet
   facet normal 7.057555e-01 -6.999031e-01 -1.097489e-01
      outer loop
         vertex 2.339556e-01 1.236452e+01 -2.175982e+01
         vertex 3.572124e-01 1.248749e+01 -2.175141e+01
         vertex 2.339556e-01 1.229316e+01 -2.130471e+01
      endloop
   endfacet
   facet normal 7.057578e-01 -6.999010e-01 -1.097473e-01
      outer loop
         vertex 2.339556e-01 1.229316e+01 -2.130471e+01
         vertex 3.572124e-01 1.248749e+01 -2.175141e+01
         vertex 3.572124e-01 1.241280e+01 -2.127507e+01
      endloop
   endfacet
   facet normal 7.057581e-01 -6.702099e-01 -2.296174e-01
      outer loop
         vertex 2.339556e-01 1.229316e+01 -2.130471e+01
         vertex 3.572124e-01 1.241280e+01 -2.127507e+01
         vertex 2.339556e-01 1.214385e+01 -2.086891e+01
      endloop
   endfacet
   facet normal 7.057581e-01 -6.702099e-01 -2.296174e-01
      outer loop
         vertex 2.339556e-01 1.214385e+01 -2.086891e+01
         vertex 3.572124e-01 1.241280e+01 -2.127507e+01
         vertex 3.572124e-01 1.225653e+01 -2.081895e+01
      endloop
   endfacet
   facet normal 7.057583e-01 -6.201551e-01 -3.425097e-01
      outer loop
         vertex 2.339556e-01 1.214385e+01 -2.086891e+01
         vertex 3.572124e-01 1.225653e+01 -2.081895e+01
         vertex 2.339556e-01 1.192113e+01 -2.046565e+01
      endloop
   endfacet
   facet normal 7.057559e-01 -6.201566e-01 -3.425119e-01
      outer loop
         vertex 2.339556e-01 1.192113e+01 -2.046565e+01
         vertex 3.572124e-01 1.225653e+01 -2.081895e+01
         vertex 3.572124e-01 1.202342e+01 -2.039689e+01
      endloop
   endfacet
   facet normal 7.057551e-01 -5.512594e-01 -4.449976e-01
      outer loop
         vertex 2.339556e-01 1.192113e+01 -2.046565e+01
         vertex 3.572124e-01 1.202342e+01 -2.039689e+01
         vertex 2.339556e-01 1.163178e+01 -2.010720e+01
      endloop
   endfacet
   facet normal 7.057595e-01 -5.512575e-01 -4.449930e-01
      outer loop
         vertex 2.339556e-01 1.163178e+01 -2.010720e+01
         vertex 3.572124e-01 1.202342e+01 -2.039689e+01
         vertex 3.572124e-01 1.172057e+01 -2.002172e+01
      endloop
   endfacet
   facet normal 7.057601e-01 -4.656091e-01 -5.339577e-01
      outer loop
         vertex 2.339556e-01 1.163178e+01 -2.010720e+01
         vertex 3.572124e-01 1.172057e+01 -2.002172e+01
         vertex 2.339556e-01 1.128457e+01 -1.980444e+01
      endloop
   endfacet
   facet normal 7.057574e-01 -4.656098e-01 -5.339607e-01
      outer loop
         vertex 2.339556e-01 1.128457e+01 -1.980444e+01
         vertex 3.572124e-01 1.172057e+01 -2.002172e+01
         vertex 3.572124e-01 1.135717e+01 -1.970484e+01
      endloop
   endfacet
   facet normal 7.057572e-01 -3.658152e-01 -6.067009e-01
      outer loop
         vertex 2.339556e-01 1.128457e+01 -1.980444e+01
         vertex 3.572124e-01 1.135717e+01 -1.970484e+01
         vertex 2.339556e-01 1.089007e+01 -1.956657e+01
      endloop
   endfacet
   facet normal 7.057571e-01 -3.658152e-01 -6.067010e-01
      outer loop
         vertex 2.339556e-01 1.089007e+01 -1.956657e+01
         vertex 3.572124e-01 1.135717e+01 -1.970484e+01
         vertex 3.572124e-01 1.094427e+01 -1.945587e+01
      endloop
   endfacet
   facet normal 7.057570e-01 -2.549062e-01 -6.610067e-01
      outer loop
         vertex 2.339556e-01 1.089007e+01 -1.956657e+01
         vertex 3.572124e-01 1.094427e+01 -1.945587e+01
         vertex 2.339556e-01 1.046025e+01 -1.940082e+01
      endloop
   endfacet
   facet normal 7.057600e-01 -2.549066e-01 -6.610033e-01
      outer loop
         vertex 2.339556e-01 1.046025e+01 -1.940082e+01
         vertex 3.572124e-01 1.094427e+01 -1.945587e+01
         vertex 3.572124e-01 1.049441e+01 -1.928239e+01
      endloop
   endfacet
   facet normal 7.057605e-01 -1.362507e-01 -6.952250e-01
      outer loop
         vertex 2.339556e-01 1.046025e+01 -1.940082e+01
         vertex 3.572124e-01 1.049441e+01 -1.928239e+01
         vertex 2.339556e-01 1.000818e+01 -1.931222e+01
      endloop
   endfacet
   facet normal 7.057589e-01 -1.362502e-01 -6.952267e-01
      outer loop
         vertex 2.339556e-01 1.000818e+01 -1.931222e+01
         vertex 3.572124e-01 1.049441e+01 -1.928239e+01
         vertex 3.572124e-01 1.002126e+01 -1.918966e+01
      endloop
   endfacet
   facet normal 7.057588e-01 -1.345468e-02 -7.083245e-01
      outer loop
         vertex 2.339556e-01 1.000818e+01 -1.931222e+01
         vertex 3.572124e-01 1.002126e+01 -1.918966e+01
         vertex 2.339556e-01 9.547599e+00 -1.930347e+01
      endloop
   endfacet
   facet normal 7.057584e-01 -1.345450e-02 -7.083248e-01
      outer loop
         vertex 2.339556e-01 9.547599e+00 -1.930347e+01
         vertex 3.572124e-01 1.002126e+01 -1.918966e+01
         vertex 3.572124e-01 9.539190e+00 -1.918050e+01
      endloop
   endfacet
   facet normal 7.057585e-01 1.097484e-01 -6.999001e-01
      outer loop
         vertex 2.339556e-01 9.547599e+00 -1.930347e+01
         vertex 3.572124e-01 9.539190e+00 -1.918050e+01
         vertex 2.339556e-01 9.092491e+00 -1.937484e+01
      endloop
   endfacet
   facet normal 7.057579e-01 1.097488e-01 -6.999007e-01
      outer loop
         vertex 2.339556e-01 9.092491e+00 -1.937484e+01
         vertex 3.572124e-01 9.539190e+00 -1.918050e+01
         vertex 3.572124e-01 9.062856e+00 -1.925520e+01
      endloop
   endfacet
   facet normal 7.057581e-01 2.296174e-01 -6.702099e-01
      outer loop
         vertex 2.339556e-01 9.092491e+00 -1.937484e+01
         vertex 3.572124e-01 9.062856e+00 -1.925520e+01
         vertex 2.339556e-01 8.656690e+00 -1.952415e+01
      endloop
   endfacet
   facet normal 7.057598e-01 2.296160e-01 -6.702086e-01
      outer loop
         vertex 2.339556e-01 8.656690e+00 -1.952415e+01
         vertex 3.572124e-01 9.062856e+00 -1.925520e+01
         vertex 3.572124e-01 8.606731e+00 -1.941147e+01
      endloop
   endfacet
   facet normal 5.721082e-01 -8.200303e-01 1.557635e-02
      outer loop
         vertex 3.572124e-01 1.247833e+01 -2.223347e+01
         vertex 5.000000e-01 1.257775e+01 -2.224408e+01
         vertex 3.572124e-01 1.248749e+01 -2.175141e+01
      endloop
   endfacet
   facet normal 5.721103e-01 -8.200287e-01 1.557725e-02
      outer loop
         vertex 3.572124e-01 1.248749e+01 -2.175141e+01
         vertex 5.000000e-01 1.257775e+01 -2.224408e+01
         vertex 5.000000e-01 1.258724e+01 -2.174459e+01
      endloop
   endfacet
   facet normal 5.721106e-01 -8.102757e-01 -1.270545e-01
      outer loop
         vertex 3.572124e-01 1.248749e+01 -2.175141e+01
         vertex 5.000000e-01 1.258724e+01 -2.174459e+01
         vertex 3.572124e-01 1.241280e+01 -2.127507e+01
      endloop
   endfacet
   facet normal 5.721094e-01 -8.102764e-01 -1.270551e-01
      outer loop
         vertex 3.572124e-01 1.241280e+01 -2.127507e+01
         vertex 5.000000e-01 1.258724e+01 -2.174459e+01
         vertex 5.000000e-01 1.250985e+01 -2.125104e+01
      endloop
   endfacet
   facet normal 5.721090e-01 -7.759036e-01 -2.658286e-01
      outer loop
         vertex 3.572124e-01 1.241280e+01 -2.127507e+01
         vertex 5.000000e-01 1.250985e+01 -2.125104e+01
         vertex 3.572124e-01 1.225653e+01 -2.081895e+01
      endloop
   endfacet
   facet normal 5.721083e-01 -7.759040e-01 -2.658290e-01
      outer loop
         vertex 3.572124e-01 1.225653e+01 -2.081895e+01
         vertex 5.000000e-01 1.250985e+01 -2.125104e+01
         vertex 5.000000e-01 1.234793e+01 -2.077842e+01
      endloop
   endfacet
   facet normal 5.721073e-01 -7.179556e-01 -3.965262e-01
      outer loop
         vertex 3.572124e-01 1.225653e+01 -2.081895e+01
         vertex 5.000000e-01 1.234793e+01 -2.077842e+01
         vertex 3.572124e-01 1.202342e+01 -2.039689e+01
      endloop
   endfacet
   facet normal 5.721131e-01 -7.179533e-01 -3.965221e-01
      outer loop
         vertex 3.572124e-01 1.202342e+01 -2.039689e+01
         vertex 5.000000e-01 1.234793e+01 -2.077842e+01
         vertex 5.000000e-01 1.210640e+01 -2.034111e+01
      endloop
   endfacet
   facet normal 5.721140e-01 -6.381906e-01 -5.151683e-01
      outer loop
         vertex 3.572124e-01 1.202342e+01 -2.039689e+01
         vertex 5.000000e-01 1.210640e+01 -2.034111e+01
         vertex 3.572124e-01 1.172057e+01 -2.002172e+01
      endloop
   endfacet
   facet normal 5.721076e-01 -6.381923e-01 -5.151732e-01
      outer loop
         vertex 3.572124e-01 1.172057e+01 -2.002172e+01
         vertex 5.000000e-01 1.210640e+01 -2.034111e+01
         vertex 5.000000e-01 1.179260e+01 -1.995238e+01
      endloop
   endfacet
   facet normal 5.721069e-01 -5.390380e-01 -6.181681e-01
      outer loop
         vertex 3.572124e-01 1.172057e+01 -2.002172e+01
         vertex 5.000000e-01 1.179260e+01 -1.995238e+01
         vertex 3.572124e-01 1.135717e+01 -1.970484e+01
      endloop
   endfacet
   facet normal 5.721106e-01 -5.390375e-01 -6.181650e-01
      outer loop
         vertex 3.572124e-01 1.135717e+01 -1.970484e+01
         vertex 5.000000e-01 1.179260e+01 -1.995238e+01
         vertex 5.000000e-01 1.141607e+01 -1.962404e+01
      endloop
   endfacet
   facet normal 5.721106e-01 -4.235040e-01 -7.023773e-01
      outer loop
         vertex 3.572124e-01 1.135717e+01 -1.970484e+01
         vertex 5.000000e-01 1.141607e+01 -1.962404e+01
         vertex 3.572124e-01 1.094427e+01 -1.945587e+01
      endloop
   endfacet
   facet normal 5.721154e-01 -4.235040e-01 -7.023733e-01
      outer loop
         vertex 3.572124e-01 1.094427e+01 -1.945587e+01
         vertex 5.000000e-01 1.141607e+01 -1.962404e+01
         vertex 5.000000e-01 1.098824e+01 -1.936608e+01
      endloop
   endfacet
   facet normal 5.721157e-01 -2.951051e-01 -7.652429e-01
      outer loop
         vertex 3.572124e-01 1.094427e+01 -1.945587e+01
         vertex 5.000000e-01 1.098824e+01 -1.936608e+01
         vertex 3.572124e-01 1.049441e+01 -1.928239e+01
      endloop
   endfacet
   facet normal 5.721051e-01 -2.951035e-01 -7.652514e-01
      outer loop
         vertex 3.572124e-01 1.049441e+01 -1.928239e+01
         vertex 5.000000e-01 1.098824e+01 -1.936608e+01
         vertex 5.000000e-01 1.052212e+01 -1.918633e+01
      endloop
   endfacet
   facet normal 5.721046e-01 -1.577379e-01 -8.048696e-01
      outer loop
         vertex 3.572124e-01 1.049441e+01 -1.928239e+01
         vertex 5.000000e-01 1.052212e+01 -1.918633e+01
         vertex 3.572124e-01 1.002126e+01 -1.918966e+01
      endloop
   endfacet
   facet normal 5.721082e-01 -1.577390e-01 -8.048669e-01
      outer loop
         vertex 3.572124e-01 1.002126e+01 -1.918966e+01
         vertex 5.000000e-01 1.052212e+01 -1.918633e+01
         vertex 5.000000e-01 1.003186e+01 -1.909024e+01
      endloop
   endfacet
   facet normal 5.721082e-01 -1.557632e-02 -8.200303e-01
      outer loop
         vertex 3.572124e-01 1.002126e+01 -1.918966e+01
         vertex 5.000000e-01 1.003186e+01 -1.909024e+01
         vertex 3.572124e-01 9.539190e+00 -1.918050e+01
      endloop
   endfacet
   facet normal 5.721103e-01 -1.557722e-02 -8.200287e-01
      outer loop
         vertex 3.572124e-01 9.539190e+00 -1.918050e+01
         vertex 5.000000e-01 1.003186e+01 -1.909024e+01
         vertex 5.000000e-01 9.532369e+00 -1.908076e+01
      endloop
   endfacet
   facet normal 5.721105e-01 1.270563e-01 -8.102754e-01
      outer loop
         vertex 3.572124e-01 9.539190e+00 -1.918050e+01
         vertex 5.000000e-01 9.532369e+00 -1.908076e+01
         vertex 3.572124e-01 9.062856e+00 -1.925520e+01
      endloop
   endfacet
   facet normal 5.721130e-01 1.270550e-01 -8.102739e-01
      outer loop
         vertex 3.572124e-01 9.062856e+00 -1.925520e+01
         vertex 5.000000e-01 9.532369e+00 -1.908076e+01
         vertex 5.000000e-01 9.038819e+00 -1.915815e+01
      endloop
   endfacet
   facet normal 5.721125e-01 2.658269e-01 -7.759017e-01
      outer loop
         vertex 3.572124e-01 9.062856e+00 -1.925520e+01
         vertex 5.000000e-01 9.038819e+00 -1.915815e+01
         vertex 3.572124e-01 8.606731e+00 -1.941147e+01
      endloop
   endfacet
   facet normal 5.721106e-01 2.658280e-01 -7.759026e-01
      outer loop
         vertex 3.572124e-01 8.606731e+00 -1.941147e+01
         vertex 5.000000e-01 9.038819e+00 -1.915815e+01
         vertex 5.000000e-01 8.566205e+00 -1.932007e+01
      endloop
   endfacet
   facet normal 4.212942e-01 -9.067605e-01 1.722480e-02
      outer loop
         vertex 5.000000e-01 1.257775e+01 -2.224408e+01
         vertex 6.579799e-01 1.265100e+01 -2.225189e+01
         vertex 5.000000e-01 1.258724e+01 -2.174459e+01
      endloop
   endfacet
   facet normal 4.212947e-01 -9.067602e-01 1.722500e-02
      outer loop
         vertex 5.000000e-01 1.258724e+01 -2.174459e+01
         vertex 6.579799e-01 1.265100e+01 -2.225189e+01
         vertex 6.579799e-01 1.266073e+01 -2.173956e+01
      endloop
   endfacet
   facet normal 4.212946e-01 -8.959757e-01 -1.404932e-01
      outer loop
         vertex 5.000000e-01 1.258724e+01 -2.174459e+01
         vertex 6.579799e-01 1.266073e+01 -2.173956e+01
         vertex 5.000000e-01 1.250985e+01 -2.125104e+01
      endloop
   endfacet
   facet normal 4.212946e-01 -8.959757e-01 -1.404932e-01
      outer loop
         vertex 5.000000e-01 1.250985e+01 -2.125104e+01
         vertex 6.579799e-01 1.266073e+01 -2.173956e+01
         vertex 6.579799e-01 1.258135e+01 -2.123332e+01
      endloop
   endfacet
   facet normal 4.212950e-01 -8.579670e-01 -2.939443e-01
      outer loop
         vertex 5.000000e-01 1.250985e+01 -2.125104e+01
         vertex 6.579799e-01 1.258135e+01 -2.123332e+01
         vertex 5.000000e-01 1.234793e+01 -2.077842e+01
      endloop
   endfacet
   facet normal 4.212947e-01 -8.579670e-01 -2.939444e-01
      outer loop
         vertex 5.000000e-01 1.234793e+01 -2.077842e+01
         vertex 6.579799e-01 1.258135e+01 -2.123332e+01
         vertex 6.579799e-01 1.241527e+01 -2.074856e+01
      endloop
   endfacet
   facet normal 4.212954e-01 -7.938902e-01 -4.384616e-01
      outer loop
         vertex 5.000000e-01 1.234793e+01 -2.077842e+01
         vertex 6.579799e-01 1.241527e+01 -2.074856e+01
         vertex 5.000000e-01 1.210640e+01 -2.034111e+01
      endloop
   endfacet
   facet normal 4.212920e-01 -7.938909e-01 -4.384636e-01
      outer loop
         vertex 5.000000e-01 1.210640e+01 -2.034111e+01
         vertex 6.579799e-01 1.241527e+01 -2.074856e+01
         vertex 6.579799e-01 1.216753e+01 -2.030001e+01
      endloop
   endfacet
   facet normal 4.212916e-01 -7.056911e-01 -5.696608e-01
      outer loop
         vertex 5.000000e-01 1.210640e+01 -2.034111e+01
         vertex 6.579799e-01 1.216753e+01 -2.030001e+01
         vertex 5.000000e-01 1.179260e+01 -1.995238e+01
      endloop
   endfacet
   facet normal 4.212973e-01 -7.056904e-01 -5.696575e-01
      outer loop
         vertex 5.000000e-01 1.179260e+01 -1.995238e+01
         vertex 6.579799e-01 1.216753e+01 -2.030001e+01
         vertex 6.579799e-01 1.184567e+01 -1.990128e+01
      endloop
   endfacet
   facet normal 4.212977e-01 -5.960488e-01 -6.835453e-01
      outer loop
         vertex 5.000000e-01 1.179260e+01 -1.995238e+01
         vertex 6.579799e-01 1.184567e+01 -1.990128e+01
         vertex 5.000000e-01 1.141607e+01 -1.962404e+01
      endloop
   endfacet
   facet normal 4.212918e-01 -5.960489e-01 -6.835488e-01
      outer loop
         vertex 5.000000e-01 1.141607e+01 -1.962404e+01
         vertex 6.579799e-01 1.184567e+01 -1.990128e+01
         vertex 6.579799e-01 1.145946e+01 -1.956451e+01
      endloop
   endfacet
   facet normal 4.212913e-01 -4.682993e-01 -7.766655e-01
      outer loop
         vertex 5.000000e-01 1.141607e+01 -1.962404e+01
         vertex 6.579799e-01 1.145946e+01 -1.956451e+01
         vertex 5.000000e-01 1.098824e+01 -1.936608e+01
      endloop
   endfacet
   facet normal 4.212922e-01 -4.682994e-01 -7.766650e-01
      outer loop
         vertex 5.000000e-01 1.098824e+01 -1.936608e+01
         vertex 6.579799e-01 1.145946e+01 -1.956451e+01
         vertex 6.579799e-01 1.102063e+01 -1.929992e+01
      endloop
   endfacet
   facet normal 4.212922e-01 -3.263145e-01 -8.461866e-01
      outer loop
         vertex 5.000000e-01 1.098824e+01 -1.936608e+01
         vertex 6.579799e-01 1.102063e+01 -1.929992e+01
         vertex 5.000000e-01 1.052212e+01 -1.918633e+01
      endloop
   endfacet
   facet normal 4.212973e-01 -3.263154e-01 -8.461837e-01
      outer loop
         vertex 5.000000e-01 1.052212e+01 -1.918633e+01
         vertex 6.579799e-01 1.102063e+01 -1.929992e+01
         vertex 6.579799e-01 1.054253e+01 -1.911554e+01
      endloop
   endfacet
   facet normal 4.212974e-01 -1.744219e-01 -8.899919e-01
      outer loop
         vertex 5.000000e-01 1.052212e+01 -1.918633e+01
         vertex 6.579799e-01 1.054253e+01 -1.911554e+01
         vertex 5.000000e-01 1.003186e+01 -1.909024e+01
      endloop
   endfacet
   facet normal 4.212981e-01 -1.744221e-01 -8.899915e-01
      outer loop
         vertex 5.000000e-01 1.003186e+01 -1.909024e+01
         vertex 6.579799e-01 1.054253e+01 -1.911554e+01
         vertex 6.579799e-01 1.003967e+01 -1.901699e+01
      endloop
   endfacet
   facet normal 4.212985e-01 -1.722473e-02 -9.067585e-01
      outer loop
         vertex 5.000000e-01 1.003186e+01 -1.909024e+01
         vertex 6.579799e-01 1.003967e+01 -1.901699e+01
         vertex 5.000000e-01 9.532369e+00 -1.908076e+01
      endloop
   endfacet
   facet normal 4.212991e-01 -1.722496e-02 -9.067582e-01
      outer loop
         vertex 5.000000e-01 9.532369e+00 -1.908076e+01
         vertex 6.579799e-01 1.003967e+01 -1.901699e+01
         vertex 6.579799e-01 9.527343e+00 -1.900726e+01
      endloop
   endfacet
   facet normal 4.212990e-01 1.404931e-01 -8.959737e-01
      outer loop
         vertex 5.000000e-01 9.532369e+00 -1.908076e+01
         vertex 6.579799e-01 9.527343e+00 -1.900726e+01
         vertex 5.000000e-01 9.038819e+00 -1.915815e+01
      endloop
   endfacet
   facet normal 4.212904e-01 1.404970e-01 -8.959771e-01
      outer loop
         vertex 5.000000e-01 9.038819e+00 -1.915815e+01
         vertex 6.579799e-01 9.527343e+00 -1.900726e+01
         vertex 6.579799e-01 9.021107e+00 -1.908664e+01
      endloop
   endfacet
   facet normal 4.212908e-01 2.939444e-01 -8.579690e-01
      outer loop
         vertex 5.000000e-01 9.038819e+00 -1.915815e+01
         vertex 6.579799e-01 9.021107e+00 -1.908664e+01
         vertex 5.000000e-01 8.566205e+00 -1.932007e+01
      endloop
   endfacet
   facet normal 4.212933e-01 2.939431e-01 -8.579682e-01
      outer loop
         vertex 5.000000e-01 8.566205e+00 -1.932007e+01
         vertex 6.579799e-01 9.021107e+00 -1.908664e+01
         vertex 6.579799e-01 8.536346e+00 -1.925272e+01
      endloop
   endfacet
   facet normal 2.579010e-01 -9.659971e-01 1.835027e-02
      outer loop
         vertex 6.579799e-01 1.265100e+01 -2.225189e+01
         vertex 8.263518e-01 1.269586e+01 -2.225668e+01
         vertex 6.579799e-01 1.266073e+01 -2.173956e+01
      endloop
   endfacet
   facet normal 2.578990e-01 -9.659976e-01 1.834959e-02
      outer loop
         vertex 6.579799e-01 1.266073e+01 -2.173956e+01
         vertex 8.263518e-01 1.269586e+01 -2.225668e+01
         vertex 8.263518e-01 1.270574e+01 -2.173648e+01
      endloop
   endfacet
   facet normal 2.579001e-01 -9.545083e-01 -1.496714e-01
      outer loop
         vertex 6.579799e-01 1.266073e+01 -2.173956e+01
         vertex 8.263518e-01 1.270574e+01 -2.173648e+01
         vertex 6.579799e-01 1.258135e+01 -2.123332e+01
      endloop
   endfacet
   facet normal 2.578989e-01 -9.545085e-01 -1.496718e-01
      outer loop
         vertex 6.579799e-01 1.258135e+01 -2.123332e+01
         vertex 8.263518e-01 1.270574e+01 -2.173648e+01
         vertex 8.263518e-01 1.262514e+01 -2.122248e+01
      endloop
   endfacet
   facet normal 2.578983e-01 -9.140171e-01 -3.131474e-01
      outer loop
         vertex 6.579799e-01 1.258135e+01 -2.123332e+01
         vertex 8.263518e-01 1.262514e+01 -2.122248e+01
         vertex 6.579799e-01 1.241527e+01 -2.074856e+01
      endloop
   endfacet
   facet normal 2.578970e-01 -9.140172e-01 -3.131480e-01
      outer loop
         vertex 6.579799e-01 1.241527e+01 -2.074856e+01
         vertex 8.263518e-01 1.262514e+01 -2.122248e+01
         vertex 8.263518e-01 1.245651e+01 -2.073028e+01
      endloop
   endfacet
   facet normal 2.578963e-01 -8.457542e-01 -4.671075e-01
      outer loop
         vertex 6.579799e-01 1.241527e+01 -2.074856e+01
         vertex 8.263518e-01 1.245651e+01 -2.073028e+01
         vertex 6.579799e-01 1.216753e+01 -2.030001e+01
      endloop
   endfacet
   facet normal 2.578989e-01 -8.457540e-01 -4.671064e-01
      outer loop
         vertex 6.579799e-01 1.216753e+01 -2.030001e+01
         vertex 8.263518e-01 1.245651e+01 -2.073028e+01
         vertex 8.263518e-01 1.220497e+01 -2.027484e+01
      endloop
   endfacet
   facet normal 2.578985e-01 -7.517933e-01 -6.068733e-01
      outer loop
         vertex 6.579799e-01 1.216753e+01 -2.030001e+01
         vertex 8.263518e-01 1.220497e+01 -2.027484e+01
         vertex 6.579799e-01 1.184567e+01 -1.990128e+01
      endloop
   endfacet
   facet normal 2.578967e-01 -7.517933e-01 -6.068741e-01
      outer loop
         vertex 6.579799e-01 1.184567e+01 -1.990128e+01
         vertex 8.263518e-01 1.220497e+01 -2.027484e+01
         vertex 8.263518e-01 1.187817e+01 -1.986999e+01
      endloop
   endfacet
   facet normal 2.578961e-01 -6.349875e-01 -7.282036e-01
      outer loop
         vertex 6.579799e-01 1.184567e+01 -1.990128e+01
         vertex 8.263518e-01 1.187817e+01 -1.986999e+01
         vertex 6.579799e-01 1.145946e+01 -1.956451e+01
      endloop
   endfacet
   facet normal 2.579060e-01 -6.349884e-01 -7.281993e-01
      outer loop
         vertex 6.579799e-01 1.145946e+01 -1.956451e+01
         vertex 8.263518e-01 1.187817e+01 -1.986999e+01
         vertex 8.263518e-01 1.148603e+01 -1.952805e+01
      endloop
   endfacet
   facet normal 2.579067e-01 -4.988911e-01 -8.274006e-01
      outer loop
         vertex 6.579799e-01 1.145946e+01 -1.956451e+01
         vertex 8.263518e-01 1.148603e+01 -1.952805e+01
         vertex 6.579799e-01 1.102063e+01 -1.929992e+01
      endloop
   endfacet
   facet normal 2.578982e-01 -4.988897e-01 -8.274041e-01
      outer loop
         vertex 6.579799e-01 1.102063e+01 -1.929992e+01
         vertex 8.263518e-01 1.148603e+01 -1.952805e+01
         vertex 8.263518e-01 1.104047e+01 -1.925940e+01
      endloop
   endfacet
   facet normal 2.578976e-01 -3.476338e-01 -9.014652e-01
      outer loop
         vertex 6.579799e-01 1.102063e+01 -1.929992e+01
         vertex 8.263518e-01 1.104047e+01 -1.925940e+01
         vertex 6.579799e-01 1.054253e+01 -1.911554e+01
      endloop
   endfacet
   facet normal 2.579050e-01 -3.476355e-01 -9.014625e-01
      outer loop
         vertex 6.579799e-01 1.054253e+01 -1.911554e+01
         vertex 8.263518e-01 1.104047e+01 -1.925940e+01
         vertex 8.263518e-01 1.055503e+01 -1.907219e+01
      endloop
   endfacet
   facet normal 2.579055e-01 -1.858168e-01 -9.481334e-01
      outer loop
         vertex 6.579799e-01 1.054253e+01 -1.911554e+01
         vertex 8.263518e-01 1.055503e+01 -1.907219e+01
         vertex 6.579799e-01 1.003967e+01 -1.901699e+01
      endloop
   endfacet
   facet normal 2.578962e-01 -1.858141e-01 -9.481364e-01
      outer loop
         vertex 6.579799e-01 1.003967e+01 -1.901699e+01
         vertex 8.263518e-01 1.055503e+01 -1.907219e+01
         vertex 8.263518e-01 1.004446e+01 -1.897213e+01
      endloop
   endfacet
   facet normal 2.578960e-01 -1.835030e-02 -9.659984e-01
      outer loop
         vertex 6.579799e-01 1.003967e+01 -1.901699e+01
         vertex 8.263518e-01 1.004446e+01 -1.897213e+01
         vertex 6.579799e-01 9.527343e+00 -1.900726e+01
      endloop
   endfacet
   facet normal 2.578942e-01 -1.834968e-02 -9.659989e-01
      outer loop
         vertex 6.579799e-01 9.527343e+00 -1.900726e+01
         vertex 8.263518e-01 1.004446e+01 -1.897213e+01
         vertex 8.263518e-01 9.524266e+00 -1.896225e+01
      endloop
   endfacet
   facet normal 2.578935e-01 1.496753e-01 -9.545094e-01
      outer loop
         vertex 6.579799e-01 9.527343e+00 -1.900726e+01
         vertex 8.263518e-01 9.524266e+00 -1.896225e+01
         vertex 6.579799e-01 9.021107e+00 -1.908664e+01
      endloop
   endfacet
   facet normal 2.579046e-01 1.496711e-01 -9.545071e-01
      outer loop
         vertex 6.579799e-01 9.021107e+00 -1.908664e+01
         vertex 8.263518e-01 9.524266e+00 -1.896225e+01
         vertex 8.263518e-01 9.010260e+00 -1.904285e+01
      endloop
   endfacet
   facet normal 2.579046e-01 3.131453e-01 -9.140160e-01
      outer loop
         vertex 6.579799e-01 9.021107e+00 -1.908664e+01
         vertex 8.263518e-01 9.010260e+00 -1.904285e+01
         vertex 6.579799e-01 8.536346e+00 -1.925272e+01
      endloop
   endfacet
   facet normal 2.578986e-01 3.131478e-01 -9.140168e-01
      outer loop
         vertex 6.579799e-01 8.536346e+00 -1.925272e+01
         vertex 8.263518e-01 9.010260e+00 -1.904285e+01
         vertex 8.263518e-01 8.518060e+00 -1.921148e+01
      endloop
   endfacet
   facet normal 8.682897e-02 -9.960435e-01 1.892032e-02
      outer loop
         vertex 8.263518e-01 1.269586e+01 -2.225668e+01
         vertex 1.000000e+00 1.271097e+01 -2.225829e+01
         vertex 8.263518e-01 1.270574e+01 -2.173648e+01
      endloop
   endfacet
   facet normal 8.682905e-02 -9.960435e-01 1.892035e-02
      outer loop
         vertex 8.263518e-01 1.270574e+01 -2.173648e+01
         vertex 1.000000e+00 1.271097e+01 -2.225829e+01
         vertex 1.000000e+00 1.272090e+01 -2.173545e+01
      endloop
   endfacet
   facet normal 8.682825e-02 -9.841971e-01 -1.543271e-01
      outer loop
         vertex 8.263518e-01 1.270574e+01 -2.173648e+01
         vertex 1.000000e+00 1.272090e+01 -2.173545e+01
         vertex 8.263518e-01 1.262514e+01 -2.122248e+01
      endloop
   endfacet
   facet normal 8.682628e-02 -9.841972e-01 -1.543278e-01
      outer loop
         vertex 8.263518e-01 1.262514e+01 -2.122248e+01
         vertex 1.000000e+00 1.272090e+01 -2.173545e+01
         vertex 1.000000e+00 1.263989e+01 -2.121883e+01
      endloop
   endfacet
   facet normal 8.682630e-02 -9.424461e-01 -3.228879e-01
      outer loop
         vertex 8.263518e-01 1.262514e+01 -2.122248e+01
         vertex 1.000000e+00 1.263989e+01 -2.121883e+01
         vertex 8.263518e-01 1.245651e+01 -2.073028e+01
      endloop
   endfacet
   facet normal 8.682936e-02 -9.424462e-01 -3.228868e-01
      outer loop
         vertex 8.263518e-01 1.245651e+01 -2.073028e+01
         vertex 1.000000e+00 1.263989e+01 -2.121883e+01
         vertex 1.000000e+00 1.247040e+01 -2.072412e+01
      endloop
   endfacet
   facet normal 8.682921e-02 -8.720599e-01 -4.816350e-01
      outer loop
         vertex 8.263518e-01 1.245651e+01 -2.073028e+01
         vertex 1.000000e+00 1.247040e+01 -2.072412e+01
         vertex 8.263518e-01 1.220497e+01 -2.027484e+01
      endloop
   endfacet
   facet normal 8.683021e-02 -8.720600e-01 -4.816347e-01
      outer loop
         vertex 8.263518e-01 1.220497e+01 -2.027484e+01
         vertex 1.000000e+00 1.247040e+01 -2.072412e+01
         vertex 1.000000e+00 1.221758e+01 -2.026636e+01
      endloop
   endfacet
   facet normal 8.683085e-02 -7.751760e-01 -6.257495e-01
      outer loop
         vertex 8.263518e-01 1.220497e+01 -2.027484e+01
         vertex 1.000000e+00 1.221758e+01 -2.026636e+01
         vertex 8.263518e-01 1.187817e+01 -1.986999e+01
      endloop
   endfacet
   facet normal 8.682511e-02 -7.751752e-01 -6.257514e-01
      outer loop
         vertex 8.263518e-01 1.187817e+01 -1.986999e+01
         vertex 1.000000e+00 1.221758e+01 -2.026636e+01
         vertex 1.000000e+00 1.188911e+01 -1.985946e+01
      endloop
   endfacet
   facet normal 8.682586e-02 -6.547402e-01 -7.508505e-01
      outer loop
         vertex 8.263518e-01 1.187817e+01 -1.986999e+01
         vertex 1.000000e+00 1.188911e+01 -1.985946e+01
         vertex 8.263518e-01 1.148603e+01 -1.952805e+01
      endloop
   endfacet
   facet normal 8.682658e-02 -6.547403e-01 -7.508503e-01
      outer loop
         vertex 8.263518e-01 1.148603e+01 -1.952805e+01
         vertex 1.000000e+00 1.188911e+01 -1.985946e+01
         vertex 1.000000e+00 1.149498e+01 -1.951577e+01
      endloop
   endfacet
   facet normal 8.682610e-02 -5.144069e-01 -8.531393e-01
      outer loop
         vertex 8.263518e-01 1.148603e+01 -1.952805e+01
         vertex 1.000000e+00 1.149498e+01 -1.951577e+01
         vertex 8.263518e-01 1.104047e+01 -1.925940e+01
      endloop
   endfacet
   facet normal 8.683151e-02 -5.144082e-01 -8.531380e-01
      outer loop
         vertex 8.263518e-01 1.104047e+01 -1.925940e+01
         vertex 1.000000e+00 1.149498e+01 -1.951577e+01
         vertex 1.000000e+00 1.104715e+01 -1.924575e+01
      endloop
   endfacet
   facet normal 8.683254e-02 -3.584486e-01 -9.295024e-01
      outer loop
         vertex 8.263518e-01 1.104047e+01 -1.925940e+01
         vertex 1.000000e+00 1.104715e+01 -1.924575e+01
         vertex 8.263518e-01 1.055503e+01 -1.907219e+01
      endloop
   endfacet
   facet normal 8.681920e-02 -3.584449e-01 -9.295051e-01
      outer loop
         vertex 8.263518e-01 1.055503e+01 -1.907219e+01
         vertex 1.000000e+00 1.104715e+01 -1.924575e+01
         vertex 1.000000e+00 1.055924e+01 -1.905760e+01
      endloop
   endfacet
   facet normal 8.681830e-02 -1.915937e-01 -9.776270e-01
      outer loop
         vertex 8.263518e-01 1.055503e+01 -1.907219e+01
         vertex 1.000000e+00 1.055924e+01 -1.905760e+01
         vertex 8.263518e-01 1.004446e+01 -1.897213e+01
      endloop
   endfacet
   facet normal 8.682362e-02 -1.915953e-01 -9.776262e-01
      outer loop
         vertex 8.263518e-01 1.004446e+01 -1.897213e+01
         vertex 1.000000e+00 1.055924e+01 -1.905760e+01
         vertex 1.000000e+00 1.004607e+01 -1.895703e+01
      endloop
   endfacet
   facet normal 8.682367e-02 -1.892040e-02 -9.960440e-01
      outer loop
         vertex 8.263518e-01 1.004446e+01 -1.897213e+01
         vertex 1.000000e+00 1.004607e+01 -1.895703e+01
         vertex 8.263518e-01 9.524266e+00 -1.896225e+01
      endloop
   endfacet
   facet normal 8.682365e-02 -1.892039e-02 -9.960440e-01
      outer loop
         vertex 8.263518e-01 9.524266e+00 -1.896225e+01
         vertex 1.000000e+00 1.004607e+01 -1.895703e+01
         vertex 1.000000e+00 9.523230e+00 -1.894709e+01
      endloop
   endfacet
   facet normal 8.682384e-02 1.543267e-01 -9.841976e-01
      outer loop
         vertex 8.263518e-01 9.524266e+00 -1.896225e+01
         vertex 1.000000e+00 9.523230e+00 -1.894709e+01
         vertex 8.263518e-01 9.010260e+00 -1.904285e+01
      endloop
   endfacet
   facet normal 8.682626e-02 1.543258e-01 -9.841975e-01
      outer loop
         vertex 8.263518e-01 9.010260e+00 -1.904285e+01
         vertex 1.000000e+00 9.523230e+00 -1.894709e+01
         vertex 1.000000e+00 9.006607e+00 -1.902810e+01
      endloop
   endfacet
   facet normal 8.682630e-02 3.228879e-01 -9.424461e-01
      outer loop
         vertex 8.263518e-01 9.010260e+00 -1.904285e+01
         vertex 1.000000e+00 9.006607e+00 -1.902810e+01
         vertex 8.263518e-01 8.518060e+00 -1.921148e+01
      endloop
   endfacet
   facet normal 8.682436e-02 3.228885e-01 -9.424460e-01
      outer loop
         vertex 8.263518e-01 8.518060e+00 -1.921148e+01
         vertex 1.000000e+00 9.006607e+00 -1.902810e+01
         vertex 1.000000e+00 8.511902e+00 -1.919759e+01
      endloop
   endfacet
   facet normal 9.961678e-01 8.588256e-02 1.654949e-02
      outer loop
         vertex 3.386144e-16 -4.903211e+00 -8.603048e+01
         vertex 1.519225e-02 -5.075880e+00 -8.604889e+01
         vertex 3.347210e-16 -4.839628e+00 -8.636044e+01
      endloop
   endfacet
   facet normal 9.961678e-01 8.588259e-02 1.654951e-02
      outer loop
         vertex 3.347210e-16 -4.839628e+00 -8.636044e+01
         vertex 1.519225e-02 -5.075880e+00 -8.604889e+01
         vertex 1.519225e-02 -5.006776e+00 -8.640750e+01
      endloop
   endfacet
   facet normal 9.961678e-01 8.189950e-02 3.069510e-02
      outer loop
         vertex 3.347210e-16 -4.839628e+00 -8.636044e+01
         vertex 1.519225e-02 -5.006776e+00 -8.640750e+01
         vertex 3.275000e-16 -4.721699e+00 -8.667509e+01
      endloop
   endfacet
   facet normal 9.961678e-01 8.189923e-02 3.069481e-02
      outer loop
         vertex 3.275000e-16 -4.721699e+00 -8.667509e+01
         vertex 1.519225e-02 -5.006776e+00 -8.640750e+01
         vertex 1.519225e-02 -4.878608e+00 -8.674948e+01
      endloop
   endfacet
   facet normal 9.961678e-01 7.560455e-02 4.397265e-02
      outer loop
         vertex 3.275000e-16 -4.721699e+00 -8.667509e+01
         vertex 1.519225e-02 -4.878608e+00 -8.674948e+01
         vertex 3.171551e-16 -4.552754e+00 -8.696557e+01
      endloop
   endfacet
   facet normal 9.961678e-01 7.560453e-02 4.397261e-02
      outer loop
         vertex 3.171551e-16 -4.552754e+00 -8.696557e+01
         vertex 1.519225e-02 -4.878608e+00 -8.674948e+01
         vertex 1.519225e-02 -4.694995e+00 -8.706518e+01
      endloop
   endfacet
   facet normal 9.961678e-01 6.717514e-02 5.600999e-02
      outer loop
         vertex 3.171551e-16 -4.552754e+00 -8.696557e+01
         vertex 1.519225e-02 -4.694995e+00 -8.706518e+01
         vertex 3.039784e-16 -4.337563e+00 -8.722366e+01
      endloop
   endfacet
   facet normal 9.961677e-01 6.717581e-02 5.601151e-02
      outer loop
         vertex 3.039784e-16 -4.337563e+00 -8.722366e+01
         vertex 1.519225e-02 -4.694995e+00 -8.706518e+01
         vertex 1.519225e-02 -4.461119e+00 -8.734567e+01
      endloop
   endfacet
   facet normal 9.961677e-01 5.685129e-02 6.646685e-02
      outer loop
         vertex 3.039784e-16 -4.337563e+00 -8.722366e+01
         vertex 1.519225e-02 -4.461119e+00 -8.734567e+01
         vertex 2.883419e-16 -4.082199e+00 -8.744208e+01
      endloop
   endfacet
   facet normal 9.961676e-01 5.685152e-02 6.646777e-02
      outer loop
         vertex 2.883419e-16 -4.082199e+00 -8.744208e+01
         vertex 1.519225e-02 -4.461119e+00 -8.734567e+01
         vertex 1.519225e-02 -4.183584e+00 -8.758305e+01
      endloop
   endfacet
   facet normal 9.961676e-01 4.492023e-02 7.504856e-02
      outer loop
         vertex 2.883419e-16 -4.082199e+00 -8.744208e+01
         vertex 1.519225e-02 -4.183584e+00 -8.758305e+01
         vertex 2.706869e-16 -3.793872e+00 -8.761466e+01
      endloop
   endfacet
   facet normal 9.961678e-01 4.491999e-02 7.504550e-02
      outer loop
         vertex 2.706869e-16 -3.793872e+00 -8.761466e+01
         vertex 1.519225e-02 -4.183584e+00 -8.758305e+01
         vertex 1.519225e-02 -3.870223e+00 -8.777062e+01
      endloop
   endfacet
   facet normal 9.961679e-01 3.172189e-02 8.150661e-02
      outer loop
         vertex 2.706869e-16 -3.793872e+00 -8.761466e+01
         vertex 1.519225e-02 -3.870223e+00 -8.777062e+01
         vertex 2.515119e-16 -3.480721e+00 -8.773653e+01
      endloop
   endfacet
   facet normal 9.961678e-01 3.172180e-02 8.150764e-02
      outer loop
         vertex 2.515119e-16 -3.480721e+00 -8.773653e+01
         vertex 1.519225e-02 -3.870223e+00 -8.777062e+01
         vertex 1.519225e-02 -3.529883e+00 -8.790307e+01
      endloop
   endfacet
   facet normal 9.961678e-01 1.762597e-02 8.566863e-02
      outer loop
         vertex 2.515119e-16 -3.480721e+00 -8.773653e+01
         vertex 1.519225e-02 -3.529883e+00 -8.790307e+01
         vertex 2.313582e-16 -3.151585e+00 -8.780425e+01
      endloop
   endfacet
   facet normal 9.961680e-01 1.762684e-02 8.566536e-02
      outer loop
         vertex 2.313582e-16 -3.151585e+00 -8.780425e+01
         vertex 1.519225e-02 -3.529883e+00 -8.790307e+01
         vertex 1.519225e-02 -3.172170e+00 -8.797668e+01
      endloop
   endfacet
   facet normal 9.961680e-01 3.036768e-03 8.740720e-02
      outer loop
         vertex 2.313582e-16 -3.151585e+00 -8.780425e+01
         vertex 1.519225e-02 -3.172170e+00 -8.797668e+01
         vertex 2.107946e-16 -2.815756e+00 -8.781592e+01
      endloop
   endfacet
   facet normal 9.961677e-01 3.035165e-03 8.741072e-02
      outer loop
         vertex 2.107946e-16 -2.815756e+00 -8.781592e+01
         vertex 1.519225e-02 -3.172170e+00 -8.797668e+01
         vertex 1.519225e-02 -2.807184e+00 -8.798935e+01
      endloop
   endfacet
   facet normal 9.961677e-01 -1.164142e-02 8.668528e-02
      outer loop
         vertex 2.107946e-16 -2.815756e+00 -8.781592e+01
         vertex 1.519225e-02 -2.807184e+00 -8.798935e+01
         vertex 1.904017e-16 -2.482715e+00 -8.777119e+01
      endloop
   endfacet
   facet normal 9.961678e-01 -1.164096e-02 8.668461e-02
      outer loop
         vertex 1.904017e-16 -2.482715e+00 -8.777119e+01
         vertex 1.519225e-02 -2.807184e+00 -8.798935e+01
         vertex 1.519225e-02 -2.445227e+00 -8.794075e+01
      endloop
   endfacet
   facet normal 9.656961e-01 2.549837e-01 4.913517e-02
      outer loop
         vertex 1.519225e-02 -5.075880e+00 -8.604889e+01
         vertex 6.030738e-02 -5.243302e+00 -8.606675e+01
         vertex 1.519225e-02 -5.006776e+00 -8.640750e+01
      endloop
   endfacet
   facet normal 9.656958e-01 2.549848e-01 4.913595e-02
      outer loop
         vertex 1.519225e-02 -5.006776e+00 -8.640750e+01
         vertex 6.030738e-02 -5.243302e+00 -8.606675e+01
         vertex 6.030738e-02 -5.168845e+00 -8.645314e+01
      endloop
   endfacet
   facet normal 9.656957e-01 2.431594e-01 9.113311e-02
      outer loop
         vertex 1.519225e-02 -5.006776e+00 -8.640750e+01
         vertex 6.030738e-02 -5.168845e+00 -8.645314e+01
         vertex 1.519225e-02 -4.878608e+00 -8.674948e+01
      endloop
   endfacet
   facet normal 9.656964e-01 2.431575e-01 9.113122e-02
      outer loop
         vertex 1.519225e-02 -4.878608e+00 -8.674948e+01
         vertex 6.030738e-02 -5.168845e+00 -8.645314e+01
         vertex 6.030738e-02 -5.030749e+00 -8.682161e+01
      endloop
   endfacet
   facet normal 9.656966e-01 2.244678e-01 1.305535e-01
      outer loop
         vertex 1.519225e-02 -4.878608e+00 -8.674948e+01
         vertex 6.030738e-02 -5.030749e+00 -8.682161e+01
         vertex 1.519225e-02 -4.694995e+00 -8.706518e+01
      endloop
   endfacet
   facet normal 9.656964e-01 2.244683e-01 1.305542e-01
      outer loop
         vertex 1.519225e-02 -4.694995e+00 -8.706518e+01
         vertex 6.030738e-02 -5.030749e+00 -8.682161e+01
         vertex 6.030738e-02 -4.832914e+00 -8.716176e+01
      endloop
   endfacet
   facet normal 9.656966e-01 1.994402e-01 1.662942e-01
      outer loop
         vertex 1.519225e-02 -4.694995e+00 -8.706518e+01
         vertex 6.030738e-02 -4.832914e+00 -8.716176e+01
         vertex 1.519225e-02 -4.461119e+00 -8.734567e+01
      endloop
   endfacet
   facet normal 9.656963e-01 1.994407e-01 1.662952e-01
      outer loop
         vertex 1.519225e-02 -4.461119e+00 -8.734567e+01
         vertex 6.030738e-02 -4.832914e+00 -8.716176e+01
         vertex 6.030738e-02 -4.580922e+00 -8.746397e+01
      endloop
   endfacet
   facet normal 9.656963e-01 1.687867e-01 1.973365e-01
      outer loop
         vertex 1.519225e-02 -4.461119e+00 -8.734567e+01
         vertex 6.030738e-02 -4.580922e+00 -8.746397e+01
         vertex 1.519225e-02 -4.183584e+00 -8.758305e+01
      endloop
   endfacet
   facet normal 9.656965e-01 1.687866e-01 1.973359e-01
      outer loop
         vertex 1.519225e-02 -4.183584e+00 -8.758305e+01
         vertex 6.030738e-02 -4.580922e+00 -8.746397e+01
         vertex 6.030738e-02 -4.281889e+00 -8.771975e+01
      endloop
   endfacet
   facet normal 9.656966e-01 1.333664e-01 2.228083e-01
      outer loop
         vertex 1.519225e-02 -4.183584e+00 -8.758305e+01
         vertex 6.030738e-02 -4.281889e+00 -8.771975e+01
         vertex 1.519225e-02 -3.870223e+00 -8.777062e+01
      endloop
   endfacet
   facet normal 9.656963e-01 1.333665e-01 2.228094e-01
      outer loop
         vertex 1.519225e-02 -3.870223e+00 -8.777062e+01
         vertex 6.030738e-02 -4.281889e+00 -8.771975e+01
         vertex 6.030738e-02 -3.944254e+00 -8.792184e+01
      endloop
   endfacet
   facet normal 9.656964e-01 9.418065e-02 2.419927e-01
      outer loop
         vertex 1.519225e-02 -3.870223e+00 -8.777062e+01
         vertex 6.030738e-02 -3.944254e+00 -8.792184e+01
         vertex 1.519225e-02 -3.529883e+00 -8.790307e+01
      endloop
   endfacet
   facet normal 9.656962e-01 9.418059e-02 2.419935e-01
      outer loop
         vertex 1.519225e-02 -3.529883e+00 -8.790307e+01
         vertex 6.030738e-02 -3.944254e+00 -8.792184e+01
         vertex 6.030738e-02 -3.577551e+00 -8.806456e+01
      endloop
   endfacet
   facet normal 9.656962e-01 5.233520e-02 2.543459e-01
      outer loop
         vertex 1.519225e-02 -3.529883e+00 -8.790307e+01
         vertex 6.030738e-02 -3.577551e+00 -8.806456e+01
         vertex 1.519225e-02 -3.172170e+00 -8.797668e+01
      endloop
   endfacet
   facet normal 9.656956e-01 5.233457e-02 2.543485e-01
      outer loop
         vertex 1.519225e-02 -3.172170e+00 -8.797668e+01
         vertex 6.030738e-02 -3.577551e+00 -8.806456e+01
         vertex 6.030738e-02 -3.192130e+00 -8.814386e+01
      endloop
   endfacet
   facet normal 9.656955e-01 9.011349e-03 2.595208e-01
      outer loop
         vertex 1.519225e-02 -3.172170e+00 -8.797668e+01
         vertex 6.030738e-02 -3.192130e+00 -8.814386e+01
         vertex 1.519225e-02 -2.807184e+00 -8.798935e+01
      endloop
   endfacet
   facet normal 9.656961e-01 9.012442e-03 2.595183e-01
      outer loop
         vertex 1.519225e-02 -2.807184e+00 -8.798935e+01
         vertex 6.030738e-02 -3.192130e+00 -8.814386e+01
         vertex 6.030738e-02 -2.798872e+00 -8.815752e+01
      endloop
   endfacet
   facet normal 9.656961e-01 -3.456174e-02 2.573645e-01
      outer loop
         vertex 1.519225e-02 -2.807184e+00 -8.798935e+01
         vertex 6.030738e-02 -2.798872e+00 -8.815752e+01
         vertex 1.519225e-02 -2.445227e+00 -8.794075e+01
      endloop
   endfacet
   facet normal 9.656971e-01 -3.455955e-02 2.573611e-01
      outer loop
         vertex 1.519225e-02 -2.445227e+00 -8.794075e+01
         vertex 6.030738e-02 -2.798872e+00 -8.815752e+01
         vertex 6.030738e-02 -2.408877e+00 -8.810515e+01
      endloop
   endfacet
   facet normal 9.057330e-01 4.161918e-01 8.020079e-02
      outer loop
         vertex 6.030738e-02 -5.243302e+00 -8.606675e+01
         vertex 1.339746e-01 -5.400391e+00 -8.608351e+01
         vertex 6.030738e-02 -5.168845e+00 -8.645314e+01
      endloop
   endfacet
   facet normal 9.057330e-01 4.161917e-01 8.020072e-02
      outer loop
         vertex 6.030738e-02 -5.168845e+00 -8.645314e+01
         vertex 1.339746e-01 -5.400391e+00 -8.608351e+01
         vertex 1.339746e-01 -5.320911e+00 -8.649596e+01
      endloop
   endfacet
   facet normal 9.057329e-01 3.968904e-01 1.487476e-01
      outer loop
         vertex 6.030738e-02 -5.168845e+00 -8.645314e+01
         vertex 1.339746e-01 -5.320911e+00 -8.649596e+01
         vertex 6.030738e-02 -5.030749e+00 -8.682161e+01
      endloop
   endfacet
   facet normal 9.057331e-01 3.968901e-01 1.487473e-01
      outer loop
         vertex 6.030738e-02 -5.030749e+00 -8.682161e+01
         vertex 1.339746e-01 -5.320911e+00 -8.649596e+01
         vertex 1.339746e-01 -5.173501e+00 -8.688928e+01
      endloop
   endfacet
   facet normal 9.057331e-01 3.663850e-01 2.130951e-01
      outer loop
         vertex 6.030738e-02 -5.030749e+00 -8.682161e+01
         vertex 1.339746e-01 -5.173501e+00 -8.688928e+01
         vertex 6.030738e-02 -4.832914e+00 -8.716176e+01
      endloop
   endfacet
   facet normal 9.057306e-01 3.663884e-01 2.131000e-01
      outer loop
         vertex 6.030738e-02 -4.832914e+00 -8.716176e+01
         vertex 1.339746e-01 -5.173501e+00 -8.688928e+01
         vertex 1.339746e-01 -4.962320e+00 -8.725237e+01
      endloop
   endfacet
   facet normal 9.057298e-01 3.255388e-01 2.714368e-01
      outer loop
         vertex 6.030738e-02 -4.832914e+00 -8.716176e+01
         vertex 1.339746e-01 -4.962320e+00 -8.725237e+01
         vertex 6.030738e-02 -4.580922e+00 -8.746397e+01
      endloop
   endfacet
   facet normal 9.057342e-01 3.255345e-01 2.714275e-01
      outer loop
         vertex 6.030738e-02 -4.580922e+00 -8.746397e+01
         vertex 1.339746e-01 -4.962320e+00 -8.725237e+01
         vertex 1.339746e-01 -4.693330e+00 -8.757498e+01
      endloop
   endfacet
   facet normal 9.057344e-01 2.754976e-01 3.220965e-01
      outer loop
         vertex 6.030738e-02 -4.580922e+00 -8.746397e+01
         vertex 1.339746e-01 -4.693330e+00 -8.757498e+01
         vertex 6.030738e-02 -4.281889e+00 -8.771975e+01
      endloop
   endfacet
   facet normal 9.057305e-01 2.755001e-01 3.221054e-01
      outer loop
         vertex 6.030738e-02 -4.281889e+00 -8.771975e+01
         vertex 1.339746e-01 -4.693330e+00 -8.757498e+01
         vertex 1.339746e-01 -4.374126e+00 -8.784800e+01
      endloop
   endfacet
   facet normal 9.057303e-01 2.176883e-01 3.636819e-01
      outer loop
         vertex 6.030738e-02 -4.281889e+00 -8.771975e+01
         vertex 1.339746e-01 -4.374126e+00 -8.784800e+01
         vertex 6.030738e-02 -3.944254e+00 -8.792184e+01
      endloop
   endfacet
   facet normal 9.057324e-01 2.176878e-01 3.636769e-01
      outer loop
         vertex 6.030738e-02 -3.944254e+00 -8.792184e+01
         vertex 1.339746e-01 -4.374126e+00 -8.784800e+01
         vertex 1.339746e-01 -4.013717e+00 -8.806373e+01
      endloop
   endfacet
   facet normal 9.057325e-01 1.537248e-01 3.949903e-01
      outer loop
         vertex 6.030738e-02 -3.944254e+00 -8.792184e+01
         vertex 1.339746e-01 -4.013717e+00 -8.806373e+01
         vertex 6.030738e-02 -3.577551e+00 -8.806456e+01
      endloop
   endfacet
   facet normal 9.057318e-01 1.537247e-01 3.949919e-01
      outer loop
         vertex 6.030738e-02 -3.577551e+00 -8.806456e+01
         vertex 1.339746e-01 -4.013717e+00 -8.806373e+01
         vertex 1.339746e-01 -3.622278e+00 -8.821607e+01
      endloop
   endfacet
   facet normal 9.057317e-01 8.542189e-02 4.151544e-01
      outer loop
         vertex 6.030738e-02 -3.577551e+00 -8.806456e+01
         vertex 1.339746e-01 -3.622278e+00 -8.821607e+01
         vertex 6.030738e-02 -3.192130e+00 -8.814386e+01
      endloop
   endfacet
   facet normal 9.057318e-01 8.542195e-02 4.151542e-01
      outer loop
         vertex 6.030738e-02 -3.192130e+00 -8.814386e+01
         vertex 1.339746e-01 -3.622278e+00 -8.821607e+01
         vertex 1.339746e-01 -3.210858e+00 -8.830073e+01
      endloop
   endfacet
   facet normal 9.057316e-01 1.471048e-02 4.235963e-01
      outer loop
         vertex 6.030738e-02 -3.192130e+00 -8.814386e+01
         vertex 1.339746e-01 -3.210858e+00 -8.830073e+01
         vertex 6.030738e-02 -2.798872e+00 -8.815752e+01
      endloop
   endfacet
   facet normal 9.057343e-01 1.471295e-02 4.235905e-01
      outer loop
         vertex 6.030738e-02 -2.798872e+00 -8.815752e+01
         vertex 1.339746e-01 -3.210858e+00 -8.830073e+01
         vertex 1.339746e-01 -2.791073e+00 -8.831531e+01
      endloop
   endfacet
   facet normal 9.057344e-01 -5.640948e-02 4.200752e-01
      outer loop
         vertex 6.030738e-02 -2.798872e+00 -8.815752e+01
         vertex 1.339746e-01 -2.791073e+00 -8.831531e+01
         vertex 6.030738e-02 -2.408877e+00 -8.810515e+01
      endloop
   endfacet
   facet normal 9.057281e-01 -5.641763e-02 4.200878e-01
      outer loop
         vertex 6.030738e-02 -2.408877e+00 -8.810515e+01
         vertex 1.339746e-01 -2.791073e+00 -8.831531e+01
         vertex 1.339746e-01 -2.374771e+00 -8.825940e+01
      endloop
   endfacet
   facet normal 8.181948e-01 5.645546e-01 1.087905e-01
      outer loop
         vertex 1.339746e-01 -5.400391e+00 -8.608351e+01
         vertex 2.339556e-01 -5.542373e+00 -8.609865e+01
         vertex 1.339746e-01 -5.320911e+00 -8.649596e+01
      endloop
   endfacet
   facet normal 8.181949e-01 5.645545e-01 1.087903e-01
      outer loop
         vertex 1.339746e-01 -5.320911e+00 -8.649596e+01
         vertex 2.339556e-01 -5.542373e+00 -8.609865e+01
         vertex 2.339556e-01 -5.458354e+00 -8.653466e+01
      endloop
   endfacet
   facet normal 8.181940e-01 5.383737e-01 2.017729e-01
      outer loop
         vertex 1.339746e-01 -5.320911e+00 -8.649596e+01
         vertex 2.339556e-01 -5.458354e+00 -8.653466e+01
         vertex 1.339746e-01 -5.173501e+00 -8.688928e+01
      endloop
   endfacet
   facet normal 8.181936e-01 5.383742e-01 2.017733e-01
      outer loop
         vertex 1.339746e-01 -5.173501e+00 -8.688928e+01
         vertex 2.339556e-01 -5.458354e+00 -8.653466e+01
         vertex 2.339556e-01 -5.302524e+00 -8.695044e+01
      endloop
   endfacet
   facet normal 8.181924e-01 4.969945e-01 2.890636e-01
      outer loop
         vertex 1.339746e-01 -5.173501e+00 -8.688928e+01
         vertex 2.339556e-01 -5.302524e+00 -8.695044e+01
         vertex 1.339746e-01 -4.962320e+00 -8.725237e+01
      endloop
   endfacet
   facet normal 8.181967e-01 4.969907e-01 2.890579e-01
      outer loop
         vertex 1.339746e-01 -4.962320e+00 -8.725237e+01
         vertex 2.339556e-01 -5.302524e+00 -8.695044e+01
         vertex 2.339556e-01 -5.079282e+00 -8.733428e+01
      endloop
   endfacet
   facet normal 8.181968e-01 4.415805e-01 3.681856e-01
      outer loop
         vertex 1.339746e-01 -4.962320e+00 -8.725237e+01
         vertex 2.339556e-01 -5.079282e+00 -8.733428e+01
         vertex 1.339746e-01 -4.693330e+00 -8.757498e+01
      endloop
   endfacet
   facet normal 8.181958e-01 4.415812e-01 3.681871e-01
      outer loop
         vertex 1.339746e-01 -4.693330e+00 -8.757498e+01
         vertex 2.339556e-01 -5.079282e+00 -8.733428e+01
         vertex 2.339556e-01 -4.794929e+00 -8.767531e+01
      endloop
   endfacet
   facet normal 8.181956e-01 3.737042e-01 4.369224e-01
      outer loop
         vertex 1.339746e-01 -4.693330e+00 -8.757498e+01
         vertex 2.339556e-01 -4.794929e+00 -8.767531e+01
         vertex 1.339746e-01 -4.374126e+00 -8.784800e+01
      endloop
   endfacet
   facet normal 8.181967e-01 3.737037e-01 4.369206e-01
      outer loop
         vertex 1.339746e-01 -4.374126e+00 -8.784800e+01
         vertex 2.339556e-01 -4.794929e+00 -8.767531e+01
         vertex 2.339556e-01 -4.457493e+00 -8.796392e+01
      endloop
   endfacet
   facet normal 8.181968e-01 2.952861e-01 4.933154e-01
      outer loop
         vertex 1.339746e-01 -4.374126e+00 -8.784800e+01
         vertex 2.339556e-01 -4.457493e+00 -8.796392e+01
         vertex 1.339746e-01 -4.013717e+00 -8.806373e+01
      endloop
   endfacet
   facet normal 8.181875e-01 2.952873e-01 4.933301e-01
      outer loop
         vertex 1.339746e-01 -4.013717e+00 -8.806373e+01
         vertex 2.339556e-01 -4.457493e+00 -8.796392e+01
         vertex 2.339556e-01 -4.076499e+00 -8.819197e+01
      endloop
   endfacet
   facet normal 8.181868e-01 2.085270e-01 5.358049e-01
      outer loop
         vertex 1.339746e-01 -4.013717e+00 -8.806373e+01
         vertex 2.339556e-01 -4.076499e+00 -8.819197e+01
         vertex 1.339746e-01 -3.622278e+00 -8.821607e+01
      endloop
   endfacet
   facet normal 8.181889e-01 2.085273e-01 5.358015e-01
      outer loop
         vertex 1.339746e-01 -3.622278e+00 -8.821607e+01
         vertex 2.339556e-01 -4.076499e+00 -8.819197e+01
         vertex 2.339556e-01 -3.662703e+00 -8.835302e+01
      endloop
   endfacet
   facet normal 8.181886e-01 1.158740e-01 5.631525e-01
      outer loop
         vertex 1.339746e-01 -3.622278e+00 -8.821607e+01
         vertex 2.339556e-01 -3.662703e+00 -8.835302e+01
         vertex 1.339746e-01 -3.210858e+00 -8.830073e+01
      endloop
   endfacet
   facet normal 8.181894e-01 1.158743e-01 5.631512e-01
      outer loop
         vertex 1.339746e-01 -3.210858e+00 -8.830073e+01
         vertex 2.339556e-01 -3.662703e+00 -8.835302e+01
         vertex 2.339556e-01 -3.227785e+00 -8.844250e+01
      endloop
   endfacet
   facet normal 8.181891e-01 1.995819e-02 5.746027e-01
      outer loop
         vertex 1.339746e-01 -3.210858e+00 -8.830073e+01
         vertex 2.339556e-01 -3.227785e+00 -8.844250e+01
         vertex 1.339746e-01 -2.791073e+00 -8.831531e+01
      endloop
   endfacet
   facet normal 8.181922e-01 1.996021e-02 5.745982e-01
      outer loop
         vertex 1.339746e-01 -2.791073e+00 -8.831531e+01
         vertex 2.339556e-01 -3.227785e+00 -8.844250e+01
         vertex 2.339556e-01 -2.784024e+00 -8.845792e+01
      endloop
   endfacet
   facet normal 8.181923e-01 -7.652780e-02 5.698289e-01
      outer loop
         vertex 1.339746e-01 -2.791073e+00 -8.831531e+01
         vertex 2.339556e-01 -2.784024e+00 -8.845792e+01
         vertex 1.339746e-01 -2.374771e+00 -8.825940e+01
      endloop
   endfacet
   facet normal 8.182003e-01 -7.652071e-02 5.698183e-01
      outer loop
         vertex 1.339746e-01 -2.374771e+00 -8.825940e+01
         vertex 2.339556e-01 -2.784024e+00 -8.845792e+01
         vertex 2.339556e-01 -2.343945e+00 -8.839882e+01
      endloop
   endfacet
   facet normal 7.058552e-01 6.955595e-01 1.340352e-01
      outer loop
         vertex 2.339556e-01 -5.542373e+00 -8.609865e+01
         vertex 3.572124e-01 -5.664935e+00 -8.611172e+01
         vertex 2.339556e-01 -5.458354e+00 -8.653466e+01
      endloop
   endfacet
   facet normal 7.058541e-01 6.955605e-01 1.340360e-01
      outer loop
         vertex 2.339556e-01 -5.458354e+00 -8.653466e+01
         vertex 3.572124e-01 -5.664935e+00 -8.611172e+01
         vertex 3.572124e-01 -5.576997e+00 -8.656806e+01
      endloop
   endfacet
   facet normal 7.058544e-01 6.633026e-01 2.485944e-01
      outer loop
         vertex 2.339556e-01 -5.458354e+00 -8.653466e+01
         vertex 3.572124e-01 -5.576997e+00 -8.656806e+01
         vertex 2.339556e-01 -5.302524e+00 -8.695044e+01
      endloop
   endfacet
   facet normal 7.058556e-01 6.633017e-01 2.485934e-01
      outer loop
         vertex 2.339556e-01 -5.302524e+00 -8.695044e+01
         vertex 3.572124e-01 -5.576997e+00 -8.656806e+01
         vertex 3.572124e-01 -5.413899e+00 -8.700325e+01
      endloop
   endfacet
   facet normal 7.058570e-01 6.123186e-01 3.561345e-01
      outer loop
         vertex 2.339556e-01 -5.302524e+00 -8.695044e+01
         vertex 3.572124e-01 -5.413899e+00 -8.700325e+01
         vertex 2.339556e-01 -5.079282e+00 -8.733428e+01
      endloop
   endfacet
   facet normal 7.058498e-01 6.123229e-01 3.561414e-01
      outer loop
         vertex 2.339556e-01 -5.079282e+00 -8.733428e+01
         vertex 3.572124e-01 -5.413899e+00 -8.700325e+01
         vertex 3.572124e-01 -5.180245e+00 -8.740497e+01
      endloop
   endfacet
   facet normal 7.058489e-01 5.440562e-01 4.536300e-01
      outer loop
         vertex 2.339556e-01 -5.079282e+00 -8.733428e+01
         vertex 3.572124e-01 -5.180245e+00 -8.740497e+01
         vertex 2.339556e-01 -4.794929e+00 -8.767531e+01
      endloop
   endfacet
   facet normal 7.058522e-01 5.440548e-01 4.536265e-01
      outer loop
         vertex 2.339556e-01 -4.794929e+00 -8.767531e+01
         vertex 3.572124e-01 -5.180245e+00 -8.740497e+01
         vertex 3.572124e-01 -4.882630e+00 -8.776192e+01
      endloop
   endfacet
   facet normal 7.058518e-01 4.604260e-01 5.383132e-01
      outer loop
         vertex 2.339556e-01 -4.794929e+00 -8.767531e+01
         vertex 3.572124e-01 -4.882630e+00 -8.776192e+01
         vertex 2.339556e-01 -4.457493e+00 -8.796392e+01
      endloop
   endfacet
   facet normal 7.058568e-01 4.604248e-01 5.383076e-01
      outer loop
         vertex 2.339556e-01 -4.457493e+00 -8.796392e+01
         vertex 3.572124e-01 -4.882630e+00 -8.776192e+01
         vertex 3.572124e-01 -4.529457e+00 -8.806399e+01
      endloop
   endfacet
   facet normal 7.058573e-01 3.638011e-01 6.077946e-01
      outer loop
         vertex 2.339556e-01 -4.457493e+00 -8.796392e+01
         vertex 3.572124e-01 -4.529457e+00 -8.806399e+01
         vertex 2.339556e-01 -4.076499e+00 -8.819197e+01
      endloop
   endfacet
   facet normal 7.058665e-01 3.638006e-01 6.077841e-01
      outer loop
         vertex 2.339556e-01 -4.076499e+00 -8.819197e+01
         vertex 3.572124e-01 -4.529457e+00 -8.806399e+01
         vertex 3.572124e-01 -4.130694e+00 -8.830268e+01
      endloop
   endfacet
   facet normal 7.058678e-01 2.569077e-01 6.601129e-01
      outer loop
         vertex 2.339556e-01 -4.076499e+00 -8.819197e+01
         vertex 3.572124e-01 -4.130694e+00 -8.830268e+01
         vertex 2.339556e-01 -3.662703e+00 -8.835302e+01
      endloop
   endfacet
   facet normal 7.058655e-01 2.569074e-01 6.601155e-01
      outer loop
         vertex 2.339556e-01 -3.662703e+00 -8.835302e+01
         vertex 3.572124e-01 -4.130694e+00 -8.830268e+01
         vertex 3.572124e-01 -3.697599e+00 -8.847123e+01
      endloop
   endfacet
   facet normal 7.058661e-01 1.427589e-01 6.938105e-01
      outer loop
         vertex 2.339556e-01 -3.662703e+00 -8.835302e+01
         vertex 3.572124e-01 -3.697599e+00 -8.847123e+01
         vertex 2.339556e-01 -3.227785e+00 -8.844250e+01
      endloop
   endfacet
   facet normal 7.058624e-01 1.427577e-01 6.938144e-01
      outer loop
         vertex 2.339556e-01 -3.227785e+00 -8.844250e+01
         vertex 3.572124e-01 -3.697599e+00 -8.847123e+01
         vertex 3.572124e-01 -3.242397e+00 -8.856490e+01
      endloop
   endfacet
   facet normal 7.058625e-01 2.459156e-02 7.079219e-01
      outer loop
         vertex 2.339556e-01 -3.227785e+00 -8.844250e+01
         vertex 3.572124e-01 -3.242397e+00 -8.856490e+01
         vertex 2.339556e-01 -2.784024e+00 -8.845792e+01
      endloop
   endfacet
   facet normal 7.058521e-01 2.458630e-02 7.079325e-01
      outer loop
         vertex 2.339556e-01 -2.784024e+00 -8.845792e+01
         vertex 3.572124e-01 -3.242397e+00 -8.856490e+01
         vertex 3.572124e-01 -2.777939e+00 -8.858103e+01
      endloop
   endfacet
   facet normal 7.058520e-01 -9.427904e-02 7.020572e-01
      outer loop
         vertex 2.339556e-01 -2.784024e+00 -8.845792e+01
         vertex 3.572124e-01 -2.777939e+00 -8.858103e+01
         vertex 2.339556e-01 -2.343945e+00 -8.839882e+01
      endloop
   endfacet
   facet normal 7.058509e-01 -9.427983e-02 7.020583e-01
      outer loop
         vertex 2.339556e-01 -2.343945e+00 -8.839882e+01
         vertex 3.572124e-01 -2.777939e+00 -8.858103e+01
         vertex 3.572124e-01 -2.317335e+00 -8.851917e+01
      endloop
   endfacet
   facet normal 5.722113e-01 8.052907e-01 1.551812e-01
      outer loop
         vertex 3.572124e-01 -5.664935e+00 -8.611172e+01
         vertex 5.000000e-01 -5.764352e+00 -8.612233e+01
         vertex 3.572124e-01 -5.576997e+00 -8.656806e+01
      endloop
   endfacet
   facet normal 5.722135e-01 8.052893e-01 1.551800e-01
      outer loop
         vertex 3.572124e-01 -5.576997e+00 -8.656806e+01
         vertex 5.000000e-01 -5.764352e+00 -8.612233e+01
         vertex 5.000000e-01 -5.673236e+00 -8.659516e+01
      endloop
   endfacet
   facet normal 5.722128e-01 7.679435e-01 2.878112e-01
      outer loop
         vertex 3.572124e-01 -5.576997e+00 -8.656806e+01
         vertex 5.000000e-01 -5.673236e+00 -8.659516e+01
         vertex 3.572124e-01 -5.413899e+00 -8.700325e+01
      endloop
   endfacet
   facet normal 5.722105e-01 7.679447e-01 2.878127e-01
      outer loop
         vertex 3.572124e-01 -5.413899e+00 -8.700325e+01
         vertex 5.000000e-01 -5.673236e+00 -8.659516e+01
         vertex 5.000000e-01 -5.504243e+00 -8.704607e+01
      endloop
   endfacet
   facet normal 5.722087e-01 7.089190e-01 4.123240e-01
      outer loop
         vertex 3.572124e-01 -5.413899e+00 -8.700325e+01
         vertex 5.000000e-01 -5.504243e+00 -8.704607e+01
         vertex 3.572124e-01 -5.180245e+00 -8.740497e+01
      endloop
   endfacet
   facet normal 5.722234e-01 7.089134e-01 4.123131e-01
      outer loop
         vertex 3.572124e-01 -5.180245e+00 -8.740497e+01
         vertex 5.000000e-01 -5.504243e+00 -8.704607e+01
         vertex 5.000000e-01 -5.262143e+00 -8.746233e+01
      endloop
   endfacet
   facet normal 5.722261e-01 6.298742e-01 5.251817e-01
      outer loop
         vertex 3.572124e-01 -5.180245e+00 -8.740497e+01
         vertex 5.000000e-01 -5.262143e+00 -8.746233e+01
         vertex 3.572124e-01 -4.882630e+00 -8.776192e+01
      endloop
   endfacet
   facet normal 5.722134e-01 6.298773e-01 5.251918e-01
      outer loop
         vertex 3.572124e-01 -4.882630e+00 -8.776192e+01
         vertex 5.000000e-01 -5.262143e+00 -8.746233e+01
         vertex 5.000000e-01 -4.953770e+00 -8.783217e+01
      endloop
   endfacet
   facet normal 5.722132e-01 5.330617e-01 6.232313e-01
      outer loop
         vertex 3.572124e-01 -4.882630e+00 -8.776192e+01
         vertex 5.000000e-01 -4.953770e+00 -8.783217e+01
         vertex 3.572124e-01 -4.529457e+00 -8.806399e+01
      endloop
   endfacet
   facet normal 5.722243e-01 5.330605e-01 6.232222e-01
      outer loop
         vertex 3.572124e-01 -4.529457e+00 -8.806399e+01
         vertex 5.000000e-01 -4.953770e+00 -8.783217e+01
         vertex 5.000000e-01 -4.587831e+00 -8.814517e+01
      endloop
   endfacet
   facet normal 5.722260e-01 4.211952e-01 7.036704e-01
      outer loop
         vertex 3.572124e-01 -4.529457e+00 -8.806399e+01
         vertex 5.000000e-01 -4.587831e+00 -8.814517e+01
         vertex 3.572124e-01 -4.130694e+00 -8.830268e+01
      endloop
   endfacet
   facet normal 5.722016e-01 4.211945e-01 7.036907e-01
      outer loop
         vertex 3.572124e-01 -4.130694e+00 -8.830268e+01
         vertex 5.000000e-01 -4.587831e+00 -8.814517e+01
         vertex 5.000000e-01 -4.174654e+00 -8.839247e+01
      endloop
   endfacet
   facet normal 5.722006e-01 2.974440e-01 7.642732e-01
      outer loop
         vertex 3.572124e-01 -4.130694e+00 -8.830268e+01
         vertex 5.000000e-01 -4.174654e+00 -8.839247e+01
         vertex 3.572124e-01 -3.697599e+00 -8.847123e+01
      endloop
   endfacet
   facet normal 5.722084e-01 2.974453e-01 7.642668e-01
      outer loop
         vertex 3.572124e-01 -3.697599e+00 -8.847123e+01
         vertex 5.000000e-01 -4.174654e+00 -8.839247e+01
         vertex 5.000000e-01 -3.725905e+00 -8.856712e+01
      endloop
   endfacet
   facet normal 5.722081e-01 1.652812e-01 8.032808e-01
      outer loop
         vertex 3.572124e-01 -3.697599e+00 -8.847123e+01
         vertex 5.000000e-01 -3.725905e+00 -8.856712e+01
         vertex 3.572124e-01 -3.242397e+00 -8.856490e+01
      endloop
   endfacet
   facet normal 5.722248e-01 1.652862e-01 8.032678e-01
      outer loop
         vertex 3.572124e-01 -3.242397e+00 -8.856490e+01
         vertex 5.000000e-01 -3.725905e+00 -8.856712e+01
         vertex 5.000000e-01 -3.254249e+00 -8.866417e+01
      endloop
   endfacet
   facet normal 5.722251e-01 2.846457e-02 8.196025e-01
      outer loop
         vertex 3.572124e-01 -3.242397e+00 -8.856490e+01
         vertex 5.000000e-01 -3.254249e+00 -8.866417e+01
         vertex 3.572124e-01 -2.777939e+00 -8.858103e+01
      endloop
   endfacet
   facet normal 5.722179e-01 2.846151e-02 8.196076e-01
      outer loop
         vertex 3.572124e-01 -2.777939e+00 -8.858103e+01
         vertex 5.000000e-01 -3.254249e+00 -8.866417e+01
         vertex 5.000000e-01 -2.773003e+00 -8.868089e+01
      endloop
   endfacet
   facet normal 5.722177e-01 -1.091521e-01 8.128055e-01
      outer loop
         vertex 3.572124e-01 -2.777939e+00 -8.858103e+01
         vertex 5.000000e-01 -2.773003e+00 -8.868089e+01
         vertex 3.572124e-01 -2.317335e+00 -8.851917e+01
      endloop
   endfacet
   facet normal 5.722201e-01 -1.091509e-01 8.128040e-01
      outer loop
         vertex 3.572124e-01 -2.317335e+00 -8.851917e+01
         vertex 5.000000e-01 -2.773003e+00 -8.868089e+01
         vertex 5.000000e-01 -2.295750e+00 -8.861680e+01
      endloop
   endfacet
   facet normal 4.213926e-01 8.904954e-01 1.715992e-01
      outer loop
         vertex 5.000000e-01 -5.764352e+00 -8.612233e+01
         vertex 6.579799e-01 -5.837603e+00 -8.613014e+01
         vertex 5.000000e-01 -5.673236e+00 -8.659516e+01
      endloop
   endfacet
   facet normal 4.213899e-01 8.904964e-01 1.716005e-01
      outer loop
         vertex 5.000000e-01 -5.673236e+00 -8.659516e+01
         vertex 6.579799e-01 -5.837603e+00 -8.613014e+01
         vertex 6.579799e-01 -5.744145e+00 -8.661513e+01
      endloop
   endfacet
   facet normal 4.213904e-01 8.491981e-01 3.182651e-01
      outer loop
         vertex 5.000000e-01 -5.673236e+00 -8.659516e+01
         vertex 6.579799e-01 -5.744145e+00 -8.661513e+01
         vertex 5.000000e-01 -5.504243e+00 -8.704607e+01
      endloop
   endfacet
   facet normal 4.213957e-01 8.491965e-01 3.182623e-01
      outer loop
         vertex 5.000000e-01 -5.504243e+00 -8.704607e+01
         vertex 6.579799e-01 -5.744145e+00 -8.661513e+01
         vertex 6.579799e-01 -5.570808e+00 -8.707763e+01
      endloop
   endfacet
   facet normal 4.213987e-01 7.839263e-01 4.559415e-01
      outer loop
         vertex 5.000000e-01 -5.504243e+00 -8.704607e+01
         vertex 6.579799e-01 -5.570808e+00 -8.707763e+01
         vertex 5.000000e-01 -5.262143e+00 -8.746233e+01
      endloop
   endfacet
   facet normal 4.213815e-01 7.839298e-01 4.559514e-01
      outer loop
         vertex 5.000000e-01 -5.262143e+00 -8.746233e+01
         vertex 6.579799e-01 -5.570808e+00 -8.707763e+01
         vertex 6.579799e-01 -5.322486e+00 -8.750458e+01
      endloop
   endfacet
   facet normal 4.213789e-01 6.965282e-01 5.807653e-01
      outer loop
         vertex 5.000000e-01 -5.262143e+00 -8.746233e+01
         vertex 6.579799e-01 -5.322486e+00 -8.750458e+01
         vertex 5.000000e-01 -4.953770e+00 -8.783217e+01
      endloop
   endfacet
   facet normal 4.214025e-01 6.965257e-01 5.807511e-01
      outer loop
         vertex 5.000000e-01 -4.953770e+00 -8.783217e+01
         vertex 6.579799e-01 -5.322486e+00 -8.750458e+01
         vertex 6.579799e-01 -5.006187e+00 -8.788393e+01
      endloop
   endfacet
   facet normal 4.214054e-01 5.894641e-01 6.891659e-01
      outer loop
         vertex 5.000000e-01 -4.953770e+00 -8.783217e+01
         vertex 6.579799e-01 -5.006187e+00 -8.788393e+01
         vertex 5.000000e-01 -4.587831e+00 -8.814517e+01
      endloop
   endfacet
   facet normal 4.213843e-01 5.894641e-01 6.891788e-01
      outer loop
         vertex 5.000000e-01 -4.587831e+00 -8.814517e+01
         vertex 6.579799e-01 -5.006187e+00 -8.788393e+01
         vertex 6.579799e-01 -4.630842e+00 -8.820497e+01
      endloop
   endfacet
   facet normal 4.213833e-01 4.657577e-01 7.781426e-01
      outer loop
         vertex 5.000000e-01 -4.587831e+00 -8.814517e+01
         vertex 6.579799e-01 -4.630842e+00 -8.820497e+01
         vertex 5.000000e-01 -4.174654e+00 -8.839247e+01
      endloop
   endfacet
   facet normal 4.214083e-01 4.657602e-01 7.781275e-01
      outer loop
         vertex 5.000000e-01 -4.174654e+00 -8.839247e+01
         vertex 6.579799e-01 -4.630842e+00 -8.820497e+01
         vertex 6.579799e-01 -4.207045e+00 -8.845864e+01
      endloop
   endfacet
   facet normal 4.214100e-01 3.289131e-01 8.451212e-01
      outer loop
         vertex 5.000000e-01 -4.174654e+00 -8.839247e+01
         vertex 6.579799e-01 -4.207045e+00 -8.845864e+01
         vertex 5.000000e-01 -3.725905e+00 -8.856712e+01
      endloop
   endfacet
   facet normal 4.213930e-01 3.289097e-01 8.451310e-01
      outer loop
         vertex 5.000000e-01 -3.725905e+00 -8.856712e+01
         vertex 6.579799e-01 -4.207045e+00 -8.845864e+01
         vertex 6.579799e-01 -3.746761e+00 -8.863778e+01
      endloop
   endfacet
   facet normal 4.213931e-01 1.827765e-01 8.882683e-01
      outer loop
         vertex 5.000000e-01 -3.725905e+00 -8.856712e+01
         vertex 6.579799e-01 -3.746761e+00 -8.863778e+01
         vertex 5.000000e-01 -3.254249e+00 -8.866417e+01
      endloop
   endfacet
   facet normal 4.213654e-01 1.827684e-01 8.882831e-01
      outer loop
         vertex 5.000000e-01 -3.254249e+00 -8.866417e+01
         vertex 6.579799e-01 -3.746761e+00 -8.863778e+01
         vertex 6.579799e-01 -3.262982e+00 -8.873732e+01
      endloop
   endfacet
   facet normal 4.213643e-01 3.147354e-02 9.063451e-01
      outer loop
         vertex 5.000000e-01 -3.254249e+00 -8.866417e+01
         vertex 6.579799e-01 -3.262982e+00 -8.873732e+01
         vertex 5.000000e-01 -2.773003e+00 -8.868089e+01
      endloop
   endfacet
   facet normal 4.214111e-01 3.149119e-02 9.063228e-01
      outer loop
         vertex 5.000000e-01 -2.773003e+00 -8.868089e+01
         vertex 6.579799e-01 -3.262982e+00 -8.873732e+01
         vertex 6.579799e-01 -2.769366e+00 -8.875447e+01
      endloop
   endfacet
   facet normal 4.214114e-01 -1.206994e-01 8.988015e-01
      outer loop
         vertex 5.000000e-01 -2.773003e+00 -8.868089e+01
         vertex 6.579799e-01 -2.769366e+00 -8.875447e+01
         vertex 5.000000e-01 -2.295750e+00 -8.861680e+01
      endloop
   endfacet
   facet normal 4.213804e-01 -1.207134e-01 8.988141e-01
      outer loop
         vertex 5.000000e-01 -2.295750e+00 -8.861680e+01
         vertex 6.579799e-01 -2.769366e+00 -8.875447e+01
         vertex 6.579799e-01 -2.279847e+00 -8.868872e+01
      endloop
   endfacet
   facet normal 2.579645e-01 9.487004e-01 1.828165e-01
      outer loop
         vertex 6.579799e-01 -5.837603e+00 -8.613014e+01
         vertex 8.263518e-01 -5.882464e+00 -8.613493e+01
         vertex 6.579799e-01 -5.744145e+00 -8.661513e+01
      endloop
   endfacet
   facet normal 2.579724e-01 9.486989e-01 1.828134e-01
      outer loop
         vertex 6.579799e-01 -5.744145e+00 -8.661513e+01
         vertex 8.263518e-01 -5.882464e+00 -8.613493e+01
         vertex 8.263518e-01 -5.787572e+00 -8.662736e+01
      endloop
   endfacet
   facet normal 2.579775e-01 9.047006e-01 3.390641e-01
      outer loop
         vertex 6.579799e-01 -5.744145e+00 -8.661513e+01
         vertex 8.263518e-01 -5.787572e+00 -8.662736e+01
         vertex 6.579799e-01 -5.570808e+00 -8.707763e+01
      endloop
   endfacet
   facet normal 2.579674e-01 9.047018e-01 3.390685e-01
      outer loop
         vertex 6.579799e-01 -5.570808e+00 -8.707763e+01
         vertex 8.263518e-01 -5.787572e+00 -8.662736e+01
         vertex 8.263518e-01 -5.611575e+00 -8.709696e+01
      endloop
   endfacet
   facet normal 2.579680e-01 8.351641e-01 4.857505e-01
      outer loop
         vertex 6.579799e-01 -5.570808e+00 -8.707763e+01
         vertex 8.263518e-01 -5.611575e+00 -8.709696e+01
         vertex 6.579799e-01 -5.322486e+00 -8.750458e+01
      endloop
   endfacet
   facet normal 2.579792e-01 8.351635e-01 4.857454e-01
      outer loop
         vertex 6.579799e-01 -5.322486e+00 -8.750458e+01
         vertex 8.263518e-01 -5.611575e+00 -8.709696e+01
         vertex 8.263518e-01 -5.359441e+00 -8.753046e+01
      endloop
   endfacet
   facet normal 2.579830e-01 7.420526e-01 6.187105e-01
      outer loop
         vertex 6.579799e-01 -5.322486e+00 -8.750458e+01
         vertex 8.263518e-01 -5.359441e+00 -8.753046e+01
         vertex 6.579799e-01 -5.006187e+00 -8.788393e+01
      endloop
   endfacet
   facet normal 2.579461e-01 7.420516e-01 6.187271e-01
      outer loop
         vertex 6.579799e-01 -5.006187e+00 -8.788393e+01
         vertex 8.263518e-01 -5.359441e+00 -8.753046e+01
         vertex 8.263518e-01 -5.038288e+00 -8.791563e+01
      endloop
   endfacet
   facet normal 2.579425e-01 6.279943e-01 7.342267e-01
      outer loop
         vertex 6.579799e-01 -5.006187e+00 -8.788393e+01
         vertex 8.263518e-01 -5.038288e+00 -8.791563e+01
         vertex 6.579799e-01 -4.630842e+00 -8.820497e+01
      endloop
   endfacet
   facet normal 2.579646e-01 6.279965e-01 7.342170e-01
      outer loop
         vertex 6.579799e-01 -4.630842e+00 -8.820497e+01
         vertex 8.263518e-01 -5.038288e+00 -8.791563e+01
         vertex 8.263518e-01 -4.657182e+00 -8.824160e+01
      endloop
   endfacet
   facet normal 2.579648e-01 4.962076e-01 8.289947e-01
      outer loop
         vertex 6.579799e-01 -4.630842e+00 -8.820497e+01
         vertex 8.263518e-01 -4.657182e+00 -8.824160e+01
         vertex 6.579799e-01 -4.207045e+00 -8.845864e+01
      endloop
   endfacet
   facet normal 2.579475e-01 4.962046e-01 8.290019e-01
      outer loop
         vertex 6.579799e-01 -4.207045e+00 -8.845864e+01
         vertex 8.263518e-01 -4.657182e+00 -8.824160e+01
         vertex 8.263518e-01 -4.226882e+00 -8.849916e+01
      endloop
   endfacet
   facet normal 2.579458e-01 3.504100e-01 9.003759e-01
      outer loop
         vertex 6.579799e-01 -4.207045e+00 -8.845864e+01
         vertex 8.263518e-01 -4.226882e+00 -8.849916e+01
         vertex 6.579799e-01 -3.746761e+00 -8.863778e+01
      endloop
   endfacet
   facet normal 2.579461e-01 3.504101e-01 9.003758e-01
      outer loop
         vertex 6.579799e-01 -3.746761e+00 -8.863778e+01
         vertex 8.263518e-01 -4.226882e+00 -8.849916e+01
         vertex 8.263518e-01 -3.759534e+00 -8.868104e+01
      endloop
   endfacet
   facet normal 2.579450e-01 1.947130e-01 9.463357e-01
      outer loop
         vertex 6.579799e-01 -3.746761e+00 -8.863778e+01
         vertex 8.263518e-01 -3.759534e+00 -8.868104e+01
         vertex 6.579799e-01 -3.262982e+00 -8.873732e+01
      endloop
   endfacet
   facet normal 2.579827e-01 1.947244e-01 9.463231e-01
      outer loop
         vertex 6.579799e-01 -3.262982e+00 -8.873732e+01
         vertex 8.263518e-01 -3.759534e+00 -8.868104e+01
         vertex 8.263518e-01 -3.268331e+00 -8.878212e+01
      endloop
   endfacet
   facet normal 2.579833e-01 3.354968e-02 9.655667e-01
      outer loop
         vertex 6.579799e-01 -3.262982e+00 -8.873732e+01
         vertex 8.263518e-01 -3.268331e+00 -8.878212e+01
         vertex 6.579799e-01 -2.769366e+00 -8.875447e+01
      endloop
   endfacet
   facet normal 2.579307e-01 3.353111e-02 9.655814e-01
      outer loop
         vertex 6.579799e-01 -2.769366e+00 -8.875447e+01
         vertex 8.263518e-01 -3.268331e+00 -8.878212e+01
         vertex 8.263518e-01 -2.767139e+00 -8.879952e+01
      endloop
   endfacet
   facet normal 2.579307e-01 -1.286040e-01 9.575661e-01
      outer loop
         vertex 6.579799e-01 -2.769366e+00 -8.875447e+01
         vertex 8.263518e-01 -2.767139e+00 -8.879952e+01
         vertex 6.579799e-01 -2.279847e+00 -8.868872e+01
      endloop
   endfacet
   facet normal 2.579864e-01 -1.285820e-01 9.575540e-01
      outer loop
         vertex 6.579799e-01 -2.279847e+00 -8.868872e+01
         vertex 8.263518e-01 -2.767139e+00 -8.879952e+01
         vertex 8.263518e-01 -2.270107e+00 -8.873278e+01
      endloop
   endfacet
   facet normal 8.684762e-02 9.782250e-01 1.885030e-01
      outer loop
         vertex 8.263518e-01 -5.882464e+00 -8.613493e+01
         vertex 1.000000e+00 -5.897571e+00 -8.613653e+01
         vertex 8.263518e-01 -5.787572e+00 -8.662736e+01
      endloop
   endfacet
   facet normal 8.684489e-02 9.782250e-01 1.885040e-01
      outer loop
         vertex 8.263518e-01 -5.787572e+00 -8.662736e+01
         vertex 1.000000e+00 -5.897571e+00 -8.613653e+01
         vertex 1.000000e+00 -5.802196e+00 -8.663148e+01
      endloop
   endfacet
   facet normal 8.684027e-02 9.328579e-01 3.496210e-01
      outer loop
         vertex 8.263518e-01 -5.787572e+00 -8.662736e+01
         vertex 1.000000e+00 -5.802196e+00 -8.663148e+01
         vertex 8.263518e-01 -5.611575e+00 -8.709696e+01
      endloop
   endfacet
   facet normal 8.684249e-02 9.328580e-01 3.496202e-01
      outer loop
         vertex 8.263518e-01 -5.611575e+00 -8.709696e+01
         vertex 1.000000e+00 -5.802196e+00 -8.663148e+01
         vertex 1.000000e+00 -5.625302e+00 -8.710346e+01
      endloop
   endfacet
   facet normal 8.683947e-02 8.611583e-01 5.008645e-01
      outer loop
         vertex 8.263518e-01 -5.611575e+00 -8.709696e+01
         vertex 1.000000e+00 -5.625302e+00 -8.710346e+01
         vertex 8.263518e-01 -5.359441e+00 -8.753046e+01
      endloop
   endfacet
   facet normal 8.683613e-02 8.611580e-01 5.008656e-01
      outer loop
         vertex 8.263518e-01 -5.359441e+00 -8.753046e+01
         vertex 1.000000e+00 -5.625302e+00 -8.710346e+01
         vertex 1.000000e+00 -5.371885e+00 -8.753917e+01
      endloop
   endfacet
   facet normal 8.683249e-02 7.651417e-01 6.379798e-01
      outer loop
         vertex 8.263518e-01 -5.359441e+00 -8.753046e+01
         vertex 1.000000e+00 -5.371885e+00 -8.753917e+01
         vertex 8.263518e-01 -5.038288e+00 -8.791563e+01
      endloop
   endfacet
   facet normal 8.685686e-02 7.651455e-01 6.379719e-01
      outer loop
         vertex 8.263518e-01 -5.038288e+00 -8.791563e+01
         vertex 1.000000e+00 -5.371885e+00 -8.753917e+01
         vertex 1.000000e+00 -5.049098e+00 -8.792631e+01
      endloop
   endfacet
   facet normal 8.685813e-02 6.475395e-01 7.570655e-01
      outer loop
         vertex 8.263518e-01 -5.038288e+00 -8.791563e+01
         vertex 1.000000e+00 -5.049098e+00 -8.792631e+01
         vertex 8.263518e-01 -4.657182e+00 -8.824160e+01
      endloop
   endfacet
   facet normal 8.683542e-02 6.475348e-01 7.570722e-01
      outer loop
         vertex 8.263518e-01 -4.657182e+00 -8.824160e+01
         vertex 1.000000e+00 -5.049098e+00 -8.792631e+01
         vertex 1.000000e+00 -4.666052e+00 -8.825393e+01
      endloop
   endfacet
   facet normal 8.683367e-02 5.116449e-01 8.547979e-01
      outer loop
         vertex 8.263518e-01 -4.657182e+00 -8.824160e+01
         vertex 1.000000e+00 -4.666052e+00 -8.825393e+01
         vertex 8.263518e-01 -4.226882e+00 -8.849916e+01
      endloop
   endfacet
   facet normal 8.687221e-02 5.116547e-01 8.547881e-01
      outer loop
         vertex 8.263518e-01 -4.226882e+00 -8.849916e+01
         vertex 1.000000e+00 -4.666052e+00 -8.825393e+01
         vertex 1.000000e+00 -4.233562e+00 -8.851281e+01
      endloop
   endfacet
   facet normal 8.687417e-02 3.613123e-01 9.283891e-01
      outer loop
         vertex 8.263518e-01 -4.226882e+00 -8.849916e+01
         vertex 1.000000e+00 -4.233562e+00 -8.851281e+01
         vertex 8.263518e-01 -3.759534e+00 -8.868104e+01
      endloop
   endfacet
   facet normal 8.686398e-02 3.613093e-01 9.283912e-01
      outer loop
         vertex 8.263518e-01 -3.759534e+00 -8.868104e+01
         vertex 1.000000e+00 -4.233562e+00 -8.851281e+01
         vertex 1.000000e+00 -3.763835e+00 -8.869562e+01
      endloop
   endfacet
   facet normal 8.686476e-02 2.007850e-01 9.757766e-01
      outer loop
         vertex 8.263518e-01 -3.759534e+00 -8.868104e+01
         vertex 1.000000e+00 -3.763835e+00 -8.869562e+01
         vertex 8.263518e-01 -3.268331e+00 -8.878212e+01
      endloop
   endfacet
   facet normal 8.686275e-02 2.007843e-01 9.757769e-01
      outer loop
         vertex 8.263518e-01 -3.268331e+00 -8.878212e+01
         vertex 1.000000e+00 -3.763835e+00 -8.869562e+01
         vertex 1.000000e+00 -3.270132e+00 -8.879720e+01
      endloop
   endfacet
   facet normal 8.686302e-02 3.457425e-02 9.956201e-01
      outer loop
         vertex 8.263518e-01 -3.268331e+00 -8.878212e+01
         vertex 1.000000e+00 -3.270132e+00 -8.879720e+01
         vertex 8.263518e-01 -2.767139e+00 -8.879952e+01
      endloop
   endfacet
   facet normal 8.686770e-02 3.457586e-02 9.956197e-01
      outer loop
         vertex 8.263518e-01 -2.767139e+00 -8.879952e+01
         vertex 1.000000e+00 -3.270132e+00 -8.879720e+01
         vertex 1.000000e+00 -2.766389e+00 -8.881470e+01
      endloop
   endfacet
   facet normal 8.686754e-02 -1.325841e-01 9.873578e-01
      outer loop
         vertex 8.263518e-01 -2.767139e+00 -8.879952e+01
         vertex 1.000000e+00 -2.766389e+00 -8.881470e+01
         vertex 8.263518e-01 -2.270107e+00 -8.873278e+01
      endloop
   endfacet
   facet normal 8.685064e-02 -1.325901e-01 9.873585e-01
      outer loop
         vertex 8.263518e-01 -2.270107e+00 -8.873278e+01
         vertex 1.000000e+00 -2.766389e+00 -8.881470e+01
         vertex 1.000000e+00 -2.266827e+00 -8.874761e+01
      endloop
   endfacet
   facet normal 8.703586e-02 -3.557537e-01 -9.305182e-01
      outer loop
         vertex 1.000000e+00 -6.466274e+00 -1.997967e+01
         vertex 1.000000e+00 -8.511902e+00 -1.919759e+01
         vertex 8.263518e-01 -8.518060e+00 -1.921148e+01
      endloop
   endfacet
   facet normal 8.714289e-02 -2.902202e-01 -9.529839e-01
      outer loop
         vertex 1.000000e+00 -5.767647e+00 -2.019243e+01
         vertex 1.000000e+00 -6.466274e+00 -1.997967e+01
         vertex 8.263518e-01 -6.470952e+00 -1.999413e+01
      endloop
   endfacet
   facet normal 8.703513e-02 5.194521e-02 -9.948500e-01
      outer loop
         vertex 1.000000e+00 2.187053e+00 -2.088580e+01
         vertex 1.000000e+00 -1.301043e-14 -2.100000e+01
         vertex 8.263518e-01 -1.214306e-14 -2.101519e+01
      endloop
   endfacet
   facet normal 8.713284e-02 1.209625e-01 -9.888255e-01
      outer loop
         vertex 1.000000e+00 2.911955e+00 -2.079713e+01
         vertex 1.000000e+00 2.187053e+00 -2.088580e+01
         vertex 8.263518e-01 2.188635e+00 -2.090091e+01
      endloop
   endfacet
   facet normal 8.703832e-02 3.557536e-01 -9.305180e-01
      outer loop
         vertex 1.000000e+00 8.511902e+00 -1.919759e+01
         vertex 1.000000e+00 6.466274e+00 -1.997967e+01
         vertex 8.263518e-01 6.470952e+00 -1.999413e+01
      endloop
   endfacet
   facet normal 8.714289e-02 2.902202e-01 -9.529839e-01
      outer loop
         vertex 8.263518e-01 6.470952e+00 -1.999413e+01
         vertex 1.000000e+00 6.466274e+00 -1.997967e+01
         vertex 1.000000e+00 5.767647e+00 -2.019243e+01
      endloop
   endfacet
   facet normal 8.710980e-02 2.401325e-01 -9.668238e-01
      outer loop
         vertex 1.000000e+00 5.767647e+00 -2.019243e+01
         vertex 1.000000e+00 4.350320e+00 -2.054446e+01
         vertex 8.263518e-01 4.353467e+00 -2.055932e+01
      endloop
   endfacet
   facet normal 8.711000e-02 1.723588e-01 -9.811750e-01
      outer loop
         vertex 8.263518e-01 4.353467e+00 -2.055932e+01
         vertex 1.000000e+00 4.350320e+00 -2.054446e+01
         vertex 1.000000e+00 2.911955e+00 -2.079713e+01
      endloop
   endfacet
   facet normal 8.702824e-02 -5.194525e-02 -9.948506e-01
      outer loop
         vertex 1.000000e+00 -1.301043e-14 -2.100000e+01
         vertex 1.000000e+00 -2.187053e+00 -2.088580e+01
         vertex 8.263518e-01 -2.188635e+00 -2.090091e+01
      endloop
   endfacet
   facet normal 8.713284e-02 -1.209625e-01 -9.888255e-01
      outer loop
         vertex 8.263518e-01 -2.188635e+00 -2.090091e+01
         vertex 1.000000e+00 -2.187053e+00 -2.088580e+01
         vertex 1.000000e+00 -2.911955e+00 -2.079713e+01
      endloop
   endfacet
   facet normal 8.711000e-02 -1.723588e-01 -9.811750e-01
      outer loop
         vertex 1.000000e+00 -2.911955e+00 -2.079713e+01
         vertex 1.000000e+00 -4.350320e+00 -2.054446e+01
         vertex 8.263518e-01 -4.353467e+00 -2.055932e+01
      endloop
   endfacet
   facet normal 8.710980e-02 -2.401325e-01 -9.668238e-01
      outer loop
         vertex 8.263518e-01 -4.353467e+00 -2.055932e+01
         vertex 1.000000e+00 -4.350320e+00 -2.054446e+01
         vertex 1.000000e+00 -5.767647e+00 -2.019243e+01
      endloop
   endfacet
   facet normal 8.703586e-02 3.557539e-01 -9.305181e-01
      outer loop
         vertex 1.000000e+00 8.511902e+00 -1.919759e+01
         vertex 8.263518e-01 6.470952e+00 -1.999413e+01
         vertex 8.263518e-01 8.518060e+00 -1.921148e+01
      endloop
   endfacet
   facet normal 2.584886e-01 3.449725e-01 -9.023179e-01
      outer loop
         vertex 8.263518e-01 8.518060e+00 -1.921148e+01
         vertex 8.263518e-01 6.470952e+00 -1.999413e+01
         vertex 6.579799e-01 6.484844e+00 -2.003705e+01
      endloop
   endfacet
   facet normal 2.584893e-01 3.449723e-01 -9.023178e-01
      outer loop
         vertex 8.263518e-01 8.518060e+00 -1.921148e+01
         vertex 6.579799e-01 6.484844e+00 -2.003705e+01
         vertex 6.579799e-01 8.536346e+00 -1.925272e+01
      endloop
   endfacet
   facet normal 4.221441e-01 3.237296e-01 -8.467547e-01
      outer loop
         vertex 6.579799e-01 8.536346e+00 -1.925272e+01
         vertex 6.579799e-01 6.484844e+00 -2.003705e+01
         vertex 5.000000e-01 6.507527e+00 -2.010714e+01
      endloop
   endfacet
   facet normal 4.221432e-01 3.237298e-01 -8.467551e-01
      outer loop
         vertex 6.579799e-01 8.536346e+00 -1.925272e+01
         vertex 5.000000e-01 6.507527e+00 -2.010714e+01
         vertex 5.000000e-01 8.566205e+00 -1.932007e+01
      endloop
   endfacet
   facet normal 5.730538e-01 2.926572e-01 -7.654810e-01
      outer loop
         vertex 5.000000e-01 8.566205e+00 -1.932007e+01
         vertex 5.000000e-01 6.507527e+00 -2.010714e+01
         vertex 3.572124e-01 6.538313e+00 -2.020226e+01
      endloop
   endfacet
   facet normal 5.730541e-01 2.926571e-01 -7.654808e-01
      outer loop
         vertex 5.000000e-01 8.566205e+00 -1.932007e+01
         vertex 3.572124e-01 6.538313e+00 -2.020226e+01
         vertex 3.572124e-01 8.606731e+00 -1.941147e+01
      endloop
   endfacet
   facet normal 7.066258e-01 2.526859e-01 -6.609310e-01
      outer loop
         vertex 3.572124e-01 8.606731e+00 -1.941147e+01
         vertex 3.572124e-01 6.538313e+00 -2.020226e+01
         vertex 2.339556e-01 6.576266e+00 -2.031953e+01
      endloop
   endfacet
   facet normal 7.066275e-01 2.526851e-01 -6.609295e-01
      outer loop
         vertex 3.572124e-01 8.606731e+00 -1.941147e+01
         vertex 2.339556e-01 6.576266e+00 -2.031953e+01
         vertex 2.339556e-01 8.656690e+00 -1.952415e+01
      endloop
   endfacet
   facet normal 8.187852e-01 2.050162e-01 -5.362454e-01
      outer loop
         vertex 2.339556e-01 8.656690e+00 -1.952415e+01
         vertex 2.339556e-01 6.576266e+00 -2.031953e+01
         vertex 1.339746e-01 6.620233e+00 -2.045538e+01
      endloop
   endfacet
   facet normal 8.187851e-01 2.050162e-01 -5.362456e-01
      outer loop
         vertex 2.339556e-01 8.656690e+00 -1.952415e+01
         vertex 1.339746e-01 6.620233e+00 -2.045538e+01
         vertex 1.339746e-01 8.714566e+00 -1.965468e+01
      endloop
   endfacet
   facet normal 9.060874e-01 1.510894e-01 -3.951931e-01
      outer loop
         vertex 1.339746e-01 8.714566e+00 -1.965468e+01
         vertex 1.339746e-01 6.620233e+00 -2.045538e+01
         vertex 6.030738e-02 6.668878e+00 -2.060568e+01
      endloop
   endfacet
   facet normal 9.060869e-01 1.510899e-01 -3.951941e-01
      outer loop
         vertex 1.339746e-01 8.714566e+00 -1.965468e+01
         vertex 6.030738e-02 6.668878e+00 -2.060568e+01
         vertex 6.030738e-02 8.778600e+00 -1.979910e+01
      endloop
   endfacet
   facet normal 9.658376e-01 9.254409e-02 -2.420605e-01
      outer loop
         vertex 6.030738e-02 8.778600e+00 -1.979910e+01
         vertex 6.030738e-02 6.668878e+00 -2.060568e+01
         vertex 1.519225e-02 6.720723e+00 -2.076587e+01
      endloop
   endfacet
   facet normal 9.658372e-01 9.254483e-02 -2.420620e-01
      outer loop
         vertex 6.030738e-02 8.778600e+00 -1.979910e+01
         vertex 1.519225e-02 6.720723e+00 -2.076587e+01
         vertex 1.519225e-02 8.846845e+00 -1.995302e+01
      endloop
   endfacet
   facet normal 9.961844e-01 3.116626e-02 -8.151905e-02
      outer loop
         vertex 1.519225e-02 8.846845e+00 -1.995302e+01
         vertex 1.519225e-02 6.720723e+00 -2.076587e+01
         vertex -4.147996e-16 6.774192e+00 -2.093109e+01
      endloop
   endfacet
   facet normal 9.961844e-01 3.116625e-02 -8.151903e-02
      outer loop
         vertex 1.519225e-02 8.846845e+00 -1.995302e+01
         vertex -4.147996e-16 6.774192e+00 -2.093109e+01
         vertex -5.460229e-16 8.917230e+00 -2.011176e+01
      endloop
   endfacet
   facet normal -5.876675e-02 2.574431e-01 -9.645048e-01
      outer loop
         vertex 1.000000e+00 5.767647e+00 -2.019243e+01
         vertex 8.263518e-01 4.353467e+00 -2.055932e+01
         vertex 8.263518e-01 6.470952e+00 -1.999413e+01
      endloop
   endfacet
   facet normal 2.584853e-01 2.491245e-01 -9.333393e-01
      outer loop
         vertex 8.263518e-01 6.470952e+00 -1.999413e+01
         vertex 8.263518e-01 4.353467e+00 -2.055932e+01
         vertex 6.579799e-01 4.362814e+00 -2.060346e+01
      endloop
   endfacet
   facet normal 2.584886e-01 2.491240e-01 -9.333385e-01
      outer loop
         vertex 8.263518e-01 6.470952e+00 -1.999413e+01
         vertex 6.579799e-01 4.362814e+00 -2.060346e+01
         vertex 6.579799e-01 6.484844e+00 -2.003705e+01
      endloop
   endfacet
   facet normal 4.221470e-01 2.337830e-01 -8.758638e-01
      outer loop
         vertex 6.579799e-01 6.484844e+00 -2.003705e+01
         vertex 6.579799e-01 4.362814e+00 -2.060346e+01
         vertex 5.000000e-01 4.378074e+00 -2.067553e+01
      endloop
   endfacet
   facet normal 4.221442e-01 2.337836e-01 -8.758650e-01
      outer loop
         vertex 6.579799e-01 6.484844e+00 -2.003705e+01
         vertex 5.000000e-01 4.378074e+00 -2.067553e+01
         vertex 5.000000e-01 6.507527e+00 -2.010714e+01
      endloop
   endfacet
   facet normal 5.730558e-01 2.113441e-01 -7.917959e-01
      outer loop
         vertex 5.000000e-01 6.507527e+00 -2.010714e+01
         vertex 5.000000e-01 4.378074e+00 -2.067553e+01
         vertex 3.572124e-01 4.398786e+00 -2.077334e+01
      endloop
   endfacet
   facet normal 5.730537e-01 2.113447e-01 -7.917973e-01
      outer loop
         vertex 5.000000e-01 6.507527e+00 -2.010714e+01
         vertex 3.572124e-01 4.398786e+00 -2.077334e+01
         vertex 3.572124e-01 6.538313e+00 -2.020226e+01
      endloop
   endfacet
   facet normal 7.066224e-01 1.824799e-01 -6.836562e-01
      outer loop
         vertex 3.572124e-01 6.538313e+00 -2.020226e+01
         vertex 3.572124e-01 4.398786e+00 -2.077334e+01
         vertex 2.339556e-01 4.424320e+00 -2.089392e+01
      endloop
   endfacet
   facet normal 7.066259e-01 1.824787e-01 -6.836529e-01
      outer loop
         vertex 3.572124e-01 6.538313e+00 -2.020226e+01
         vertex 2.339556e-01 4.424320e+00 -2.089392e+01
         vertex 2.339556e-01 6.576266e+00 -2.031953e+01
      endloop
   endfacet
   facet normal 8.187864e-01 1.480534e-01 -5.546793e-01
      outer loop
         vertex 2.339556e-01 6.576266e+00 -2.031953e+01
         vertex 2.339556e-01 4.424320e+00 -2.089392e+01
         vertex 1.339746e-01 4.453899e+00 -2.103361e+01
      endloop
   endfacet
   facet normal 8.187852e-01 1.480539e-01 -5.546808e-01
      outer loop
         vertex 2.339556e-01 6.576266e+00 -2.031953e+01
         vertex 1.339746e-01 4.453899e+00 -2.103361e+01
         vertex 1.339746e-01 6.620233e+00 -2.045538e+01
      endloop
   endfacet
   facet normal 9.060873e-01 1.091104e-01 -4.087796e-01
      outer loop
         vertex 1.339746e-01 6.620233e+00 -2.045538e+01
         vertex 1.339746e-01 4.453899e+00 -2.103361e+01
         vertex 6.030738e-02 4.486626e+00 -2.118816e+01
      endloop
   endfacet
   facet normal 9.060874e-01 1.091103e-01 -4.087793e-01
      outer loop
         vertex 1.339746e-01 6.620233e+00 -2.045538e+01
         vertex 6.030738e-02 4.486626e+00 -2.118816e+01
         vertex 6.030738e-02 6.668878e+00 -2.060568e+01
      endloop
   endfacet
   facet normal 9.658376e-01 6.683141e-02 -2.503824e-01
      outer loop
         vertex 6.030738e-02 6.668878e+00 -2.060568e+01
         vertex 6.030738e-02 4.486626e+00 -2.118816e+01
         vertex 1.519225e-02 4.521506e+00 -2.135288e+01
      endloop
   endfacet
   facet normal 9.658376e-01 6.683133e-02 -2.503822e-01
      outer loop
         vertex 6.030738e-02 6.668878e+00 -2.060568e+01
         vertex 1.519225e-02 4.521506e+00 -2.135288e+01
         vertex 1.519225e-02 6.720723e+00 -2.076587e+01
      endloop
   endfacet
   facet normal 9.961844e-01 2.250695e-02 -8.432183e-02
      outer loop
         vertex 1.519225e-02 6.720723e+00 -2.076587e+01
         vertex 1.519225e-02 4.521506e+00 -2.135288e+01
         vertex -2.790651e-16 4.557478e+00 -2.152276e+01
      endloop
   endfacet
   facet normal 9.961844e-01 2.250687e-02 -8.432159e-02
      outer loop
         vertex 1.519225e-02 6.720723e+00 -2.076587e+01
         vertex -2.790651e-16 4.557478e+00 -2.152276e+01
         vertex -4.147996e-16 6.774192e+00 -2.093109e+01
      endloop
   endfacet
   facet normal -5.876743e-02 1.555938e-01 -9.860715e-01
      outer loop
         vertex 1.000000e+00 2.911955e+00 -2.079713e+01
         vertex 8.263518e-01 2.188635e+00 -2.090091e+01
         vertex 8.263518e-01 4.353467e+00 -2.055932e+01
      endloop
   endfacet
   facet normal 2.584975e-01 1.505657e-01 -9.542060e-01
      outer loop
         vertex 8.263518e-01 4.353467e+00 -2.055932e+01
         vertex 8.263518e-01 2.188635e+00 -2.090091e+01
         vertex 6.579799e-01 2.193334e+00 -2.094578e+01
      endloop
   endfacet
   facet normal 2.584850e-01 1.505672e-01 -9.542091e-01
      outer loop
         vertex 8.263518e-01 4.353467e+00 -2.055932e+01
         vertex 6.579799e-01 2.193334e+00 -2.094578e+01
         vertex 6.579799e-01 4.362814e+00 -2.060346e+01
      endloop
   endfacet
   facet normal 4.221397e-01 1.412957e-01 -8.954516e-01
      outer loop
         vertex 6.579799e-01 4.362814e+00 -2.060346e+01
         vertex 6.579799e-01 2.193334e+00 -2.094578e+01
         vertex 5.000000e-01 2.201006e+00 -2.101905e+01
      endloop
   endfacet
   facet normal 4.221471e-01 1.412946e-01 -8.954483e-01
      outer loop
         vertex 6.579799e-01 4.362814e+00 -2.060346e+01
         vertex 5.000000e-01 2.201006e+00 -2.101905e+01
         vertex 5.000000e-01 4.378074e+00 -2.067553e+01
      endloop
   endfacet
   facet normal 5.730525e-01 1.277331e-01 -8.095030e-01
      outer loop
         vertex 5.000000e-01 4.378074e+00 -2.067553e+01
         vertex 5.000000e-01 2.201006e+00 -2.101905e+01
         vertex 3.572124e-01 2.211418e+00 -2.111849e+01
      endloop
   endfacet
   facet normal 5.730560e-01 1.277324e-01 -8.095007e-01
      outer loop
         vertex 5.000000e-01 4.378074e+00 -2.067553e+01
         vertex 3.572124e-01 2.211418e+00 -2.111849e+01
         vertex 3.572124e-01 4.398786e+00 -2.077334e+01
      endloop
   endfacet
   facet normal 7.066298e-01 1.102862e-01 -6.989359e-01
      outer loop
         vertex 3.572124e-01 4.398786e+00 -2.077334e+01
         vertex 3.572124e-01 2.211418e+00 -2.111849e+01
         vertex 2.339556e-01 2.224255e+00 -2.124107e+01
      endloop
   endfacet
   facet normal 7.066224e-01 1.102881e-01 -6.989430e-01
      outer loop
         vertex 3.572124e-01 4.398786e+00 -2.077334e+01
         vertex 2.339556e-01 2.224255e+00 -2.124107e+01
         vertex 2.339556e-01 4.424320e+00 -2.089392e+01
      endloop
   endfacet
   facet normal 8.187827e-01 8.948225e-02 -5.670872e-01
      outer loop
         vertex 2.339556e-01 4.424320e+00 -2.089392e+01
         vertex 2.339556e-01 2.224255e+00 -2.124107e+01
         vertex 1.339746e-01 2.239126e+00 -2.138308e+01
      endloop
   endfacet
   facet normal 8.187864e-01 8.948092e-02 -5.670820e-01
      outer loop
         vertex 2.339556e-01 4.424320e+00 -2.089392e+01
         vertex 1.339746e-01 2.239126e+00 -2.138308e+01
         vertex 1.339746e-01 4.453899e+00 -2.103361e+01
      endloop
   endfacet
   facet normal 9.060880e-01 6.594413e-02 -4.179185e-01
      outer loop
         vertex 1.339746e-01 4.453899e+00 -2.103361e+01
         vertex 1.339746e-01 2.239126e+00 -2.138308e+01
         vertex 6.030738e-02 2.255579e+00 -2.154021e+01
      endloop
   endfacet
   facet normal 9.060873e-01 6.594451e-02 -4.179200e-01
      outer loop
         vertex 1.339746e-01 4.453899e+00 -2.103361e+01
         vertex 6.030738e-02 2.255579e+00 -2.154021e+01
         vertex 6.030738e-02 4.486626e+00 -2.118816e+01
      endloop
   endfacet
   facet normal 9.658373e-01 4.039195e-02 -2.559820e-01
      outer loop
         vertex 6.030738e-02 4.486626e+00 -2.118816e+01
         vertex 6.030738e-02 2.255579e+00 -2.154021e+01
         vertex 1.519225e-02 2.273114e+00 -2.170766e+01
      endloop
   endfacet
   facet normal 9.658376e-01 4.039174e-02 -2.559811e-01
      outer loop
         vertex 6.030738e-02 4.486626e+00 -2.118816e+01
         vertex 1.519225e-02 2.273114e+00 -2.170766e+01
         vertex 1.519225e-02 4.521506e+00 -2.135288e+01
      endloop
   endfacet
   facet normal 9.961844e-01 1.360272e-02 -8.620669e-02
      outer loop
         vertex 1.519225e-02 4.521506e+00 -2.135288e+01
         vertex 1.519225e-02 2.273114e+00 -2.170766e+01
         vertex -1.402955e-16 2.291199e+00 -2.188037e+01
      endloop
   endfacet
   facet normal 9.961844e-01 1.360286e-02 -8.620728e-02
      outer loop
         vertex 1.519225e-02 4.521506e+00 -2.135288e+01
         vertex -1.402955e-16 2.291199e+00 -2.188037e+01
         vertex -2.790651e-16 4.557478e+00 -2.152276e+01
      endloop
   endfacet
   facet normal 8.702824e-02 5.194580e-02 -9.948506e-01
      outer loop
         vertex 1.000000e+00 2.187053e+00 -2.088580e+01
         vertex 8.263518e-01 -1.214306e-14 -2.101519e+01
         vertex 8.263518e-01 2.188635e+00 -2.090091e+01
      endloop
   endfacet
   facet normal 2.584905e-01 5.037147e-02 -9.646996e-01
      outer loop
         vertex 8.263518e-01 2.188635e+00 -2.090091e+01
         vertex 8.263518e-01 -1.214306e-14 -2.101519e+01
         vertex 6.579799e-01 -1.301043e-14 -2.106031e+01
      endloop
   endfacet
   facet normal 2.584976e-01 5.037079e-02 -9.646978e-01
      outer loop
         vertex 8.263518e-01 2.188635e+00 -2.090091e+01
         vertex 6.579799e-01 -1.301043e-14 -2.106031e+01
         vertex 6.579799e-01 2.193334e+00 -2.094578e+01
      endloop
   endfacet
   facet normal 4.221478e-01 4.726907e-02 -9.052938e-01
      outer loop
         vertex 6.579799e-01 2.193334e+00 -2.094578e+01
         vertex 6.579799e-01 -1.301043e-14 -2.106031e+01
         vertex 5.000000e-01 -1.214306e-14 -2.113397e+01
      endloop
   endfacet
   facet normal 4.221396e-01 4.726998e-02 -9.052976e-01
      outer loop
         vertex 6.579799e-01 2.193334e+00 -2.094578e+01
         vertex 5.000000e-01 -1.214306e-14 -2.113397e+01
         vertex 5.000000e-01 2.201006e+00 -2.101905e+01
      endloop
   endfacet
   facet normal 5.730533e-01 4.273280e-02 -8.184032e-01
      outer loop
         vertex 5.000000e-01 2.201006e+00 -2.101905e+01
         vertex 5.000000e-01 -1.214306e-14 -2.113397e+01
         vertex 3.572124e-01 -1.387779e-14 -2.123396e+01
      endloop
   endfacet
   facet normal 5.730525e-01 4.273291e-02 -8.184037e-01
      outer loop
         vertex 5.000000e-01 2.201006e+00 -2.101905e+01
         vertex 3.572124e-01 -1.387779e-14 -2.123396e+01
         vertex 3.572124e-01 2.211418e+00 -2.111849e+01
      endloop
   endfacet
   facet normal 7.066253e-01 3.689641e-02 -7.066254e-01
      outer loop
         vertex 3.572124e-01 2.211418e+00 -2.111849e+01
         vertex 3.572124e-01 -1.387779e-14 -2.123396e+01
         vertex 2.339556e-01 -1.387779e-14 -2.135721e+01
      endloop
   endfacet
   facet normal 7.066298e-01 3.689567e-02 -7.066209e-01
      outer loop
         vertex 3.572124e-01 2.211418e+00 -2.111849e+01
         vertex 2.339556e-01 -1.387779e-14 -2.135721e+01
         vertex 2.339556e-01 2.224255e+00 -2.124107e+01
      endloop
   endfacet
   facet normal 8.187867e-01 2.993531e-02 -5.733169e-01
      outer loop
         vertex 2.339556e-01 2.224255e+00 -2.124107e+01
         vertex 2.339556e-01 -1.387779e-14 -2.135721e+01
         vertex 1.339746e-01 -1.387779e-14 -2.150000e+01
      endloop
   endfacet
   facet normal 8.187826e-01 2.993615e-02 -5.733226e-01
      outer loop
         vertex 2.339556e-01 2.224255e+00 -2.124107e+01
         vertex 1.339746e-01 -1.387779e-14 -2.150000e+01
         vertex 1.339746e-01 2.239126e+00 -2.138308e+01
      endloop
   endfacet
   facet normal 9.060857e-01 2.206189e-02 -4.225186e-01
      outer loop
         vertex 1.339746e-01 2.239126e+00 -2.138308e+01
         vertex 1.339746e-01 -1.387779e-14 -2.150000e+01
         vertex 6.030738e-02 -1.214306e-14 -2.165798e+01
      endloop
   endfacet
   facet normal 9.060880e-01 2.206120e-02 -4.225137e-01
      outer loop
         vertex 1.339746e-01 2.239126e+00 -2.138308e+01
         vertex 6.030738e-02 -1.214306e-14 -2.165798e+01
         vertex 6.030738e-02 2.255579e+00 -2.154021e+01
      endloop
   endfacet
   facet normal 9.658376e-01 1.351279e-02 -2.587954e-01
      outer loop
         vertex 6.030738e-02 2.255579e+00 -2.154021e+01
         vertex 6.030738e-02 -1.214306e-14 -2.165798e+01
         vertex 1.519225e-02 -1.387779e-14 -2.182635e+01
      endloop
   endfacet
   facet normal 9.658373e-01 1.351295e-02 -2.587966e-01
      outer loop
         vertex 6.030738e-02 2.255579e+00 -2.154021e+01
         vertex 1.519225e-02 -1.387779e-14 -2.182635e+01
         vertex 1.519225e-02 2.273114e+00 -2.170766e+01
      endloop
   endfacet
   facet normal 9.961844e-01 4.550734e-03 -8.715452e-02
      outer loop
         vertex 1.519225e-02 2.273114e+00 -2.170766e+01
         vertex 1.519225e-02 -1.387779e-14 -2.182635e+01
         vertex 8.666685e-31 -1.040834e-14 -2.200000e+01
      endloop
   endfacet
   facet normal 9.961844e-01 4.550739e-03 -8.715456e-02
      outer loop
         vertex 1.519225e-02 2.273114e+00 -2.170766e+01
         vertex 8.666685e-31 -1.040834e-14 -2.200000e+01
         vertex -1.402955e-16 2.291199e+00 -2.188037e+01
      endloop
   endfacet
   facet normal 8.703513e-02 -5.194576e-02 -9.948500e-01
      outer loop
         vertex 1.000000e+00 -1.301043e-14 -2.100000e+01
         vertex 8.263518e-01 -2.188635e+00 -2.090091e+01
         vertex 8.263518e-01 -1.214306e-14 -2.101519e+01
      endloop
   endfacet
   facet normal 2.584976e-01 -5.037137e-02 -9.646977e-01
      outer loop
         vertex 8.263518e-01 -1.214306e-14 -2.101519e+01
         vertex 8.263518e-01 -2.188635e+00 -2.090091e+01
         vertex 6.579799e-01 -2.193334e+00 -2.094578e+01
      endloop
   endfacet
   facet normal 2.584905e-01 -5.037089e-02 -9.646997e-01
      outer loop
         vertex 8.263518e-01 -1.214306e-14 -2.101519e+01
         vertex 6.579799e-01 -2.193334e+00 -2.094578e+01
         vertex 6.579799e-01 -1.301043e-14 -2.106031e+01
      endloop
   endfacet
   facet normal 4.221396e-01 -4.726927e-02 -9.052976e-01
      outer loop
         vertex 6.579799e-01 -1.301043e-14 -2.106031e+01
         vertex 6.579799e-01 -2.193334e+00 -2.094578e+01
         vertex 5.000000e-01 -2.201006e+00 -2.101905e+01
      endloop
   endfacet
   facet normal 4.221478e-01 -4.726978e-02 -9.052938e-01
      outer loop
         vertex 6.579799e-01 -1.301043e-14 -2.106031e+01
         vertex 5.000000e-01 -2.201006e+00 -2.101905e+01
         vertex 5.000000e-01 -1.214306e-14 -2.113397e+01
      endloop
   endfacet
   facet normal 5.730525e-01 -4.273283e-02 -8.184037e-01
      outer loop
         vertex 5.000000e-01 -1.214306e-14 -2.113397e+01
         vertex 5.000000e-01 -2.201006e+00 -2.101905e+01
         vertex 3.572124e-01 -2.211418e+00 -2.111849e+01
      endloop
   endfacet
   facet normal 5.730533e-01 -4.273288e-02 -8.184032e-01
      outer loop
         vertex 5.000000e-01 -1.214306e-14 -2.113397e+01
         vertex 3.572124e-01 -2.211418e+00 -2.111849e+01
         vertex 3.572124e-01 -1.387779e-14 -2.123396e+01
      endloop
   endfacet
   facet normal 7.066298e-01 -3.689617e-02 -7.066208e-01
      outer loop
         vertex 3.572124e-01 -1.387779e-14 -2.123396e+01
         vertex 3.572124e-01 -2.211418e+00 -2.111849e+01
         vertex 2.339556e-01 -2.224255e+00 -2.124107e+01
      endloop
   endfacet
   facet normal 7.066253e-01 -3.689591e-02 -7.066254e-01
      outer loop
         vertex 3.572124e-01 -1.387779e-14 -2.123396e+01
         vertex 2.339556e-01 -2.224255e+00 -2.124107e+01
         vertex 2.339556e-01 -1.387779e-14 -2.135721e+01
      endloop
   endfacet
   facet normal 8.187826e-01 -2.993561e-02 -5.733226e-01
      outer loop
         vertex 2.339556e-01 -1.387779e-14 -2.135721e+01
         vertex 2.339556e-01 -2.224255e+00 -2.124107e+01
         vertex 1.339746e-01 -2.239126e+00 -2.138308e+01
      endloop
   endfacet
   facet normal 8.187866e-01 -2.993585e-02 -5.733169e-01
      outer loop
         vertex 2.339556e-01 -1.387779e-14 -2.135721e+01
         vertex 1.339746e-01 -2.239126e+00 -2.138308e+01
         vertex 1.339746e-01 -1.387779e-14 -2.150000e+01
      endloop
   endfacet
   facet normal 9.060880e-01 -2.206163e-02 -4.225136e-01
      outer loop
         vertex 1.339746e-01 -1.387779e-14 -2.150000e+01
         vertex 1.339746e-01 -2.239126e+00 -2.138308e+01
         vertex 6.030738e-02 -2.255579e+00 -2.154021e+01
      endloop
   endfacet
   facet normal 9.060857e-01 -2.206146e-02 -4.225186e-01
      outer loop
         vertex 1.339746e-01 -1.387779e-14 -2.150000e+01
         vertex 6.030738e-02 -2.255579e+00 -2.154021e+01
         vertex 6.030738e-02 -1.214306e-14 -2.165798e+01
      endloop
   endfacet
   facet normal 9.658373e-01 -1.351285e-02 -2.587966e-01
      outer loop
         vertex 6.030738e-02 -1.214306e-14 -2.165798e+01
         vertex 6.030738e-02 -2.255579e+00 -2.154021e+01
         vertex 1.519225e-02 -2.273114e+00 -2.170766e+01
      endloop
   endfacet
   facet normal 9.658376e-01 -1.351289e-02 -2.587954e-01
      outer loop
         vertex 6.030738e-02 -1.214306e-14 -2.165798e+01
         vertex 1.519225e-02 -2.273114e+00 -2.170766e+01
         vertex 1.519225e-02 -1.387779e-14 -2.182635e+01
      endloop
   endfacet
   facet normal 9.961844e-01 -4.550736e-03 -8.715456e-02
      outer loop
         vertex 1.519225e-02 -1.387779e-14 -2.182635e+01
         vertex 1.519225e-02 -2.273114e+00 -2.170766e+01
         vertex 1.402955e-16 -2.291199e+00 -2.188037e+01
      endloop
   endfacet
   facet normal 9.961844e-01 -4.550737e-03 -8.715452e-02
      outer loop
         vertex 1.519225e-02 -1.387779e-14 -2.182635e+01
         vertex 1.402955e-16 -2.291199e+00 -2.188037e+01
         vertex 8.666685e-31 -1.040834e-14 -2.200000e+01
      endloop
   endfacet
   facet normal -5.876743e-02 -1.555938e-01 -9.860715e-01
      outer loop
         vertex 1.000000e+00 -2.911955e+00 -2.079713e+01
         vertex 8.263518e-01 -4.353467e+00 -2.055932e+01
         vertex 8.263518e-01 -2.188635e+00 -2.090091e+01
      endloop
   endfacet
   facet normal 2.584850e-01 -1.505662e-01 -9.542093e-01
      outer loop
         vertex 8.263518e-01 -2.188635e+00 -2.090091e+01
         vertex 8.263518e-01 -4.353467e+00 -2.055932e+01
         vertex 6.579799e-01 -4.362814e+00 -2.060346e+01
      endloop
   endfacet
   facet normal 2.584975e-01 -1.505667e-01 -9.542058e-01
      outer loop
         vertex 8.263518e-01 -2.188635e+00 -2.090091e+01
         vertex 6.579799e-01 -4.362814e+00 -2.060346e+01
         vertex 6.579799e-01 -2.193334e+00 -2.094578e+01
      endloop
   endfacet
   facet normal 4.221471e-01 -1.412952e-01 -8.954482e-01
      outer loop
         vertex 6.579799e-01 -2.193334e+00 -2.094578e+01
         vertex 6.579799e-01 -4.362814e+00 -2.060346e+01
         vertex 5.000000e-01 -4.378074e+00 -2.067553e+01
      endloop
   endfacet
   facet normal 4.221398e-01 -1.412951e-01 -8.954517e-01
      outer loop
         vertex 6.579799e-01 -2.193334e+00 -2.094578e+01
         vertex 5.000000e-01 -4.378074e+00 -2.067553e+01
         vertex 5.000000e-01 -2.201006e+00 -2.101905e+01
      endloop
   endfacet
   facet normal 5.730560e-01 -1.277327e-01 -8.095006e-01
      outer loop
         vertex 5.000000e-01 -2.201006e+00 -2.101905e+01
         vertex 5.000000e-01 -4.378074e+00 -2.067553e+01
         vertex 3.572124e-01 -4.398786e+00 -2.077334e+01
      endloop
   endfacet
   facet normal 5.730525e-01 -1.277328e-01 -8.095030e-01
      outer loop
         vertex 5.000000e-01 -2.201006e+00 -2.101905e+01
         vertex 3.572124e-01 -4.398786e+00 -2.077334e+01
         vertex 3.572124e-01 -2.211418e+00 -2.111849e+01
      endloop
   endfacet
   facet normal 7.066224e-01 -1.102873e-01 -6.989431e-01
      outer loop
         vertex 3.572124e-01 -2.211418e+00 -2.111849e+01
         vertex 3.572124e-01 -4.398786e+00 -2.077334e+01
         vertex 2.339556e-01 -4.424320e+00 -2.089392e+01
      endloop
   endfacet
   facet normal 7.066297e-01 -1.102870e-01 -6.989358e-01
      outer loop
         vertex 3.572124e-01 -2.211418e+00 -2.111849e+01
         vertex 2.339556e-01 -4.424320e+00 -2.089392e+01
         vertex 2.339556e-01 -2.224255e+00 -2.124107e+01
      endloop
   endfacet
   facet normal 8.187864e-01 -8.948142e-02 -5.670820e-01
      outer loop
         vertex 2.339556e-01 -2.224255e+00 -2.124107e+01
         vertex 2.339556e-01 -4.424320e+00 -2.089392e+01
         vertex 1.339746e-01 -4.453899e+00 -2.103361e+01
      endloop
   endfacet
   facet normal 8.187827e-01 -8.948175e-02 -5.670873e-01
      outer loop
         vertex 2.339556e-01 -2.224255e+00 -2.124107e+01
         vertex 1.339746e-01 -4.453899e+00 -2.103361e+01
         vertex 1.339746e-01 -2.239126e+00 -2.138308e+01
      endloop
   endfacet
   facet normal 9.060873e-01 -6.594437e-02 -4.179200e-01
      outer loop
         vertex 1.339746e-01 -2.239126e+00 -2.138308e+01
         vertex 1.339746e-01 -4.453899e+00 -2.103361e+01
         vertex 6.030738e-02 -4.486626e+00 -2.118816e+01
      endloop
   endfacet
   facet normal 9.060880e-01 -6.594426e-02 -4.179185e-01
      outer loop
         vertex 1.339746e-01 -2.239126e+00 -2.138308e+01
         vertex 6.030738e-02 -4.486626e+00 -2.118816e+01
         vertex 6.030738e-02 -2.255579e+00 -2.154021e+01
      endloop
   endfacet
   facet normal 9.658376e-01 -4.039181e-02 -2.559811e-01
      outer loop
         vertex 6.030738e-02 -2.255579e+00 -2.154021e+01
         vertex 6.030738e-02 -4.486626e+00 -2.118816e+01
         vertex 1.519225e-02 -4.521506e+00 -2.135288e+01
      endloop
   endfacet
   facet normal 9.658373e-01 -4.039188e-02 -2.559820e-01
      outer loop
         vertex 6.030738e-02 -2.255579e+00 -2.154021e+01
         vertex 1.519225e-02 -4.521506e+00 -2.135288e+01
         vertex 1.519225e-02 -2.273114e+00 -2.170766e+01
      endloop
   endfacet
   facet normal 9.961844e-01 -1.360281e-02 -8.620729e-02
      outer loop
         vertex 1.519225e-02 -2.273114e+00 -2.170766e+01
         vertex 1.519225e-02 -4.521506e+00 -2.135288e+01
         vertex 2.790651e-16 -4.557478e+00 -2.152276e+01
      endloop
   endfacet
   facet normal 9.961844e-01 -1.360276e-02 -8.620668e-02
      outer loop
         vertex 1.519225e-02 -2.273114e+00 -2.170766e+01
         vertex 2.790651e-16 -4.557478e+00 -2.152276e+01
         vertex 1.402955e-16 -2.291199e+00 -2.188037e+01
      endloop
   endfacet
   facet normal -5.876675e-02 -2.574431e-01 -9.645048e-01
      outer loop
         vertex 1.000000e+00 -5.767647e+00 -2.019243e+01
         vertex 8.263518e-01 -6.470952e+00 -1.999413e+01
         vertex 8.263518e-01 -4.353467e+00 -2.055932e+01
      endloop
   endfacet
   facet normal 2.584886e-01 -2.491243e-01 -9.333385e-01
      outer loop
         vertex 8.263518e-01 -4.353467e+00 -2.055932e+01
         vertex 8.263518e-01 -6.470952e+00 -1.999413e+01
         vertex 6.579799e-01 -6.484844e+00 -2.003705e+01
      endloop
   endfacet
   facet normal 2.584853e-01 -2.491243e-01 -9.333394e-01
      outer loop
         vertex 8.263518e-01 -4.353467e+00 -2.055932e+01
         vertex 6.579799e-01 -6.484844e+00 -2.003705e+01
         vertex 6.579799e-01 -4.362814e+00 -2.060346e+01
      endloop
   endfacet
   facet normal 4.221442e-01 -2.337834e-01 -8.758651e-01
      outer loop
         vertex 6.579799e-01 -4.362814e+00 -2.060346e+01
         vertex 6.579799e-01 -6.484844e+00 -2.003705e+01
         vertex 5.000000e-01 -6.507527e+00 -2.010714e+01
      endloop
   endfacet
   facet normal 4.221470e-01 -2.337833e-01 -8.758637e-01
      outer loop
         vertex 6.579799e-01 -4.362814e+00 -2.060346e+01
         vertex 5.000000e-01 -6.507527e+00 -2.010714e+01
         vertex 5.000000e-01 -4.378074e+00 -2.067553e+01
      endloop
   endfacet
   facet normal 5.730537e-01 -2.113445e-01 -7.917973e-01
      outer loop
         vertex 5.000000e-01 -4.378074e+00 -2.067553e+01
         vertex 5.000000e-01 -6.507527e+00 -2.010714e+01
         vertex 3.572124e-01 -6.538313e+00 -2.020226e+01
      endloop
   endfacet
   facet normal 5.730558e-01 -2.113443e-01 -7.917958e-01
      outer loop
         vertex 5.000000e-01 -4.378074e+00 -2.067553e+01
         vertex 3.572124e-01 -6.538313e+00 -2.020226e+01
         vertex 3.572124e-01 -4.398786e+00 -2.077334e+01
      endloop
   endfacet
   facet normal 7.066259e-01 -1.824790e-01 -6.836528e-01
      outer loop
         vertex 3.572124e-01 -4.398786e+00 -2.077334e+01
         vertex 3.572124e-01 -6.538313e+00 -2.020226e+01
         vertex 2.339556e-01 -6.576266e+00 -2.031953e+01
      endloop
   endfacet
   facet normal 7.066224e-01 -1.824796e-01 -6.836563e-01
      outer loop
         vertex 3.572124e-01 -4.398786e+00 -2.077334e+01
         vertex 2.339556e-01 -6.576266e+00 -2.031953e+01
         vertex 2.339556e-01 -4.424320e+00 -2.089392e+01
      endloop
   endfacet
   facet normal 8.187852e-01 -1.480538e-01 -5.546808e-01
      outer loop
         vertex 2.339556e-01 -4.424320e+00 -2.089392e+01
         vertex 2.339556e-01 -6.576266e+00 -2.031953e+01
         vertex 1.339746e-01 -6.620233e+00 -2.045538e+01
      endloop
   endfacet
   facet normal 8.187864e-01 -1.480535e-01 -5.546792e-01
      outer loop
         vertex 2.339556e-01 -4.424320e+00 -2.089392e+01
         vertex 1.339746e-01 -6.620233e+00 -2.045538e+01
         vertex 1.339746e-01 -4.453899e+00 -2.103361e+01
      endloop
   endfacet
   facet normal 9.060874e-01 -1.091103e-01 -4.087793e-01
      outer loop
         vertex 1.339746e-01 -4.453899e+00 -2.103361e+01
         vertex 1.339746e-01 -6.620233e+00 -2.045538e+01
         vertex 6.030738e-02 -6.668878e+00 -2.060568e+01
      endloop
   endfacet
   facet normal 9.060873e-01 -1.091104e-01 -4.087796e-01
      outer loop
         vertex 1.339746e-01 -4.453899e+00 -2.103361e+01
         vertex 6.030738e-02 -6.668878e+00 -2.060568e+01
         vertex 6.030738e-02 -4.486626e+00 -2.118816e+01
      endloop
   endfacet
   facet normal 9.658376e-01 -6.683135e-02 -2.503822e-01
      outer loop
         vertex 6.030738e-02 -4.486626e+00 -2.118816e+01
         vertex 6.030738e-02 -6.668878e+00 -2.060568e+01
         vertex 1.519225e-02 -6.720723e+00 -2.076587e+01
      endloop
   endfacet
   facet normal 9.658376e-01 -6.683139e-02 -2.503824e-01
      outer loop
         vertex 6.030738e-02 -4.486626e+00 -2.118816e+01
         vertex 1.519225e-02 -6.720723e+00 -2.076587e+01
         vertex 1.519225e-02 -4.521506e+00 -2.135288e+01
      endloop
   endfacet
   facet normal 9.961844e-01 -2.250689e-02 -8.432158e-02
      outer loop
         vertex 1.519225e-02 -4.521506e+00 -2.135288e+01
         vertex 1.519225e-02 -6.720723e+00 -2.076587e+01
         vertex 4.147996e-16 -6.774192e+00 -2.093109e+01
      endloop
   endfacet
   facet normal 9.961844e-01 -2.250693e-02 -8.432184e-02
      outer loop
         vertex 1.519225e-02 -4.521506e+00 -2.135288e+01
         vertex 4.147996e-16 -6.774192e+00 -2.093109e+01
         vertex 2.790651e-16 -4.557478e+00 -2.152276e+01
      endloop
   endfacet
   facet normal 8.703832e-02 -3.557538e-01 -9.305179e-01
      outer loop
         vertex 1.000000e+00 -6.466274e+00 -1.997967e+01
         vertex 8.263518e-01 -8.518060e+00 -1.921148e+01
         vertex 8.263518e-01 -6.470952e+00 -1.999413e+01
      endloop
   endfacet
   facet normal 2.584893e-01 -3.449724e-01 -9.023177e-01
      outer loop
         vertex 8.263518e-01 -6.470952e+00 -1.999413e+01
         vertex 8.263518e-01 -8.518060e+00 -1.921148e+01
         vertex 6.579799e-01 -8.536346e+00 -1.925272e+01
      endloop
   endfacet
   facet normal 2.584886e-01 -3.449724e-01 -9.023179e-01
      outer loop
         vertex 8.263518e-01 -6.470952e+00 -1.999413e+01
         vertex 6.579799e-01 -8.536346e+00 -1.925272e+01
         vertex 6.579799e-01 -6.484844e+00 -2.003705e+01
      endloop
   endfacet
   facet normal 4.221432e-01 -3.237297e-01 -8.467551e-01
      outer loop
         vertex 6.579799e-01 -6.484844e+00 -2.003705e+01
         vertex 6.579799e-01 -8.536346e+00 -1.925272e+01
         vertex 5.000000e-01 -8.566205e+00 -1.932007e+01
      endloop
   endfacet
   facet normal 4.221441e-01 -3.237296e-01 -8.467546e-01
      outer loop
         vertex 6.579799e-01 -6.484844e+00 -2.003705e+01
         vertex 5.000000e-01 -8.566205e+00 -1.932007e+01
         vertex 5.000000e-01 -6.507527e+00 -2.010714e+01
      endloop
   endfacet
   facet normal 5.730541e-01 -2.926572e-01 -7.654808e-01
      outer loop
         vertex 5.000000e-01 -6.507527e+00 -2.010714e+01
         vertex 5.000000e-01 -8.566205e+00 -1.932007e+01
         vertex 3.572124e-01 -8.606731e+00 -1.941147e+01
      endloop
   endfacet
   facet normal 5.730538e-01 -2.926572e-01 -7.654810e-01
      outer loop
         vertex 5.000000e-01 -6.507527e+00 -2.010714e+01
         vertex 3.572124e-01 -8.606731e+00 -1.941147e+01
         vertex 3.572124e-01 -6.538313e+00 -2.020226e+01
      endloop
   endfacet
   facet normal 7.066275e-01 -2.526853e-01 -6.609295e-01
      outer loop
         vertex 3.572124e-01 -6.538313e+00 -2.020226e+01
         vertex 3.572124e-01 -8.606731e+00 -1.941147e+01
         vertex 2.339556e-01 -8.656690e+00 -1.952415e+01
      endloop
   endfacet
   facet normal 7.066258e-01 -2.526857e-01 -6.609311e-01
      outer loop
         vertex 3.572124e-01 -6.538313e+00 -2.020226e+01
         vertex 2.339556e-01 -8.656690e+00 -1.952415e+01
         vertex 2.339556e-01 -6.576266e+00 -2.031953e+01
      endloop
   endfacet
   facet normal 8.187851e-01 -2.050162e-01 -5.362456e-01
      outer loop
         vertex 2.339556e-01 -6.576266e+00 -2.031953e+01
         vertex 2.339556e-01 -8.656690e+00 -1.952415e+01
         vertex 1.339746e-01 -8.714566e+00 -1.965468e+01
      endloop
   endfacet
   facet normal 8.187852e-01 -2.050162e-01 -5.362454e-01
      outer loop
         vertex 2.339556e-01 -6.576266e+00 -2.031953e+01
         vertex 1.339746e-01 -8.714566e+00 -1.965468e+01
         vertex 1.339746e-01 -6.620233e+00 -2.045538e+01
      endloop
   endfacet
   facet normal 9.060869e-01 -1.510898e-01 -3.951941e-01
      outer loop
         vertex 1.339746e-01 -6.620233e+00 -2.045538e+01
         vertex 1.339746e-01 -8.714566e+00 -1.965468e+01
         vertex 6.030738e-02 -8.778600e+00 -1.979910e+01
      endloop
   endfacet
   facet normal 9.060874e-01 -1.510895e-01 -3.951931e-01
      outer loop
         vertex 1.339746e-01 -6.620233e+00 -2.045538e+01
         vertex 6.030738e-02 -8.778600e+00 -1.979910e+01
         vertex 6.030738e-02 -6.668878e+00 -2.060568e+01
      endloop
   endfacet
   facet normal 9.658372e-01 -9.254470e-02 -2.420621e-01
      outer loop
         vertex 6.030738e-02 -6.668878e+00 -2.060568e+01
         vertex 6.030738e-02 -8.778600e+00 -1.979910e+01
         vertex 1.519225e-02 -8.846845e+00 -1.995302e+01
      endloop
   endfacet
   facet normal 9.658376e-01 -9.254422e-02 -2.420604e-01
      outer loop
         vertex 6.030738e-02 -6.668878e+00 -2.060568e+01
         vertex 1.519225e-02 -8.846845e+00 -1.995302e+01
         vertex 1.519225e-02 -6.720723e+00 -2.076587e+01
      endloop
   endfacet
   facet normal 9.961844e-01 -3.116625e-02 -8.151903e-02
      outer loop
         vertex 1.519225e-02 -6.720723e+00 -2.076587e+01
         vertex 1.519225e-02 -8.846845e+00 -1.995302e+01
         vertex 5.460229e-16 -8.917230e+00 -2.011176e+01
      endloop
   endfacet
   facet normal 9.961844e-01 -3.116626e-02 -8.151905e-02
      outer loop
         vertex 1.519225e-02 -6.720723e+00 -2.076587e+01
         vertex 5.460229e-16 -8.917230e+00 -2.011176e+01
         vertex 4.147996e-16 -6.774192e+00 -2.093109e+01
      endloop
   endfacet
   facet normal 8.715806e-02 9.905756e-01 1.056570e-01
      outer loop
         vertex 1.000000e+00 -1.271097e+01 -2.225829e+01
         vertex 1.000000e+00 -5.897571e+00 -8.613653e+01
         vertex 8.263518e-01 -1.269586e+01 -2.225668e+01
      endloop
   endfacet
   facet normal 8.715430e-02 9.905760e-01 1.056570e-01
      outer loop
         vertex 8.263518e-01 -1.269586e+01 -2.225668e+01
         vertex 1.000000e+00 -5.897571e+00 -8.613653e+01
         vertex 8.263518e-01 -5.882464e+00 -8.613493e+01
      endloop
   endfacet
   facet normal 2.588203e-01 9.604773e-01 1.024466e-01
      outer loop
         vertex 8.263518e-01 -1.269586e+01 -2.225668e+01
         vertex 8.263518e-01 -5.882464e+00 -8.613493e+01
         vertex 6.579799e-01 -1.265100e+01 -2.225189e+01
      endloop
   endfacet
   facet normal 2.588192e-01 9.604776e-01 1.024467e-01
      outer loop
         vertex 6.579799e-01 -1.265100e+01 -2.225189e+01
         vertex 8.263518e-01 -5.882464e+00 -8.613493e+01
         vertex 6.579799e-01 -5.837603e+00 -8.613014e+01
      endloop
   endfacet
   facet normal 4.226167e-01 9.011966e-01 9.612363e-02
      outer loop
         vertex 6.579799e-01 -1.265100e+01 -2.225189e+01
         vertex 6.579799e-01 -5.837603e+00 -8.613014e+01
         vertex 5.000000e-01 -1.257775e+01 -2.224408e+01
      endloop
   endfacet
   facet normal 4.226199e-01 9.011952e-01 9.612348e-02
      outer loop
         vertex 5.000000e-01 -1.257775e+01 -2.224408e+01
         vertex 6.579799e-01 -5.837603e+00 -8.613014e+01
         vertex 5.000000e-01 -5.764352e+00 -8.612233e+01
      endloop
   endfacet
   facet normal 5.735755e-01 8.145324e-01 8.687984e-02
      outer loop
         vertex 5.000000e-01 -1.257775e+01 -2.224408e+01
         vertex 5.000000e-01 -5.764352e+00 -8.612233e+01
         vertex 3.572124e-01 -1.247833e+01 -2.223347e+01
      endloop
   endfacet
   facet normal 5.735748e-01 8.145329e-01 8.687989e-02
      outer loop
         vertex 3.572124e-01 -1.247833e+01 -2.223347e+01
         vertex 5.000000e-01 -5.764352e+00 -8.612233e+01
         vertex 3.572124e-01 -5.664935e+00 -8.611172e+01
      endloop
   endfacet
   facet normal 7.071078e-01 7.031174e-01 7.499607e-02
      outer loop
         vertex 3.572124e-01 -1.247833e+01 -2.223347e+01
         vertex 3.572124e-01 -5.664935e+00 -8.611172e+01
         vertex 2.339556e-01 -1.235577e+01 -2.222040e+01
      endloop
   endfacet
   facet normal 7.071076e-01 7.031176e-01 7.499609e-02
      outer loop
         vertex 2.339556e-01 -1.235577e+01 -2.222040e+01
         vertex 3.572124e-01 -5.664935e+00 -8.611172e+01
         vertex 2.339556e-01 -5.542373e+00 -8.609865e+01
      endloop
   endfacet
   facet normal 8.191518e-01 5.703416e-01 6.083391e-02
      outer loop
         vertex 2.339556e-01 -1.235577e+01 -2.222040e+01
         vertex 2.339556e-01 -5.542373e+00 -8.609865e+01
         vertex 1.339746e-01 -1.221379e+01 -2.220526e+01
      endloop
   endfacet
   facet normal 8.191515e-01 5.703420e-01 6.083394e-02
      outer loop
         vertex 1.339746e-01 -1.221379e+01 -2.220526e+01
         vertex 2.339556e-01 -5.542373e+00 -8.609865e+01
         vertex 1.339746e-01 -5.400391e+00 -8.608351e+01
      endloop
   endfacet
   facet normal 9.063079e-01 4.202344e-01 4.482313e-02
      outer loop
         vertex 1.339746e-01 -1.221379e+01 -2.220526e+01
         vertex 1.339746e-01 -5.400391e+00 -8.608351e+01
         vertex 6.030738e-02 -1.205670e+01 -2.218850e+01
      endloop
   endfacet
   facet normal 9.063076e-01 4.202350e-01 4.482319e-02
      outer loop
         vertex 6.030738e-02 -1.205670e+01 -2.218850e+01
         vertex 1.339746e-01 -5.400391e+00 -8.608351e+01
         vertex 6.030738e-02 -5.243302e+00 -8.606675e+01
      endloop
   endfacet
   facet normal 9.659258e-01 2.573594e-01 2.745053e-02
      outer loop
         vertex 6.030738e-02 -1.205670e+01 -2.218850e+01
         vertex 6.030738e-02 -5.243302e+00 -8.606675e+01
         vertex 1.519225e-02 -1.188928e+01 -2.217064e+01
      endloop
   endfacet
   facet normal 9.659259e-01 2.573588e-01 2.745046e-02
      outer loop
         vertex 1.519225e-02 -1.188928e+01 -2.217064e+01
         vertex 6.030738e-02 -5.243302e+00 -8.606675e+01
         vertex 1.519225e-02 -5.075880e+00 -8.604889e+01
      endloop
   endfacet
   facet normal 9.961947e-01 8.666406e-02 9.243781e-03
      outer loop
         vertex 1.519225e-02 -1.188928e+01 -2.217064e+01
         vertex 1.519225e-02 -5.075880e+00 -8.604889e+01
         vertex 4.336809e-16 -1.171661e+01 -2.215223e+01
      endloop
   endfacet
   facet normal 9.961947e-01 8.666419e-02 9.243795e-03
      outer loop
         vertex 4.336809e-16 -1.171661e+01 -2.215223e+01
         vertex 1.519225e-02 -5.075880e+00 -8.604889e+01
         vertex 0.000000e+00 -4.903211e+00 -8.603048e+01
      endloop
   endfacet
   facet normal 9.961657e-01 -2.835503e-02 -8.276370e-02
      outer loop
         vertex 6.008829e-16 -8.917230e+00 -2.011176e+01
         vertex 1.519225e-02 -8.846845e+00 -1.995302e+01
         vertex 6.210776e-16 -9.247035e+00 -1.999877e+01
      endloop
   endfacet
   facet normal 9.961657e-01 -2.835504e-02 -8.276354e-02
      outer loop
         vertex 6.210776e-16 -9.247035e+00 -1.999877e+01
         vertex 1.519225e-02 -8.846845e+00 -1.995302e+01
         vertex 1.519225e-02 -9.205285e+00 -1.983022e+01
      endloop
   endfacet
   facet normal 9.961657e-01 -1.355258e-02 -8.643005e-02
      outer loop
         vertex 6.210776e-16 -9.247035e+00 -1.999877e+01
         vertex 1.519225e-02 -9.205285e+00 -1.983022e+01
         vertex 6.421668e-16 -9.591449e+00 -1.994476e+01
      endloop
   endfacet
   facet normal 9.961658e-01 -1.355274e-02 -8.642949e-02
      outer loop
         vertex 6.421668e-16 -9.591449e+00 -1.994476e+01
         vertex 1.519225e-02 -9.205285e+00 -1.983022e+01
         vertex 1.519225e-02 -9.579603e+00 -1.977152e+01
      endloop
   endfacet
   facet normal 9.961658e-01 1.661694e-03 -8.746985e-02
      outer loop
         vertex 6.421668e-16 -9.591449e+00 -1.994476e+01
         vertex 1.519225e-02 -9.579603e+00 -1.977152e+01
         vertex 6.635100e-16 -9.940009e+00 -1.995139e+01
      endloop
   endfacet
   facet normal 9.961658e-01 1.661842e-03 -8.747015e-02
      outer loop
         vertex 6.635100e-16 -9.940009e+00 -1.995139e+01
         vertex 1.519225e-02 -9.579603e+00 -1.977152e+01
         vertex 1.519225e-02 -9.958426e+00 -1.977872e+01
      endloop
   endfacet
   facet normal 9.961658e-01 1.682498e-02 -8.585276e-02
      outer loop
         vertex 6.635100e-16 -9.940009e+00 -1.995139e+01
         vertex 1.519225e-02 -9.958426e+00 -1.977872e+01
         vertex 6.844585e-16 -1.028212e+01 -2.001843e+01
      endloop
   endfacet
   facet normal 9.961657e-01 1.682544e-02 -8.585338e-02
      outer loop
         vertex 6.844585e-16 -1.028212e+01 -2.001843e+01
         vertex 1.519225e-02 -9.958426e+00 -1.977872e+01
         vertex 1.519225e-02 -1.033024e+01 -1.985159e+01
      endloop
   endfacet
   facet normal 9.961657e-01 3.147847e-02 -8.162719e-02
      outer loop
         vertex 6.844585e-16 -1.028212e+01 -2.001843e+01
         vertex 1.519225e-02 -1.033024e+01 -1.985159e+01
         vertex 7.043758e-16 -1.060740e+01 -2.014387e+01
      endloop
   endfacet
   facet normal 9.961658e-01 3.147778e-02 -8.162653e-02
      outer loop
         vertex 7.043758e-16 -1.060740e+01 -2.014387e+01
         vertex 1.519225e-02 -1.033024e+01 -1.985159e+01
         vertex 1.519225e-02 -1.068376e+01 -1.998791e+01
      endloop
   endfacet
   facet normal 9.961658e-01 4.517377e-02 -7.492044e-02
      outer loop
         vertex 7.043758e-16 -1.060740e+01 -2.014387e+01
         vertex 1.519225e-02 -1.068376e+01 -1.998791e+01
         vertex 7.226568e-16 -1.090595e+01 -2.032388e+01
      endloop
   endfacet
   facet normal 9.961657e-01 4.517445e-02 -7.492088e-02
      outer loop
         vertex 7.226568e-16 -1.090595e+01 -2.032388e+01
         vertex 1.519225e-02 -1.068376e+01 -1.998791e+01
         vertex 1.519225e-02 -1.100823e+01 -2.018356e+01
      endloop
   endfacet
   facet normal 9.961657e-01 5.749778e-02 -6.593835e-02
      outer loop
         vertex 7.226568e-16 -1.090595e+01 -2.032388e+01
         vertex 1.519225e-02 -1.100823e+01 -2.018356e+01
         vertex 7.387460e-16 -1.116871e+01 -2.055301e+01
      endloop
   endfacet
   facet normal 9.961657e-01 5.749766e-02 -6.593830e-02
      outer loop
         vertex 7.387460e-16 -1.116871e+01 -2.055301e+01
         vertex 1.519225e-02 -1.100823e+01 -2.018356e+01
         vertex 1.519225e-02 -1.129380e+01 -2.043257e+01
      endloop
   endfacet
   facet normal 9.961657e-01 6.807418e-02 -5.495210e-02
      outer loop
         vertex 7.387460e-16 -1.116871e+01 -2.055301e+01
         vertex 1.519225e-02 -1.129380e+01 -2.043257e+01
         vertex 7.521545e-16 -1.138768e+01 -2.082427e+01
      endloop
   endfacet
   facet normal 9.961657e-01 6.807458e-02 -5.495220e-02
      outer loop
         vertex 7.521545e-16 -1.138768e+01 -2.082427e+01
         vertex 1.519225e-02 -1.129380e+01 -2.043257e+01
         vertex 1.519225e-02 -1.153179e+01 -2.072739e+01
      endloop
   endfacet
   facet normal 9.961657e-01 7.658282e-02 -4.229609e-02
      outer loop
         vertex 7.521545e-16 -1.138768e+01 -2.082427e+01
         vertex 1.519225e-02 -1.153179e+01 -2.072739e+01
         vertex 7.624750e-16 -1.155623e+01 -2.112945e+01
      endloop
   endfacet
   facet normal 9.961658e-01 7.658221e-02 -4.229606e-02
      outer loop
         vertex 7.624750e-16 -1.155623e+01 -2.112945e+01
         vertex 1.519225e-02 -1.153179e+01 -2.072739e+01
         vertex 1.519225e-02 -1.171497e+01 -2.105906e+01
      endloop
   endfacet
   facet normal 9.961657e-01 8.276344e-02 -2.835525e-02
      outer loop
         vertex 7.624750e-16 -1.155623e+01 -2.112945e+01
         vertex 1.519225e-02 -1.171497e+01 -2.105906e+01
         vertex 7.693938e-16 -1.166922e+01 -2.145925e+01
      endloop
   endfacet
   facet normal 9.961657e-01 8.276365e-02 -2.835522e-02
      outer loop
         vertex 7.693938e-16 -1.166922e+01 -2.145925e+01
         vertex 1.519225e-02 -1.171497e+01 -2.105906e+01
         vertex 1.519225e-02 -1.183778e+01 -2.141750e+01
      endloop
   endfacet
   facet normal 9.961657e-01 8.643006e-02 -1.355281e-02
      outer loop
         vertex 7.693938e-16 -1.166922e+01 -2.145925e+01
         vertex 1.519225e-02 -1.183778e+01 -2.141750e+01
         vertex 7.727007e-16 -1.172323e+01 -2.180367e+01
      endloop
   endfacet
   facet normal 9.961657e-01 8.642995e-02 -1.355285e-02
      outer loop
         vertex 7.727007e-16 -1.172323e+01 -2.180367e+01
         vertex 1.519225e-02 -1.183778e+01 -2.141750e+01
         vertex 1.519225e-02 -1.189647e+01 -2.179182e+01
      endloop
   endfacet
   facet normal 9.961657e-01 8.747032e-02 1.661699e-03
      outer loop
         vertex 7.727007e-16 -1.172323e+01 -2.180367e+01
         vertex 1.519225e-02 -1.189647e+01 -2.179182e+01
         vertex 7.722953e-16 -1.171661e+01 -2.215223e+01
      endloop
   endfacet
   facet normal 9.961658e-01 8.747019e-02 1.661632e-03
      outer loop
         vertex 7.722953e-16 -1.171661e+01 -2.215223e+01
         vertex 1.519225e-02 -1.189647e+01 -2.179182e+01
         vertex 1.519225e-02 -1.188928e+01 -2.217064e+01
      endloop
   endfacet
   facet normal 9.656778e-01 -8.418508e-02 -2.457219e-01
      outer loop
         vertex 1.519225e-02 -8.846845e+00 -1.995302e+01
         vertex 6.030738e-02 -8.778600e+00 -1.979910e+01
         vertex 1.519225e-02 -9.205285e+00 -1.983022e+01
      endloop
   endfacet
   facet normal 9.656786e-01 -8.418538e-02 -2.457188e-01
      outer loop
         vertex 1.519225e-02 -9.205285e+00 -1.983022e+01
         vertex 6.030738e-02 -8.778600e+00 -1.979910e+01
         vertex 6.030738e-02 -9.164804e+00 -1.966678e+01
      endloop
   endfacet
   facet normal 9.656786e-01 -4.023733e-02 -2.566042e-01
      outer loop
         vertex 1.519225e-02 -9.205285e+00 -1.983022e+01
         vertex 6.030738e-02 -9.164804e+00 -1.966678e+01
         vertex 1.519225e-02 -9.579603e+00 -1.977152e+01
      endloop
   endfacet
   facet normal 9.656780e-01 -4.023661e-02 -2.566068e-01
      outer loop
         vertex 1.519225e-02 -9.579603e+00 -1.977152e+01
         vertex 6.030738e-02 -9.164804e+00 -1.966678e+01
         vertex 6.030738e-02 -9.568117e+00 -1.960354e+01
      endloop
   endfacet
   facet normal 9.656780e-01 4.933944e-03 -2.596954e-01
      outer loop
         vertex 1.519225e-02 -9.579603e+00 -1.977152e+01
         vertex 6.030738e-02 -9.568117e+00 -1.960354e+01
         vertex 1.519225e-02 -9.958426e+00 -1.977872e+01
      endloop
   endfacet
   facet normal 9.656782e-01 4.933574e-03 -2.596947e-01
      outer loop
         vertex 1.519225e-02 -9.958426e+00 -1.977872e+01
         vertex 6.030738e-02 -9.568117e+00 -1.960354e+01
         vertex 6.030738e-02 -9.976284e+00 -1.961130e+01
      endloop
   endfacet
   facet normal 9.656781e-01 4.995360e-02 -2.548928e-01
      outer loop
         vertex 1.519225e-02 -9.958426e+00 -1.977872e+01
         vertex 6.030738e-02 -9.976284e+00 -1.961130e+01
         vertex 1.519225e-02 -1.033024e+01 -1.985159e+01
      endloop
   endfacet
   facet normal 9.656784e-01 4.995291e-02 -2.548919e-01
      outer loop
         vertex 1.519225e-02 -1.033024e+01 -1.985159e+01
         vertex 6.030738e-02 -9.976284e+00 -1.961130e+01
         vertex 6.030738e-02 -1.037690e+01 -1.968981e+01
      endloop
   endfacet
   facet normal 9.656785e-01 9.345590e-02 -2.423450e-01
      outer loop
         vertex 1.519225e-02 -1.033024e+01 -1.985159e+01
         vertex 6.030738e-02 -1.037690e+01 -1.968981e+01
         vertex 1.519225e-02 -1.068376e+01 -1.998791e+01
      endloop
   endfacet
   facet normal 9.656781e-01 9.345711e-02 -2.423462e-01
      outer loop
         vertex 1.519225e-02 -1.068376e+01 -1.998791e+01
         vertex 6.030738e-02 -1.037690e+01 -1.968981e+01
         vertex 6.030738e-02 -1.075780e+01 -1.983670e+01
      endloop
   endfacet
   facet normal 9.656781e-01 1.341202e-01 -2.224356e-01
      outer loop
         vertex 1.519225e-02 -1.068376e+01 -1.998791e+01
         vertex 6.030738e-02 -1.075780e+01 -1.983670e+01
         vertex 1.519225e-02 -1.100823e+01 -2.018356e+01
      endloop
   endfacet
   facet normal 9.656787e-01 1.341181e-01 -2.224341e-01
      outer loop
         vertex 1.519225e-02 -1.100823e+01 -2.018356e+01
         vertex 6.030738e-02 -1.075780e+01 -1.983670e+01
         vertex 6.030738e-02 -1.110741e+01 -2.004749e+01
      endloop
   endfacet
   facet normal 9.656787e-01 1.707059e-01 -1.957655e-01
      outer loop
         vertex 1.519225e-02 -1.100823e+01 -2.018356e+01
         vertex 6.030738e-02 -1.110741e+01 -2.004749e+01
         vertex 1.519225e-02 -1.129380e+01 -2.043257e+01
      endloop
   endfacet
   facet normal 9.656784e-01 1.707072e-01 -1.957660e-01
      outer loop
         vertex 1.519225e-02 -1.129380e+01 -2.043257e+01
         vertex 6.030738e-02 -1.110741e+01 -2.004749e+01
         vertex 6.030738e-02 -1.141510e+01 -2.031580e+01
      endloop
   endfacet
   facet normal 9.656783e-01 2.021084e-01 -1.631490e-01
      outer loop
         vertex 1.519225e-02 -1.129380e+01 -2.043257e+01
         vertex 6.030738e-02 -1.141510e+01 -2.031580e+01
         vertex 1.519225e-02 -1.153179e+01 -2.072739e+01
      endloop
   endfacet
   facet normal 9.656780e-01 2.021095e-01 -1.631493e-01
      outer loop
         vertex 1.519225e-02 -1.153179e+01 -2.072739e+01
         vertex 6.030738e-02 -1.141510e+01 -2.031580e+01
         vertex 6.030738e-02 -1.167153e+01 -2.063346e+01
      endloop
   endfacet
   facet normal 9.656780e-01 2.273694e-01 -1.255752e-01
      outer loop
         vertex 1.519225e-02 -1.153179e+01 -2.072739e+01
         vertex 6.030738e-02 -1.167153e+01 -2.063346e+01
         vertex 1.519225e-02 -1.171497e+01 -2.105906e+01
      endloop
   endfacet
   facet normal 9.656784e-01 2.273677e-01 -1.255751e-01
      outer loop
         vertex 1.519225e-02 -1.171497e+01 -2.105906e+01
         vertex 6.030738e-02 -1.167153e+01 -2.063346e+01
         vertex 6.030738e-02 -1.186890e+01 -2.099082e+01
      endloop
   endfacet
   facet normal 9.656785e-01 2.457193e-01 -8.418462e-02
      outer loop
         vertex 1.519225e-02 -1.171497e+01 -2.105906e+01
         vertex 6.030738e-02 -1.186890e+01 -2.099082e+01
         vertex 1.519225e-02 -1.183778e+01 -2.141750e+01
      endloop
   endfacet
   facet normal 9.656783e-01 2.457203e-01 -8.418452e-02
      outer loop
         vertex 1.519225e-02 -1.183778e+01 -2.141750e+01
         vertex 6.030738e-02 -1.186890e+01 -2.099082e+01
         vertex 6.030738e-02 -1.200121e+01 -2.137702e+01
      endloop
   endfacet
   facet normal 9.656783e-01 2.566055e-01 -4.023763e-02
      outer loop
         vertex 1.519225e-02 -1.183778e+01 -2.141750e+01
         vertex 6.030738e-02 -1.200121e+01 -2.137702e+01
         vertex 1.519225e-02 -1.189647e+01 -2.179182e+01
      endloop
   endfacet
   facet normal 9.656779e-01 2.566069e-01 -4.023723e-02
      outer loop
         vertex 1.519225e-02 -1.189647e+01 -2.179182e+01
         vertex 6.030738e-02 -1.200121e+01 -2.137702e+01
         vertex 6.030738e-02 -1.206445e+01 -2.178033e+01
      endloop
   endfacet
   facet normal 9.656780e-01 2.596954e-01 4.933317e-03
      outer loop
         vertex 1.519225e-02 -1.189647e+01 -2.179182e+01
         vertex 6.030738e-02 -1.206445e+01 -2.178033e+01
         vertex 1.519225e-02 -1.188928e+01 -2.217064e+01
      endloop
   endfacet
   facet normal 9.656782e-01 2.596947e-01 4.932982e-03
      outer loop
         vertex 1.519225e-02 -1.188928e+01 -2.217064e+01
         vertex 6.030738e-02 -1.206445e+01 -2.178033e+01
         vertex 6.030738e-02 -1.205670e+01 -2.218850e+01
      endloop
   endfacet
   facet normal 9.056886e-01 -1.374060e-01 -4.010582e-01
      outer loop
         vertex 6.030738e-02 -8.778600e+00 -1.979910e+01
         vertex 1.339746e-01 -8.714566e+00 -1.965468e+01
         vertex 6.030738e-02 -9.164804e+00 -1.966678e+01
      endloop
   endfacet
   facet normal 9.056891e-01 -1.374061e-01 -4.010571e-01
      outer loop
         vertex 6.030738e-02 -9.164804e+00 -1.966678e+01
         vertex 1.339746e-01 -8.714566e+00 -1.965468e+01
         vertex 1.339746e-01 -9.126821e+00 -1.951344e+01
      endloop
   endfacet
   facet normal 9.056891e-01 -6.567286e-02 -4.188250e-01
      outer loop
         vertex 6.030738e-02 -9.164804e+00 -1.966678e+01
         vertex 1.339746e-01 -9.126821e+00 -1.951344e+01
         vertex 6.030738e-02 -9.568117e+00 -1.960354e+01
      endloop
   endfacet
   facet normal 9.056886e-01 -6.567256e-02 -4.188261e-01
      outer loop
         vertex 6.030738e-02 -9.568117e+00 -1.960354e+01
         vertex 1.339746e-01 -9.126821e+00 -1.951344e+01
         vertex 1.339746e-01 -9.557339e+00 -1.944593e+01
      endloop
   endfacet
   facet normal 9.056885e-01 8.052459e-03 -4.238673e-01
      outer loop
         vertex 6.030738e-02 -9.568117e+00 -1.960354e+01
         vertex 1.339746e-01 -9.557339e+00 -1.944593e+01
         vertex 6.030738e-02 -9.976284e+00 -1.961130e+01
      endloop
   endfacet
   facet normal 9.056900e-01 8.050925e-03 -4.238641e-01
      outer loop
         vertex 6.030738e-02 -9.976284e+00 -1.961130e+01
         vertex 1.339746e-01 -9.557339e+00 -1.944593e+01
         vertex 1.339746e-01 -9.993039e+00 -1.945421e+01
      endloop
   endfacet
   facet normal 9.056901e-01 8.153158e-02 -4.160265e-01
      outer loop
         vertex 6.030738e-02 -9.976284e+00 -1.961130e+01
         vertex 1.339746e-01 -9.993039e+00 -1.945421e+01
         vertex 6.030738e-02 -1.037690e+01 -1.968981e+01
      endloop
   endfacet
   facet normal 9.056887e-01 8.153350e-02 -4.160292e-01
      outer loop
         vertex 6.030738e-02 -1.037690e+01 -1.968981e+01
         vertex 1.339746e-01 -9.993039e+00 -1.945421e+01
         vertex 1.339746e-01 -1.042068e+01 -1.953802e+01
      endloop
   endfacet
   facet normal 9.056886e-01 1.525381e-01 -3.955507e-01
      outer loop
         vertex 6.030738e-02 -1.037690e+01 -1.968981e+01
         vertex 1.339746e-01 -1.042068e+01 -1.953802e+01
         vertex 6.030738e-02 -1.075780e+01 -1.983670e+01
      endloop
   endfacet
   facet normal 9.056894e-01 1.525368e-01 -3.955494e-01
      outer loop
         vertex 6.030738e-02 -1.075780e+01 -1.983670e+01
         vertex 1.339746e-01 -1.042068e+01 -1.953802e+01
         vertex 1.339746e-01 -1.082728e+01 -1.969481e+01
      endloop
   endfacet
   facet normal 9.056893e-01 2.189051e-01 -3.630530e-01
      outer loop
         vertex 6.030738e-02 -1.075780e+01 -1.983670e+01
         vertex 1.339746e-01 -1.082728e+01 -1.969481e+01
         vertex 6.030738e-02 -1.110741e+01 -2.004749e+01
      endloop
   endfacet
   facet normal 9.056877e-01 2.189081e-01 -3.630551e-01
      outer loop
         vertex 6.030738e-02 -1.110741e+01 -2.004749e+01
         vertex 1.339746e-01 -1.082728e+01 -1.969481e+01
         vertex 1.339746e-01 -1.120047e+01 -1.991983e+01
      endloop
   endfacet
   facet normal 9.056878e-01 2.786258e-01 -3.195265e-01
      outer loop
         vertex 6.030738e-02 -1.110741e+01 -2.004749e+01
         vertex 1.339746e-01 -1.120047e+01 -1.991983e+01
         vertex 6.030738e-02 -1.141510e+01 -2.031580e+01
      endloop
   endfacet
   facet normal 9.056887e-01 2.786239e-01 -3.195257e-01
      outer loop
         vertex 6.030738e-02 -1.141510e+01 -2.031580e+01
         vertex 1.339746e-01 -1.120047e+01 -1.991983e+01
         vertex 1.339746e-01 -1.152891e+01 -2.020623e+01
      endloop
   endfacet
   facet normal 9.056888e-01 3.298770e-01 -2.662873e-01
      outer loop
         vertex 6.030738e-02 -1.141510e+01 -2.031580e+01
         vertex 1.339746e-01 -1.152891e+01 -2.020623e+01
         vertex 6.030738e-02 -1.167153e+01 -2.063346e+01
      endloop
   endfacet
   facet normal 9.056901e-01 3.298740e-01 -2.662866e-01
      outer loop
         vertex 6.030738e-02 -1.167153e+01 -2.063346e+01
         vertex 1.339746e-01 -1.152891e+01 -2.020623e+01
         vertex 1.339746e-01 -1.180263e+01 -2.054532e+01
      endloop
   endfacet
   facet normal 9.056901e-01 3.711024e-01 -2.049597e-01
      outer loop
         vertex 6.030738e-02 -1.167153e+01 -2.063346e+01
         vertex 1.339746e-01 -1.180263e+01 -2.054532e+01
         vertex 6.030738e-02 -1.186890e+01 -2.099082e+01
      endloop
   endfacet
   facet normal 9.056887e-01 3.711057e-01 -2.049600e-01
      outer loop
         vertex 6.030738e-02 -1.186890e+01 -2.099082e+01
         vertex 1.339746e-01 -1.180263e+01 -2.054532e+01
         vertex 1.339746e-01 -1.201332e+01 -2.092678e+01
      endloop
   endfacet
   facet normal 9.056886e-01 4.010590e-01 -1.374040e-01
      outer loop
         vertex 6.030738e-02 -1.186890e+01 -2.099082e+01
         vertex 1.339746e-01 -1.201332e+01 -2.092678e+01
         vertex 6.030738e-02 -1.200121e+01 -2.137702e+01
      endloop
   endfacet
   facet normal 9.056892e-01 4.010576e-01 -1.374042e-01
      outer loop
         vertex 6.030738e-02 -1.200121e+01 -2.137702e+01
         vertex 1.339746e-01 -1.201332e+01 -2.092678e+01
         vertex 1.339746e-01 -1.215456e+01 -2.133904e+01
      endloop
   endfacet
   facet normal 9.056891e-01 4.188248e-01 -6.567379e-02
      outer loop
         vertex 6.030738e-02 -1.200121e+01 -2.137702e+01
         vertex 1.339746e-01 -1.215456e+01 -2.133904e+01
         vertex 6.030738e-02 -1.206445e+01 -2.178033e+01
      endloop
   endfacet
   facet normal 9.056895e-01 4.188239e-01 -6.567403e-02
      outer loop
         vertex 6.030738e-02 -1.206445e+01 -2.178033e+01
         vertex 1.339746e-01 -1.215456e+01 -2.133904e+01
         vertex 1.339746e-01 -1.222206e+01 -2.176956e+01
      endloop
   endfacet
   facet normal 9.056895e-01 4.238652e-01 8.051452e-03
      outer loop
         vertex 6.030738e-02 -1.206445e+01 -2.178033e+01
         vertex 1.339746e-01 -1.222206e+01 -2.176956e+01
         vertex 6.030738e-02 -1.205670e+01 -2.218850e+01
      endloop
   endfacet
   facet normal 9.056891e-01 4.238661e-01 8.051886e-03
      outer loop
         vertex 6.030738e-02 -1.205670e+01 -2.218850e+01
         vertex 1.339746e-01 -1.222206e+01 -2.176956e+01
         vertex 1.339746e-01 -1.221379e+01 -2.220526e+01
      endloop
   endfacet
   facet normal 8.181229e-01 -1.863802e-01 -5.440013e-01
      outer loop
         vertex 1.339746e-01 -8.714566e+00 -1.965468e+01
         vertex 2.339556e-01 -8.656690e+00 -1.952415e+01
         vertex 1.339746e-01 -9.126821e+00 -1.951344e+01
      endloop
   endfacet
   facet normal 8.181193e-01 -1.863796e-01 -5.440069e-01
      outer loop
         vertex 1.339746e-01 -9.126821e+00 -1.951344e+01
         vertex 2.339556e-01 -8.656690e+00 -1.952415e+01
         vertex 2.339556e-01 -9.092491e+00 -1.937484e+01
      endloop
   endfacet
   facet normal 8.181192e-01 -8.908005e-02 -5.681072e-01
      outer loop
         vertex 1.339746e-01 -9.126821e+00 -1.951344e+01
         vertex 2.339556e-01 -9.092491e+00 -1.937484e+01
         vertex 1.339746e-01 -9.557339e+00 -1.944593e+01
      endloop
   endfacet
   facet normal 8.181228e-01 -8.908167e-02 -5.681017e-01
      outer loop
         vertex 1.339746e-01 -9.557339e+00 -1.944593e+01
         vertex 2.339556e-01 -9.092491e+00 -1.937484e+01
         vertex 2.339556e-01 -9.547599e+00 -1.930347e+01
      endloop
   endfacet
   facet normal 8.181229e-01 1.092047e-02 -5.749397e-01
      outer loop
         vertex 1.339746e-01 -9.557339e+00 -1.944593e+01
         vertex 2.339556e-01 -9.547599e+00 -1.930347e+01
         vertex 1.339746e-01 -9.993039e+00 -1.945421e+01
      endloop
   endfacet
   facet normal 8.181221e-01 1.092105e-02 -5.749408e-01
      outer loop
         vertex 1.339746e-01 -9.993039e+00 -1.945421e+01
         vertex 2.339556e-01 -9.547599e+00 -1.930347e+01
         vertex 2.339556e-01 -1.000818e+01 -1.931222e+01
      endloop
   endfacet
   facet normal 8.181222e-01 1.105935e-01 -5.643095e-01
      outer loop
         vertex 1.339746e-01 -9.993039e+00 -1.945421e+01
         vertex 2.339556e-01 -1.000818e+01 -1.931222e+01
         vertex 1.339746e-01 -1.042068e+01 -1.953802e+01
      endloop
   endfacet
   facet normal 8.181218e-01 1.105938e-01 -5.643100e-01
      outer loop
         vertex 1.339746e-01 -1.042068e+01 -1.953802e+01
         vertex 2.339556e-01 -1.000818e+01 -1.931222e+01
         vertex 2.339556e-01 -1.046025e+01 -1.940082e+01
      endloop
   endfacet
   facet normal 8.181218e-01 2.069045e-01 -5.365325e-01
      outer loop
         vertex 1.339746e-01 -1.042068e+01 -1.953802e+01
         vertex 2.339556e-01 -1.046025e+01 -1.940082e+01
         vertex 1.339746e-01 -1.082728e+01 -1.969481e+01
      endloop
   endfacet
   facet normal 8.181214e-01 2.069050e-01 -5.365330e-01
      outer loop
         vertex 1.339746e-01 -1.082728e+01 -1.969481e+01
         vertex 2.339556e-01 -1.046025e+01 -1.940082e+01
         vertex 2.339556e-01 -1.089007e+01 -1.956657e+01
      endloop
   endfacet
   facet normal 8.181215e-01 2.969300e-01 -4.924528e-01
      outer loop
         vertex 1.339746e-01 -1.082728e+01 -1.969481e+01
         vertex 2.339556e-01 -1.089007e+01 -1.956657e+01
         vertex 1.339746e-01 -1.120047e+01 -1.991983e+01
      endloop
   endfacet
   facet normal 8.181235e-01 2.969273e-01 -4.924511e-01
      outer loop
         vertex 1.339746e-01 -1.120047e+01 -1.991983e+01
         vertex 2.339556e-01 -1.089007e+01 -1.956657e+01
         vertex 2.339556e-01 -1.128457e+01 -1.980444e+01
      endloop
   endfacet
   facet normal 8.181233e-01 3.779295e-01 -4.334092e-01
      outer loop
         vertex 1.339746e-01 -1.120047e+01 -1.991983e+01
         vertex 2.339556e-01 -1.128457e+01 -1.980444e+01
         vertex 1.339746e-01 -1.152891e+01 -2.020623e+01
      endloop
   endfacet
   facet normal 8.181214e-01 3.779322e-01 -4.334104e-01
      outer loop
         vertex 1.339746e-01 -1.152891e+01 -2.020623e+01
         vertex 2.339556e-01 -1.128457e+01 -1.980444e+01
         vertex 2.339556e-01 -1.163178e+01 -2.010720e+01
      endloop
   endfacet
   facet normal 8.181216e-01 4.474509e-01 -3.611990e-01
      outer loop
         vertex 1.339746e-01 -1.152891e+01 -2.020623e+01
         vertex 2.339556e-01 -1.163178e+01 -2.010720e+01
         vertex 1.339746e-01 -1.180263e+01 -2.054532e+01
      endloop
   endfacet
   facet normal 8.181220e-01 4.474503e-01 -3.611989e-01
      outer loop
         vertex 1.339746e-01 -1.180263e+01 -2.054532e+01
         vertex 2.339556e-01 -1.163178e+01 -2.010720e+01
         vertex 2.339556e-01 -1.192113e+01 -2.046565e+01
      endloop
   endfacet
   facet normal 8.181219e-01 5.033747e-01 -2.780116e-01
      outer loop
         vertex 1.339746e-01 -1.180263e+01 -2.054532e+01
         vertex 2.339556e-01 -1.192113e+01 -2.046565e+01
         vertex 1.339746e-01 -1.201332e+01 -2.092678e+01
      endloop
   endfacet
   facet normal 8.181228e-01 5.033733e-01 -2.780115e-01
      outer loop
         vertex 1.339746e-01 -1.201332e+01 -2.092678e+01
         vertex 2.339556e-01 -1.192113e+01 -2.046565e+01
         vertex 2.339556e-01 -1.214385e+01 -2.086891e+01
      endloop
   endfacet
   facet normal 8.181228e-01 5.440023e-01 -1.863777e-01
      outer loop
         vertex 1.339746e-01 -1.201332e+01 -2.092678e+01
         vertex 2.339556e-01 -1.214385e+01 -2.086891e+01
         vertex 1.339746e-01 -1.215456e+01 -2.133904e+01
      endloop
   endfacet
   facet normal 8.181232e-01 5.440016e-01 -1.863778e-01
      outer loop
         vertex 1.339746e-01 -1.215456e+01 -2.133904e+01
         vertex 2.339556e-01 -1.214385e+01 -2.086891e+01
         vertex 2.339556e-01 -1.229316e+01 -2.130471e+01
      endloop
   endfacet
   facet normal 8.181231e-01 5.681013e-01 -8.908160e-02
      outer loop
         vertex 1.339746e-01 -1.215456e+01 -2.133904e+01
         vertex 2.339556e-01 -1.229316e+01 -2.130471e+01
         vertex 1.339746e-01 -1.222206e+01 -2.176956e+01
      endloop
   endfacet
   facet normal 8.181231e-01 5.681013e-01 -8.908161e-02
      outer loop
         vertex 1.339746e-01 -1.222206e+01 -2.176956e+01
         vertex 2.339556e-01 -1.229316e+01 -2.130471e+01
         vertex 2.339556e-01 -1.236452e+01 -2.175982e+01
      endloop
   endfacet
   facet normal 8.181229e-01 5.749398e-01 1.092173e-02
      outer loop
         vertex 1.339746e-01 -1.222206e+01 -2.176956e+01
         vertex 2.339556e-01 -1.236452e+01 -2.175982e+01
         vertex 1.339746e-01 -1.221379e+01 -2.220526e+01
      endloop
   endfacet
   facet normal 8.181222e-01 5.749407e-01 1.092219e-02
      outer loop
         vertex 1.339746e-01 -1.221379e+01 -2.220526e+01
         vertex 2.339556e-01 -1.236452e+01 -2.175982e+01
         vertex 2.339556e-01 -1.235577e+01 -2.222040e+01
      endloop
   endfacet
   facet normal 7.057598e-01 -2.296169e-01 -6.702083e-01
      outer loop
         vertex 2.339556e-01 -8.656690e+00 -1.952415e+01
         vertex 3.572124e-01 -8.606731e+00 -1.941147e+01
         vertex 2.339556e-01 -9.092491e+00 -1.937484e+01
      endloop
   endfacet
   facet normal 7.057581e-01 -2.296166e-01 -6.702102e-01
      outer loop
         vertex 2.339556e-01 -9.092491e+00 -1.937484e+01
         vertex 3.572124e-01 -8.606731e+00 -1.941147e+01
         vertex 3.572124e-01 -9.062856e+00 -1.925520e+01
      endloop
   endfacet
   facet normal 7.057579e-01 -1.097485e-01 -6.999007e-01
      outer loop
         vertex 2.339556e-01 -9.092491e+00 -1.937484e+01
         vertex 3.572124e-01 -9.062856e+00 -1.925520e+01
         vertex 2.339556e-01 -9.547599e+00 -1.930347e+01
      endloop
   endfacet
   facet normal 7.057585e-01 -1.097488e-01 -6.999001e-01
      outer loop
         vertex 2.339556e-01 -9.547599e+00 -1.930347e+01
         vertex 3.572124e-01 -9.062856e+00 -1.925520e+01
         vertex 3.572124e-01 -9.539190e+00 -1.918050e+01
      endloop
   endfacet
   facet normal 7.057584e-01 1.345469e-02 -7.083248e-01
      outer loop
         vertex 2.339556e-01 -9.547599e+00 -1.930347e+01
         vertex 3.572124e-01 -9.539190e+00 -1.918050e+01
         vertex 2.339556e-01 -1.000818e+01 -1.931222e+01
      endloop
   endfacet
   facet normal 7.057588e-01 1.345449e-02 -7.083245e-01
      outer loop
         vertex 2.339556e-01 -1.000818e+01 -1.931222e+01
         vertex 3.572124e-01 -9.539190e+00 -1.918050e+01
         vertex 3.572124e-01 -1.002126e+01 -1.918966e+01
      endloop
   endfacet
   facet normal 7.057589e-01 1.362510e-01 -6.952266e-01
      outer loop
         vertex 2.339556e-01 -1.000818e+01 -1.931222e+01
         vertex 3.572124e-01 -1.002126e+01 -1.918966e+01
         vertex 2.339556e-01 -1.046025e+01 -1.940082e+01
      endloop
   endfacet
   facet normal 7.057605e-01 1.362499e-01 -6.952252e-01
      outer loop
         vertex 2.339556e-01 -1.046025e+01 -1.940082e+01
         vertex 3.572124e-01 -1.002126e+01 -1.918966e+01
         vertex 3.572124e-01 -1.049441e+01 -1.928239e+01
      endloop
   endfacet
   facet normal 7.057601e-01 2.549051e-01 -6.610038e-01
      outer loop
         vertex 2.339556e-01 -1.046025e+01 -1.940082e+01
         vertex 3.572124e-01 -1.049441e+01 -1.928239e+01
         vertex 2.339556e-01 -1.089007e+01 -1.956657e+01
      endloop
   endfacet
   facet normal 7.057570e-01 2.549077e-01 -6.610061e-01
      outer loop
         vertex 2.339556e-01 -1.089007e+01 -1.956657e+01
         vertex 3.572124e-01 -1.049441e+01 -1.928239e+01
         vertex 3.572124e-01 -1.094427e+01 -1.945587e+01
      endloop
   endfacet
   facet normal 7.057571e-01 3.658152e-01 -6.067010e-01
      outer loop
         vertex 2.339556e-01 -1.089007e+01 -1.956657e+01
         vertex 3.572124e-01 -1.094427e+01 -1.945587e+01
         vertex 2.339556e-01 -1.128457e+01 -1.980444e+01
      endloop
   endfacet
   facet normal 7.057572e-01 3.658152e-01 -6.067010e-01
      outer loop
         vertex 2.339556e-01 -1.128457e+01 -1.980444e+01
         vertex 3.572124e-01 -1.094427e+01 -1.945587e+01
         vertex 3.572124e-01 -1.135717e+01 -1.970484e+01
      endloop
   endfacet
   facet normal 7.057573e-01 4.656109e-01 -5.339598e-01
      outer loop
         vertex 2.339556e-01 -1.128457e+01 -1.980444e+01
         vertex 3.572124e-01 -1.135717e+01 -1.970484e+01
         vertex 2.339556e-01 -1.163178e+01 -2.010720e+01
      endloop
   endfacet
   facet normal 7.057601e-01 4.656080e-01 -5.339587e-01
      outer loop
         vertex 2.339556e-01 -1.163178e+01 -2.010720e+01
         vertex 3.572124e-01 -1.135717e+01 -1.970484e+01
         vertex 3.572124e-01 -1.172057e+01 -2.002172e+01
      endloop
   endfacet
   facet normal 7.057596e-01 5.512559e-01 -4.449948e-01
      outer loop
         vertex 2.339556e-01 -1.163178e+01 -2.010720e+01
         vertex 3.572124e-01 -1.172057e+01 -2.002172e+01
         vertex 2.339556e-01 -1.192113e+01 -2.046565e+01
      endloop
   endfacet
   facet normal 7.057552e-01 5.512608e-01 -4.449957e-01
      outer loop
         vertex 2.339556e-01 -1.192113e+01 -2.046565e+01
         vertex 3.572124e-01 -1.172057e+01 -2.002172e+01
         vertex 3.572124e-01 -1.202342e+01 -2.039689e+01
      endloop
   endfacet
   facet normal 7.057559e-01 6.201572e-01 -3.425109e-01
      outer loop
         vertex 2.339556e-01 -1.192113e+01 -2.046565e+01
         vertex 3.572124e-01 -1.202342e+01 -2.039689e+01
         vertex 2.339556e-01 -1.214385e+01 -2.086891e+01
      endloop
   endfacet
   facet normal 7.057582e-01 6.201546e-01 -3.425108e-01
      outer loop
         vertex 2.339556e-01 -1.214385e+01 -2.086891e+01
         vertex 3.572124e-01 -1.202342e+01 -2.039689e+01
         vertex 3.572124e-01 -1.225653e+01 -2.081895e+01
      endloop
   endfacet
   facet normal 7.057581e-01 6.702099e-01 -2.296174e-01
      outer loop
         vertex 2.339556e-01 -1.214385e+01 -2.086891e+01
         vertex 3.572124e-01 -1.225653e+01 -2.081895e+01
         vertex 2.339556e-01 -1.229316e+01 -2.130471e+01
      endloop
   endfacet
   facet normal 7.057581e-01 6.702099e-01 -2.296174e-01
      outer loop
         vertex 2.339556e-01 -1.229316e+01 -2.130471e+01
         vertex 3.572124e-01 -1.225653e+01 -2.081895e+01
         vertex 3.572124e-01 -1.241280e+01 -2.127507e+01
      endloop
   endfacet
   facet normal 7.057579e-01 6.999007e-01 -1.097485e-01
      outer loop
         vertex 2.339556e-01 -1.229316e+01 -2.130471e+01
         vertex 3.572124e-01 -1.241280e+01 -2.127507e+01
         vertex 2.339556e-01 -1.236452e+01 -2.175982e+01
      endloop
   endfacet
   facet normal 7.057555e-01 6.999033e-01 -1.097477e-01
      outer loop
         vertex 2.339556e-01 -1.236452e+01 -2.175982e+01
         vertex 3.572124e-01 -1.241280e+01 -2.127507e+01
         vertex 3.572124e-01 -1.248749e+01 -2.175141e+01
      endloop
   endfacet
   facet normal 7.057557e-01 7.083275e-01 1.345615e-02
      outer loop
         vertex 2.339556e-01 -1.236452e+01 -2.175982e+01
         vertex 3.572124e-01 -1.248749e+01 -2.175141e+01
         vertex 2.339556e-01 -1.235577e+01 -2.222040e+01
      endloop
   endfacet
   facet normal 7.057587e-01 7.083245e-01 1.345452e-02
      outer loop
         vertex 2.339556e-01 -1.235577e+01 -2.222040e+01
         vertex 3.572124e-01 -1.248749e+01 -2.175141e+01
         vertex 3.572124e-01 -1.247833e+01 -2.223347e+01
      endloop
   endfacet
   facet normal 5.721106e-01 -2.658273e-01 -7.759029e-01
      outer loop
         vertex 3.572124e-01 -8.606731e+00 -1.941147e+01
         vertex 5.000000e-01 -8.566205e+00 -1.932007e+01
         vertex 3.572124e-01 -9.062856e+00 -1.925520e+01
      endloop
   endfacet
   facet normal 5.721124e-01 -2.658276e-01 -7.759014e-01
      outer loop
         vertex 3.572124e-01 -9.062856e+00 -1.925520e+01
         vertex 5.000000e-01 -8.566205e+00 -1.932007e+01
         vertex 5.000000e-01 -9.038819e+00 -1.915815e+01
      endloop
   endfacet
   facet normal 5.721131e-01 -1.270560e-01 -8.102737e-01
      outer loop
         vertex 3.572124e-01 -9.062856e+00 -1.925520e+01
         vertex 5.000000e-01 -9.038819e+00 -1.915815e+01
         vertex 3.572124e-01 -9.539190e+00 -1.918050e+01
      endloop
   endfacet
   facet normal 5.721105e-01 -1.270552e-01 -8.102756e-01
      outer loop
         vertex 3.572124e-01 -9.539190e+00 -1.918050e+01
         vertex 5.000000e-01 -9.038819e+00 -1.915815e+01
         vertex 5.000000e-01 -9.532369e+00 -1.908076e+01
      endloop
   endfacet
   facet normal 5.721103e-01 1.557629e-02 -8.200287e-01
      outer loop
         vertex 3.572124e-01 -9.539190e+00 -1.918050e+01
         vertex 5.000000e-01 -9.532369e+00 -1.908076e+01
         vertex 3.572124e-01 -1.002126e+01 -1.918966e+01
      endloop
   endfacet
   facet normal 5.721082e-01 1.557725e-02 -8.200302e-01
      outer loop
         vertex 3.572124e-01 -1.002126e+01 -1.918966e+01
         vertex 5.000000e-01 -9.532369e+00 -1.908076e+01
         vertex 5.000000e-01 -1.003186e+01 -1.909024e+01
      endloop
   endfacet
   facet normal 5.721082e-01 1.577374e-01 -8.048671e-01
      outer loop
         vertex 3.572124e-01 -1.002126e+01 -1.918966e+01
         vertex 5.000000e-01 -1.003186e+01 -1.909024e+01
         vertex 3.572124e-01 -1.049441e+01 -1.928239e+01
      endloop
   endfacet
   facet normal 5.721046e-01 1.577394e-01 -8.048693e-01
      outer loop
         vertex 3.572124e-01 -1.049441e+01 -1.928239e+01
         vertex 5.000000e-01 -1.003186e+01 -1.909024e+01
         vertex 5.000000e-01 -1.052212e+01 -1.918633e+01
      endloop
   endfacet
   facet normal 5.721049e-01 2.951078e-01 -7.652499e-01
      outer loop
         vertex 3.572124e-01 -1.049441e+01 -1.928239e+01
         vertex 5.000000e-01 -1.052212e+01 -1.918633e+01
         vertex 3.572124e-01 -1.094427e+01 -1.945587e+01
      endloop
   endfacet
   facet normal 5.721155e-01 2.951009e-01 -7.652446e-01
      outer loop
         vertex 3.572124e-01 -1.094427e+01 -1.945587e+01
         vertex 5.000000e-01 -1.052212e+01 -1.918633e+01
         vertex 5.000000e-01 -1.098824e+01 -1.936608e+01
      endloop
   endfacet
   facet normal 5.721155e-01 4.235022e-01 -7.023744e-01
      outer loop
         vertex 3.572124e-01 -1.094427e+01 -1.945587e+01
         vertex 5.000000e-01 -1.098824e+01 -1.936608e+01
         vertex 3.572124e-01 -1.135717e+01 -1.970484e+01
      endloop
   endfacet
   facet normal 5.721107e-01 4.235057e-01 -7.023762e-01
      outer loop
         vertex 3.572124e-01 -1.135717e+01 -1.970484e+01
         vertex 5.000000e-01 -1.098824e+01 -1.936608e+01
         vertex 5.000000e-01 -1.141607e+01 -1.962404e+01
      endloop
   endfacet
   facet normal 5.721107e-01 5.390362e-01 -6.181661e-01
      outer loop
         vertex 3.572124e-01 -1.135717e+01 -1.970484e+01
         vertex 5.000000e-01 -1.141607e+01 -1.962404e+01
         vertex 3.572124e-01 -1.172057e+01 -2.002172e+01
      endloop
   endfacet
   facet normal 5.721069e-01 5.390392e-01 -6.181670e-01
      outer loop
         vertex 3.572124e-01 -1.172057e+01 -2.002172e+01
         vertex 5.000000e-01 -1.141607e+01 -1.962404e+01
         vertex 5.000000e-01 -1.179260e+01 -1.995238e+01
      endloop
   endfacet
   facet normal 5.721075e-01 6.381941e-01 -5.151711e-01
      outer loop
         vertex 3.572124e-01 -1.172057e+01 -2.002172e+01
         vertex 5.000000e-01 -1.179260e+01 -1.995238e+01
         vertex 3.572124e-01 -1.202342e+01 -2.039689e+01
      endloop
   endfacet
   facet normal 5.721139e-01 6.381889e-01 -5.151705e-01
      outer loop
         vertex 3.572124e-01 -1.202342e+01 -2.039689e+01
         vertex 5.000000e-01 -1.179260e+01 -1.995238e+01
         vertex 5.000000e-01 -1.210640e+01 -2.034111e+01
      endloop
   endfacet
   facet normal 5.721132e-01 7.179520e-01 -3.965242e-01
      outer loop
         vertex 3.572124e-01 -1.202342e+01 -2.039689e+01
         vertex 5.000000e-01 -1.210640e+01 -2.034111e+01
         vertex 3.572124e-01 -1.225653e+01 -2.081895e+01
      endloop
   endfacet
   facet normal 5.721074e-01 7.179567e-01 -3.965240e-01
      outer loop
         vertex 3.572124e-01 -1.225653e+01 -2.081895e+01
         vertex 5.000000e-01 -1.210640e+01 -2.034111e+01
         vertex 5.000000e-01 -1.234793e+01 -2.077842e+01
      endloop
   endfacet
   facet normal 5.721083e-01 7.759041e-01 -2.658288e-01
      outer loop
         vertex 3.572124e-01 -1.225653e+01 -2.081895e+01
         vertex 5.000000e-01 -1.234793e+01 -2.077842e+01
         vertex 3.572124e-01 -1.241280e+01 -2.127507e+01
      endloop
   endfacet
   facet normal 5.721090e-01 7.759035e-01 -2.658289e-01
      outer loop
         vertex 3.572124e-01 -1.241280e+01 -2.127507e+01
         vertex 5.000000e-01 -1.234793e+01 -2.077842e+01
         vertex 5.000000e-01 -1.250985e+01 -2.125104e+01
      endloop
   endfacet
   facet normal 5.721094e-01 8.102764e-01 -1.270546e-01
      outer loop
         vertex 3.572124e-01 -1.241280e+01 -2.127507e+01
         vertex 5.000000e-01 -1.250985e+01 -2.125104e+01
         vertex 3.572124e-01 -1.248749e+01 -2.175141e+01
      endloop
   endfacet
   facet normal 5.721105e-01 8.102756e-01 -1.270550e-01
      outer loop
         vertex 3.572124e-01 -1.248749e+01 -2.175141e+01
         vertex 5.000000e-01 -1.250985e+01 -2.125104e+01
         vertex 5.000000e-01 -1.258724e+01 -2.174459e+01
      endloop
   endfacet
   facet normal 5.721103e-01 8.200287e-01 1.557632e-02
      outer loop
         vertex 3.572124e-01 -1.248749e+01 -2.175141e+01
         vertex 5.000000e-01 -1.258724e+01 -2.174459e+01
         vertex 3.572124e-01 -1.247833e+01 -2.223347e+01
      endloop
   endfacet
   facet normal 5.721082e-01 8.200302e-01 1.557728e-02
      outer loop
         vertex 3.572124e-01 -1.247833e+01 -2.223347e+01
         vertex 5.000000e-01 -1.258724e+01 -2.174459e+01
         vertex 5.000000e-01 -1.257775e+01 -2.224408e+01
      endloop
   endfacet
   facet normal 4.212933e-01 -2.939440e-01 -8.579679e-01
      outer loop
         vertex 5.000000e-01 -8.566205e+00 -1.932007e+01
         vertex 6.579799e-01 -8.536346e+00 -1.925272e+01
         vertex 5.000000e-01 -9.038819e+00 -1.915815e+01
      endloop
   endfacet
   facet normal 4.212908e-01 -2.939435e-01 -8.579693e-01
      outer loop
         vertex 5.000000e-01 -9.038819e+00 -1.915815e+01
         vertex 6.579799e-01 -8.536346e+00 -1.925272e+01
         vertex 6.579799e-01 -9.021107e+00 -1.908664e+01
      endloop
   endfacet
   facet normal 4.212903e-01 -1.404937e-01 -8.959777e-01
      outer loop
         vertex 5.000000e-01 -9.038819e+00 -1.915815e+01
         vertex 6.579799e-01 -9.021107e+00 -1.908664e+01
         vertex 5.000000e-01 -9.532369e+00 -1.908076e+01
      endloop
   endfacet
   facet normal 4.212989e-01 -1.404963e-01 -8.959732e-01
      outer loop
         vertex 5.000000e-01 -9.532369e+00 -1.908076e+01
         vertex 6.579799e-01 -9.021107e+00 -1.908664e+01
         vertex 6.579799e-01 -9.527343e+00 -1.900726e+01
      endloop
   endfacet
   facet normal 4.212991e-01 1.722473e-02 -9.067582e-01
      outer loop
         vertex 5.000000e-01 -9.532369e+00 -1.908076e+01
         vertex 6.579799e-01 -9.527343e+00 -1.900726e+01
         vertex 5.000000e-01 -1.003186e+01 -1.909024e+01
      endloop
   endfacet
   facet normal 4.212985e-01 1.722497e-02 -9.067584e-01
      outer loop
         vertex 5.000000e-01 -1.003186e+01 -1.909024e+01
         vertex 6.579799e-01 -9.527343e+00 -1.900726e+01
         vertex 6.579799e-01 -1.003967e+01 -1.901699e+01
      endloop
   endfacet
   facet normal 4.212981e-01 1.744218e-01 -8.899915e-01
      outer loop
         vertex 5.000000e-01 -1.003186e+01 -1.909024e+01
         vertex 6.579799e-01 -1.003967e+01 -1.901699e+01
         vertex 5.000000e-01 -1.052212e+01 -1.918633e+01
      endloop
   endfacet
   facet normal 4.212974e-01 1.744222e-01 -8.899918e-01
      outer loop
         vertex 5.000000e-01 -1.052212e+01 -1.918633e+01
         vertex 6.579799e-01 -1.003967e+01 -1.901699e+01
         vertex 6.579799e-01 -1.054253e+01 -1.911554e+01
      endloop
   endfacet
   facet normal 4.212974e-01 3.263136e-01 -8.461843e-01
      outer loop
         vertex 5.000000e-01 -1.052212e+01 -1.918633e+01
         vertex 6.579799e-01 -1.054253e+01 -1.911554e+01
         vertex 5.000000e-01 -1.098824e+01 -1.936608e+01
      endloop
   endfacet
   facet normal 4.212923e-01 3.263163e-01 -8.461859e-01
      outer loop
         vertex 5.000000e-01 -1.098824e+01 -1.936608e+01
         vertex 6.579799e-01 -1.054253e+01 -1.911554e+01
         vertex 6.579799e-01 -1.102063e+01 -1.929992e+01
      endloop
   endfacet
   facet normal 4.212922e-01 4.682991e-01 -7.766652e-01
      outer loop
         vertex 5.000000e-01 -1.098824e+01 -1.936608e+01
         vertex 6.579799e-01 -1.102063e+01 -1.929992e+01
         vertex 5.000000e-01 -1.141607e+01 -1.962404e+01
      endloop
   endfacet
   facet normal 4.212913e-01 4.682996e-01 -7.766654e-01
      outer loop
         vertex 5.000000e-01 -1.141607e+01 -1.962404e+01
         vertex 6.579799e-01 -1.102063e+01 -1.929992e+01
         vertex 6.579799e-01 -1.145946e+01 -1.956451e+01
      endloop
   endfacet
   facet normal 4.212917e-01 5.960506e-01 -6.835473e-01
      outer loop
         vertex 5.000000e-01 -1.141607e+01 -1.962404e+01
         vertex 6.579799e-01 -1.145946e+01 -1.956451e+01
         vertex 5.000000e-01 -1.179260e+01 -1.995238e+01
      endloop
   endfacet
   facet normal 4.212976e-01 5.960471e-01 -6.835468e-01
      outer loop
         vertex 5.000000e-01 -1.179260e+01 -1.995238e+01
         vertex 6.579799e-01 -1.145946e+01 -1.956451e+01
         vertex 6.579799e-01 -1.184567e+01 -1.990128e+01
      endloop
   endfacet
   facet normal 4.212973e-01 7.056890e-01 -5.696591e-01
      outer loop
         vertex 5.000000e-01 -1.179260e+01 -1.995238e+01
         vertex 6.579799e-01 -1.184567e+01 -1.990128e+01
         vertex 5.000000e-01 -1.210640e+01 -2.034111e+01
      endloop
   endfacet
   facet normal 4.212917e-01 7.056924e-01 -5.696591e-01
      outer loop
         vertex 5.000000e-01 -1.210640e+01 -2.034111e+01
         vertex 6.579799e-01 -1.184567e+01 -1.990128e+01
         vertex 6.579799e-01 -1.216753e+01 -2.030001e+01
      endloop
   endfacet
   facet normal 4.212919e-01 7.938916e-01 -4.384624e-01
      outer loop
         vertex 5.000000e-01 -1.210640e+01 -2.034111e+01
         vertex 6.579799e-01 -1.216753e+01 -2.030001e+01
         vertex 5.000000e-01 -1.234793e+01 -2.077842e+01
      endloop
   endfacet
   facet normal 4.212954e-01 7.938895e-01 -4.384628e-01
      outer loop
         vertex 5.000000e-01 -1.234793e+01 -2.077842e+01
         vertex 6.579799e-01 -1.216753e+01 -2.030001e+01
         vertex 6.579799e-01 -1.241527e+01 -2.074856e+01
      endloop
   endfacet
   facet normal 4.212947e-01 8.579671e-01 -2.939443e-01
      outer loop
         vertex 5.000000e-01 -1.234793e+01 -2.077842e+01
         vertex 6.579799e-01 -1.241527e+01 -2.074856e+01
         vertex 5.000000e-01 -1.250985e+01 -2.125104e+01
      endloop
   endfacet
   facet normal 4.212949e-01 8.579669e-01 -2.939444e-01
      outer loop
         vertex 5.000000e-01 -1.250985e+01 -2.125104e+01
         vertex 6.579799e-01 -1.241527e+01 -2.074856e+01
         vertex 6.579799e-01 -1.258135e+01 -2.123332e+01
      endloop
   endfacet
   facet normal 4.212946e-01 8.959757e-01 -1.404932e-01
      outer loop
         vertex 5.000000e-01 -1.250985e+01 -2.125104e+01
         vertex 6.579799e-01 -1.258135e+01 -2.123332e+01
         vertex 5.000000e-01 -1.258724e+01 -2.174459e+01
      endloop
   endfacet
   facet normal 4.212946e-01 8.959757e-01 -1.404932e-01
      outer loop
         vertex 5.000000e-01 -1.258724e+01 -2.174459e+01
         vertex 6.579799e-01 -1.258135e+01 -2.123332e+01
         vertex 6.579799e-01 -1.266073e+01 -2.173956e+01
      endloop
   endfacet
   facet normal 4.212947e-01 9.067602e-01 1.722480e-02
      outer loop
         vertex 5.000000e-01 -1.258724e+01 -2.174459e+01
         vertex 6.579799e-01 -1.266073e+01 -2.173956e+01
         vertex 5.000000e-01 -1.257775e+01 -2.224408e+01
      endloop
   endfacet
   facet normal 4.212942e-01 9.067604e-01 1.722500e-02
      outer loop
         vertex 5.000000e-01 -1.257775e+01 -2.224408e+01
         vertex 6.579799e-01 -1.266073e+01 -2.173956e+01
         vertex 6.579799e-01 -1.265100e+01 -2.225189e+01
      endloop
   endfacet
   facet normal 2.578986e-01 -3.131458e-01 -9.140175e-01
      outer loop
         vertex 6.579799e-01 -8.536346e+00 -1.925272e+01
         vertex 8.263518e-01 -8.518060e+00 -1.921148e+01
         vertex 6.579799e-01 -9.021107e+00 -1.908664e+01
      endloop
   endfacet
   facet normal 2.579046e-01 -3.131473e-01 -9.140153e-01
      outer loop
         vertex 6.579799e-01 -9.021107e+00 -1.908664e+01
         vertex 8.263518e-01 -8.518060e+00 -1.921148e+01
         vertex 8.263518e-01 -9.010260e+00 -1.904285e+01
      endloop
   endfacet
   facet normal 2.579047e-01 -1.496749e-01 -9.545065e-01
      outer loop
         vertex 6.579799e-01 -9.021107e+00 -1.908664e+01
         vertex 8.263518e-01 -9.010260e+00 -1.904285e+01
         vertex 6.579799e-01 -9.527343e+00 -1.900726e+01
      endloop
   endfacet
   facet normal 2.578936e-01 -1.496715e-01 -9.545100e-01
      outer loop
         vertex 6.579799e-01 -9.527343e+00 -1.900726e+01
         vertex 8.263518e-01 -9.010260e+00 -1.904285e+01
         vertex 8.263518e-01 -9.524266e+00 -1.896225e+01
      endloop
   endfacet
   facet normal 2.578941e-01 1.835031e-02 -9.659989e-01
      outer loop
         vertex 6.579799e-01 -9.527343e+00 -1.900726e+01
         vertex 8.263518e-01 -9.524266e+00 -1.896225e+01
         vertex 6.579799e-01 -1.003967e+01 -1.901699e+01
      endloop
   endfacet
   facet normal 2.578960e-01 1.834967e-02 -9.659984e-01
      outer loop
         vertex 6.579799e-01 -1.003967e+01 -1.901699e+01
         vertex 8.263518e-01 -9.524266e+00 -1.896225e+01
         vertex 8.263518e-01 -1.004446e+01 -1.897213e+01
      endloop
   endfacet
   facet normal 2.578962e-01 1.858173e-01 -9.481358e-01
      outer loop
         vertex 6.579799e-01 -1.003967e+01 -1.901699e+01
         vertex 8.263518e-01 -1.004446e+01 -1.897213e+01
         vertex 6.579799e-01 -1.054253e+01 -1.911554e+01
      endloop
   endfacet
   facet normal 2.579054e-01 1.858137e-01 -9.481340e-01
      outer loop
         vertex 6.579799e-01 -1.054253e+01 -1.911554e+01
         vertex 8.263518e-01 -1.004446e+01 -1.897213e+01
         vertex 8.263518e-01 -1.055503e+01 -1.907219e+01
      endloop
   endfacet
   facet normal 2.579051e-01 3.476331e-01 -9.014634e-01
      outer loop
         vertex 6.579799e-01 -1.054253e+01 -1.911554e+01
         vertex 8.263518e-01 -1.055503e+01 -1.907219e+01
         vertex 6.579799e-01 -1.102063e+01 -1.929992e+01
      endloop
   endfacet
   facet normal 2.578976e-01 3.476362e-01 -9.014643e-01
      outer loop
         vertex 6.579799e-01 -1.102063e+01 -1.929992e+01
         vertex 8.263518e-01 -1.055503e+01 -1.907219e+01
         vertex 8.263518e-01 -1.104047e+01 -1.925940e+01
      endloop
   endfacet
   facet normal 2.578981e-01 4.988923e-01 -8.274026e-01
      outer loop
         vertex 6.579799e-01 -1.102063e+01 -1.929992e+01
         vertex 8.263518e-01 -1.104047e+01 -1.925940e+01
         vertex 6.579799e-01 -1.145946e+01 -1.956451e+01
      endloop
   endfacet
   facet normal 2.579066e-01 4.988885e-01 -8.274022e-01
      outer loop
         vertex 6.579799e-01 -1.145946e+01 -1.956451e+01
         vertex 8.263518e-01 -1.104047e+01 -1.925940e+01
         vertex 8.263518e-01 -1.148603e+01 -1.952805e+01
      endloop
   endfacet
   facet normal 2.579061e-01 6.349858e-01 -7.282016e-01
      outer loop
         vertex 6.579799e-01 -1.145946e+01 -1.956451e+01
         vertex 8.263518e-01 -1.148603e+01 -1.952805e+01
         vertex 6.579799e-01 -1.184567e+01 -1.990128e+01
      endloop
   endfacet
   facet normal 2.578962e-01 6.349901e-01 -7.282013e-01
      outer loop
         vertex 6.579799e-01 -1.184567e+01 -1.990128e+01
         vertex 8.263518e-01 -1.148603e+01 -1.952805e+01
         vertex 8.263518e-01 -1.187817e+01 -1.986999e+01
      endloop
   endfacet
   facet normal 2.578967e-01 7.517937e-01 -6.068736e-01
      outer loop
         vertex 6.579799e-01 -1.184567e+01 -1.990128e+01
         vertex 8.263518e-01 -1.187817e+01 -1.986999e+01
         vertex 6.579799e-01 -1.216753e+01 -2.030001e+01
      endloop
   endfacet
   facet normal 2.578985e-01 7.517929e-01 -6.068738e-01
      outer loop
         vertex 6.579799e-01 -1.216753e+01 -2.030001e+01
         vertex 8.263518e-01 -1.187817e+01 -1.986999e+01
         vertex 8.263518e-01 -1.220497e+01 -2.027484e+01
      endloop
   endfacet
   facet normal 2.578989e-01 8.457536e-01 -4.671071e-01
      outer loop
         vertex 6.579799e-01 -1.216753e+01 -2.030001e+01
         vertex 8.263518e-01 -1.220497e+01 -2.027484e+01
         vertex 6.579799e-01 -1.241527e+01 -2.074856e+01
      endloop
   endfacet
   facet normal 2.578964e-01 8.457546e-01 -4.671067e-01
      outer loop
         vertex 6.579799e-01 -1.241527e+01 -2.074856e+01
         vertex 8.263518e-01 -1.220497e+01 -2.027484e+01
         vertex 8.263518e-01 -1.245651e+01 -2.073028e+01
      endloop
   endfacet
   facet normal 2.578970e-01 9.140174e-01 -3.131475e-01
      outer loop
         vertex 6.579799e-01 -1.241527e+01 -2.074856e+01
         vertex 8.263518e-01 -1.245651e+01 -2.073028e+01
         vertex 6.579799e-01 -1.258135e+01 -2.123332e+01
      endloop
   endfacet
   facet normal 2.578983e-01 9.140169e-01 -3.131479e-01
      outer loop
         vertex 6.579799e-01 -1.258135e+01 -2.123332e+01
         vertex 8.263518e-01 -1.245651e+01 -2.073028e+01
         vertex 8.263518e-01 -1.262514e+01 -2.122248e+01
      endloop
   endfacet
   facet normal 2.578989e-01 9.545086e-01 -1.496714e-01
      outer loop
         vertex 6.579799e-01 -1.258135e+01 -2.123332e+01
         vertex 8.263518e-01 -1.262514e+01 -2.122248e+01
         vertex 6.579799e-01 -1.266073e+01 -2.173956e+01
      endloop
   endfacet
   facet normal 2.579001e-01 9.545082e-01 -1.496718e-01
      outer loop
         vertex 6.579799e-01 -1.266073e+01 -2.173956e+01
         vertex 8.263518e-01 -1.262514e+01 -2.122248e+01
         vertex 8.263518e-01 -1.270574e+01 -2.173648e+01
      endloop
   endfacet
   facet normal 2.578989e-01 9.659976e-01 1.835028e-02
      outer loop
         vertex 6.579799e-01 -1.266073e+01 -2.173956e+01
         vertex 8.263518e-01 -1.270574e+01 -2.173648e+01
         vertex 6.579799e-01 -1.265100e+01 -2.225189e+01
      endloop
   endfacet
   facet normal 2.579009e-01 9.659971e-01 1.834958e-02
      outer loop
         vertex 6.579799e-01 -1.265100e+01 -2.225189e+01
         vertex 8.263518e-01 -1.270574e+01 -2.173648e+01
         vertex 8.263518e-01 -1.269586e+01 -2.225668e+01
      endloop
   endfacet
   facet normal 8.682435e-02 -3.228879e-01 -9.424462e-01
      outer loop
         vertex 8.263518e-01 -8.518060e+00 -1.921148e+01
         vertex 1.000000e+00 -8.511902e+00 -1.919759e+01
         vertex 8.263518e-01 -9.010260e+00 -1.904285e+01
      endloop
   endfacet
   facet normal 8.682630e-02 -3.228885e-01 -9.424459e-01
      outer loop
         vertex 8.263518e-01 -9.010260e+00 -1.904285e+01
         vertex 1.000000e+00 -8.511902e+00 -1.919759e+01
         vertex 1.000000e+00 -9.006607e+00 -1.902810e+01
      endloop
   endfacet
   facet normal 8.682627e-02 -1.543266e-01 -9.841974e-01
      outer loop
         vertex 8.263518e-01 -9.010260e+00 -1.904285e+01
         vertex 1.000000e+00 -9.006607e+00 -1.902810e+01
         vertex 8.263518e-01 -9.524266e+00 -1.896225e+01
      endloop
   endfacet
   facet normal 8.682384e-02 -1.543259e-01 -9.841977e-01
      outer loop
         vertex 8.263518e-01 -9.524266e+00 -1.896225e+01
         vertex 1.000000e+00 -9.006607e+00 -1.902810e+01
         vertex 1.000000e+00 -9.523230e+00 -1.894709e+01
      endloop
   endfacet
   facet normal 8.682365e-02 1.892040e-02 -9.960440e-01
      outer loop
         vertex 8.263518e-01 -9.524266e+00 -1.896225e+01
         vertex 1.000000e+00 -9.523230e+00 -1.894709e+01
         vertex 8.263518e-01 -1.004446e+01 -1.897213e+01
      endloop
   endfacet
   facet normal 8.682367e-02 1.892039e-02 -9.960440e-01
      outer loop
         vertex 8.263518e-01 -1.004446e+01 -1.897213e+01
         vertex 1.000000e+00 -9.523230e+00 -1.894709e+01
         vertex 1.000000e+00 -1.004607e+01 -1.895703e+01
      endloop
   endfacet
   facet normal 8.682363e-02 1.915936e-01 -9.776265e-01
      outer loop
         vertex 8.263518e-01 -1.004446e+01 -1.897213e+01
         vertex 1.000000e+00 -1.004607e+01 -1.895703e+01
         vertex 8.263518e-01 -1.055503e+01 -1.907219e+01
      endloop
   endfacet
   facet normal 8.681831e-02 1.915954e-01 -9.776266e-01
      outer loop
         vertex 8.263518e-01 -1.055503e+01 -1.907219e+01
         vertex 1.000000e+00 -1.004607e+01 -1.895703e+01
         vertex 1.000000e+00 -1.055924e+01 -1.905760e+01
      endloop
   endfacet
   facet normal 8.681917e-02 3.584491e-01 -9.295035e-01
      outer loop
         vertex 8.263518e-01 -1.055503e+01 -1.907219e+01
         vertex 1.000000e+00 -1.055924e+01 -1.905760e+01
         vertex 8.263518e-01 -1.104047e+01 -1.925940e+01
      endloop
   endfacet
   facet normal 8.683251e-02 3.584445e-01 -9.295040e-01
      outer loop
         vertex 8.263518e-01 -1.104047e+01 -1.925940e+01
         vertex 1.000000e+00 -1.055924e+01 -1.905760e+01
         vertex 1.000000e+00 -1.104715e+01 -1.924575e+01
      endloop
   endfacet
   facet normal 8.683152e-02 5.144067e-01 -8.531389e-01
      outer loop
         vertex 8.263518e-01 -1.104047e+01 -1.925940e+01
         vertex 1.000000e+00 -1.104715e+01 -1.924575e+01
         vertex 8.263518e-01 -1.148603e+01 -1.952805e+01
      endloop
   endfacet
   facet normal 8.682611e-02 5.144085e-01 -8.531384e-01
      outer loop
         vertex 8.263518e-01 -1.148603e+01 -1.952805e+01
         vertex 1.000000e+00 -1.104715e+01 -1.924575e+01
         vertex 1.000000e+00 -1.149498e+01 -1.951577e+01
      endloop
   endfacet
   facet normal 8.682658e-02 6.547402e-01 -7.508505e-01
      outer loop
         vertex 8.263518e-01 -1.148603e+01 -1.952805e+01
         vertex 1.000000e+00 -1.149498e+01 -1.951577e+01
         vertex 8.263518e-01 -1.187817e+01 -1.986999e+01
      endloop
   endfacet
   facet normal 8.682586e-02 6.547404e-01 -7.508504e-01
      outer loop
         vertex 8.263518e-01 -1.187817e+01 -1.986999e+01
         vertex 1.000000e+00 -1.149498e+01 -1.951577e+01
         vertex 1.000000e+00 -1.188911e+01 -1.985946e+01
      endloop
   endfacet
   facet normal 8.682510e-02 7.751764e-01 -6.257499e-01
      outer loop
         vertex 8.263518e-01 -1.187817e+01 -1.986999e+01
         vertex 1.000000e+00 -1.188911e+01 -1.985946e+01
         vertex 8.263518e-01 -1.220497e+01 -2.027484e+01
      endloop
   endfacet
   facet normal 8.683084e-02 7.751748e-01 -6.257510e-01
      outer loop
         vertex 8.263518e-01 -1.220497e+01 -2.027484e+01
         vertex 1.000000e+00 -1.188911e+01 -1.985946e+01
         vertex 1.000000e+00 -1.221758e+01 -2.026636e+01
      endloop
   endfacet
   facet normal 8.683022e-02 8.720598e-01 -4.816350e-01
      outer loop
         vertex 8.263518e-01 -1.220497e+01 -2.027484e+01
         vertex 1.000000e+00 -1.221758e+01 -2.026636e+01
         vertex 8.263518e-01 -1.245651e+01 -2.073028e+01
      endloop
   endfacet
   facet normal 8.682921e-02 8.720600e-01 -4.816347e-01
      outer loop
         vertex 8.263518e-01 -1.245651e+01 -2.073028e+01
         vertex 1.000000e+00 -1.221758e+01 -2.026636e+01
         vertex 1.000000e+00 -1.247040e+01 -2.072412e+01
      endloop
   endfacet
   facet normal 8.682937e-02 9.424458e-01 -3.228878e-01
      outer loop
         vertex 8.263518e-01 -1.245651e+01 -2.073028e+01
         vertex 1.000000e+00 -1.247040e+01 -2.072412e+01
         vertex 8.263518e-01 -1.262514e+01 -2.122248e+01
      endloop
   endfacet
   facet normal 8.682631e-02 9.424464e-01 -3.228869e-01
      outer loop
         vertex 8.263518e-01 -1.262514e+01 -2.122248e+01
         vertex 1.000000e+00 -1.247040e+01 -2.072412e+01
         vertex 1.000000e+00 -1.263989e+01 -2.121883e+01
      endloop
   endfacet
   facet normal 8.682627e-02 9.841973e-01 -1.543272e-01
      outer loop
         vertex 8.263518e-01 -1.262514e+01 -2.122248e+01
         vertex 1.000000e+00 -1.263989e+01 -2.121883e+01
         vertex 8.263518e-01 -1.270574e+01 -2.173648e+01
      endloop
   endfacet
   facet normal 8.682824e-02 9.841970e-01 -1.543278e-01
      outer loop
         vertex 8.263518e-01 -1.270574e+01 -2.173648e+01
         vertex 1.000000e+00 -1.263989e+01 -2.121883e+01
         vertex 1.000000e+00 -1.272090e+01 -2.173545e+01
      endloop
   endfacet
   facet normal 8.682905e-02 9.960435e-01 1.892032e-02
      outer loop
         vertex 8.263518e-01 -1.270574e+01 -2.173648e+01
         vertex 1.000000e+00 -1.272090e+01 -2.173545e+01
         vertex 8.263518e-01 -1.269586e+01 -2.225668e+01
      endloop
   endfacet
   facet normal 8.682897e-02 9.960435e-01 1.892035e-02
      outer loop
         vertex 8.263518e-01 -1.269586e+01 -2.225668e+01
         vertex 1.000000e+00 -1.272090e+01 -2.173545e+01
         vertex 1.000000e+00 -1.271097e+01 -2.225829e+01
      endloop
   endfacet
   facet normal 7.071065e-01 -7.031187e-01 7.499620e-02
      outer loop
         vertex 6.000000e+00 1.370533e+01 -2.236435e+01
         vertex 5.000000e+00 1.271097e+01 -2.225829e+01
         vertex 6.000000e+00 6.891930e+00 -8.624260e+01
      endloop
   endfacet
   facet normal 7.071069e-01 -7.031183e-01 7.499617e-02
      outer loop
         vertex 6.000000e+00 6.891930e+00 -8.624260e+01
         vertex 5.000000e+00 1.271097e+01 -2.225829e+01
         vertex 5.000000e+00 5.897571e+00 -8.613653e+01
      endloop
   endfacet
   facet normal 7.057573e-01 -7.083259e-01 1.345501e-02
      outer loop
         vertex 5.000000e+00 1.271097e+01 -2.225829e+01
         vertex 6.000000e+00 1.370533e+01 -2.236435e+01
         vertex 5.000000e+00 1.272090e+01 -2.173545e+01
      endloop
   endfacet
   facet normal 7.057574e-01 -7.083258e-01 1.345532e-02
      outer loop
         vertex 5.000000e+00 1.272090e+01 -2.173545e+01
         vertex 6.000000e+00 1.370533e+01 -2.236435e+01
         vertex 6.000000e+00 1.371857e+01 -2.166723e+01
      endloop
   endfacet
   facet normal 7.057574e-01 -6.999013e-01 -1.097486e-01
      outer loop
         vertex 5.000000e+00 1.272090e+01 -2.173545e+01
         vertex 6.000000e+00 1.371857e+01 -2.166723e+01
         vertex 5.000000e+00 1.263989e+01 -2.121883e+01
      endloop
   endfacet
   facet normal 7.057575e-01 -6.999012e-01 -1.097483e-01
      outer loop
         vertex 5.000000e+00 1.263989e+01 -2.121883e+01
         vertex 6.000000e+00 1.371857e+01 -2.166723e+01
         vertex 6.000000e+00 1.361056e+01 -2.097840e+01
      endloop
   endfacet
   facet normal 7.057575e-01 -6.702106e-01 -2.296175e-01
      outer loop
         vertex 5.000000e+00 1.263989e+01 -2.121883e+01
         vertex 6.000000e+00 1.361056e+01 -2.097840e+01
         vertex 5.000000e+00 1.247040e+01 -2.072412e+01
      endloop
   endfacet
   facet normal 7.057577e-01 -6.702106e-01 -2.296166e-01
      outer loop
         vertex 5.000000e+00 1.247040e+01 -2.072412e+01
         vertex 6.000000e+00 1.361056e+01 -2.097840e+01
         vertex 6.000000e+00 1.338457e+01 -2.031879e+01
      endloop
   endfacet
   facet normal 7.057579e-01 -6.201558e-01 -3.425092e-01
      outer loop
         vertex 5.000000e+00 1.247040e+01 -2.072412e+01
         vertex 6.000000e+00 1.338457e+01 -2.031879e+01
         vertex 5.000000e+00 1.221758e+01 -2.026636e+01
      endloop
   endfacet
   facet normal 7.057573e-01 -6.201555e-01 -3.425110e-01
      outer loop
         vertex 5.000000e+00 1.221758e+01 -2.026636e+01
         vertex 6.000000e+00 1.338457e+01 -2.031879e+01
         vertex 6.000000e+00 1.304748e+01 -1.970845e+01
      endloop
   endfacet
   facet normal 7.057572e-01 -5.512576e-01 -4.449964e-01
      outer loop
         vertex 5.000000e+00 1.221758e+01 -2.026636e+01
         vertex 6.000000e+00 1.304748e+01 -1.970845e+01
         vertex 5.000000e+00 1.188911e+01 -1.985946e+01
      endloop
   endfacet
   facet normal 7.057578e-01 -5.512583e-01 -4.449945e-01
      outer loop
         vertex 5.000000e+00 1.188911e+01 -1.985946e+01
         vertex 6.000000e+00 1.304748e+01 -1.970845e+01
         vertex 6.000000e+00 1.260952e+01 -1.916591e+01
      endloop
   endfacet
   facet normal 7.057580e-01 -4.656112e-01 -5.339587e-01
      outer loop
         vertex 5.000000e+00 1.188911e+01 -1.985946e+01
         vertex 6.000000e+00 1.260952e+01 -1.916591e+01
         vertex 5.000000e+00 1.149498e+01 -1.951577e+01
      endloop
   endfacet
   facet normal 7.057575e-01 -4.656103e-01 -5.339601e-01
      outer loop
         vertex 5.000000e+00 1.149498e+01 -1.951577e+01
         vertex 6.000000e+00 1.260952e+01 -1.916591e+01
         vertex 6.000000e+00 1.208401e+01 -1.870766e+01
      endloop
   endfacet
   facet normal 7.057575e-01 -3.658160e-01 -6.067001e-01
      outer loop
         vertex 5.000000e+00 1.149498e+01 -1.951577e+01
         vertex 6.000000e+00 1.208401e+01 -1.870766e+01
         vertex 5.000000e+00 1.104715e+01 -1.924575e+01
      endloop
   endfacet
   facet normal 7.057574e-01 -3.658159e-01 -6.067003e-01
      outer loop
         vertex 5.000000e+00 1.104715e+01 -1.924575e+01
         vertex 6.000000e+00 1.208401e+01 -1.870766e+01
         vertex 6.000000e+00 1.148691e+01 -1.834763e+01
      endloop
   endfacet
   facet normal 7.057573e-01 -2.549041e-01 -6.610072e-01
      outer loop
         vertex 5.000000e+00 1.104715e+01 -1.924575e+01
         vertex 6.000000e+00 1.148691e+01 -1.834763e+01
         vertex 5.000000e+00 1.055924e+01 -1.905760e+01
      endloop
   endfacet
   facet normal 7.057576e-01 -2.549049e-01 -6.610066e-01
      outer loop
         vertex 5.000000e+00 1.055924e+01 -1.905760e+01
         vertex 6.000000e+00 1.148691e+01 -1.834763e+01
         vertex 6.000000e+00 1.083636e+01 -1.809676e+01
      endloop
   endfacet
   facet normal 7.057576e-01 -1.362509e-01 -6.952280e-01
      outer loop
         vertex 5.000000e+00 1.055924e+01 -1.905760e+01
         vertex 6.000000e+00 1.083636e+01 -1.809676e+01
         vertex 5.000000e+00 1.004607e+01 -1.895703e+01
      endloop
   endfacet
   facet normal 7.057576e-01 -1.362510e-01 -6.952279e-01
      outer loop
         vertex 5.000000e+00 1.004607e+01 -1.895703e+01
         vertex 6.000000e+00 1.083636e+01 -1.809676e+01
         vertex 6.000000e+00 1.015213e+01 -1.796267e+01
      endloop
   endfacet
   facet normal 7.057576e-01 -1.345503e-02 -7.083256e-01
      outer loop
         vertex 5.000000e+00 1.004607e+01 -1.895703e+01
         vertex 6.000000e+00 1.015213e+01 -1.796267e+01
         vertex 5.000000e+00 9.523230e+00 -1.894709e+01
      endloop
   endfacet
   facet normal 7.057580e-01 -1.345627e-02 -7.083252e-01
      outer loop
         vertex 5.000000e+00 9.523230e+00 -1.894709e+01
         vertex 6.000000e+00 1.015213e+01 -1.796267e+01
         vertex 6.000000e+00 9.455010e+00 -1.794942e+01
      endloop
   endfacet
   facet normal 7.057581e-01 1.097470e-01 -6.999008e-01
      outer loop
         vertex 5.000000e+00 9.523230e+00 -1.894709e+01
         vertex 6.000000e+00 9.455010e+00 -1.794942e+01
         vertex 5.000000e+00 9.006607e+00 -1.902810e+01
      endloop
   endfacet
   facet normal 7.057575e-01 1.097490e-01 -6.999011e-01
      outer loop
         vertex 5.000000e+00 9.006607e+00 -1.902810e+01
         vertex 6.000000e+00 9.455010e+00 -1.794942e+01
         vertex 6.000000e+00 8.766181e+00 -1.805744e+01
      endloop
   endfacet
   facet normal 7.057574e-01 2.296187e-01 -6.702102e-01
      outer loop
         vertex 5.000000e+00 9.006607e+00 -1.902810e+01
         vertex 6.000000e+00 8.766181e+00 -1.805744e+01
         vertex 5.000000e+00 8.511902e+00 -1.919759e+01
      endloop
   endfacet
   facet normal 7.057576e-01 2.296180e-01 -6.702103e-01
      outer loop
         vertex 5.000000e+00 8.511902e+00 -1.919759e+01
         vertex 6.000000e+00 8.766181e+00 -1.805744e+01
         vertex 6.000000e+00 8.106573e+00 -1.828342e+01
      endloop
   endfacet
   facet normal 7.058518e-01 9.427771e-02 7.020576e-01
      outer loop
         vertex 5.000000e+00 2.266827e+00 -8.874761e+01
         vertex 6.000000e+00 2.050939e+00 -8.972403e+01
         vertex 5.000000e+00 2.766389e+00 -8.881470e+01
      endloop
   endfacet
   facet normal 7.058534e-01 9.428267e-02 7.020554e-01
      outer loop
         vertex 5.000000e+00 2.766389e+00 -8.881470e+01
         vertex 6.000000e+00 2.050939e+00 -8.972403e+01
         vertex 6.000000e+00 2.717021e+00 -8.981348e+01
      endloop
   endfacet
   facet normal 7.058536e-01 -2.458501e-02 7.079310e-01
      outer loop
         vertex 5.000000e+00 2.766389e+00 -8.881470e+01
         vertex 6.000000e+00 2.717021e+00 -8.981348e+01
         vertex 5.000000e+00 3.270132e+00 -8.879720e+01
      endloop
   endfacet
   facet normal 7.058528e-01 -2.458765e-02 7.079317e-01
      outer loop
         vertex 5.000000e+00 3.270132e+00 -8.879720e+01
         vertex 6.000000e+00 2.717021e+00 -8.981348e+01
         vertex 6.000000e+00 3.388678e+00 -8.979015e+01
      endloop
   endfacet
   facet normal 7.058528e-01 -1.427669e-01 6.938224e-01
      outer loop
         vertex 5.000000e+00 3.270132e+00 -8.879720e+01
         vertex 6.000000e+00 3.388678e+00 -8.979015e+01
         vertex 5.000000e+00 3.763835e+00 -8.869562e+01
      endloop
   endfacet
   facet normal 7.058528e-01 -1.427669e-01 6.938224e-01
      outer loop
         vertex 5.000000e+00 3.763835e+00 -8.869562e+01
         vertex 6.000000e+00 3.388678e+00 -8.979015e+01
         vertex 6.000000e+00 4.046949e+00 -8.965470e+01
      endloop
   endfacet
   facet normal 7.058529e-01 -2.569076e-01 6.601289e-01
      outer loop
         vertex 5.000000e+00 3.763835e+00 -8.869562e+01
         vertex 6.000000e+00 4.046949e+00 -8.965470e+01
         vertex 5.000000e+00 4.233562e+00 -8.851281e+01
      endloop
   endfacet
   facet normal 7.058521e-01 -2.569102e-01 6.601287e-01
      outer loop
         vertex 5.000000e+00 4.233562e+00 -8.851281e+01
         vertex 6.000000e+00 4.046949e+00 -8.965470e+01
         vertex 6.000000e+00 4.673252e+00 -8.941095e+01
      endloop
   endfacet
   facet normal 7.058519e-01 -3.638108e-01 6.077950e-01
      outer loop
         vertex 5.000000e+00 4.233562e+00 -8.851281e+01
         vertex 6.000000e+00 4.673252e+00 -8.941095e+01
         vertex 5.000000e+00 4.666052e+00 -8.825393e+01
      endloop
   endfacet
   facet normal 7.058540e-01 -3.638039e-01 6.077968e-01
      outer loop
         vertex 5.000000e+00 4.666052e+00 -8.825393e+01
         vertex 6.000000e+00 4.673252e+00 -8.941095e+01
         vertex 6.000000e+00 5.249906e+00 -8.906579e+01
      endloop
   endfacet
   facet normal 7.058540e-01 -4.604252e-01 5.383110e-01
      outer loop
         vertex 5.000000e+00 4.666052e+00 -8.825393e+01
         vertex 6.000000e+00 5.249906e+00 -8.906579e+01
         vertex 5.000000e+00 5.049098e+00 -8.792631e+01
      endloop
   endfacet
   facet normal 7.058534e-01 -4.604270e-01 5.383102e-01
      outer loop
         vertex 5.000000e+00 5.049098e+00 -8.792631e+01
         vertex 6.000000e+00 5.249906e+00 -8.906579e+01
         vertex 6.000000e+00 5.760633e+00 -8.862896e+01
      endloop
   endfacet
   facet normal 7.058535e-01 -5.440529e-01 4.536268e-01
      outer loop
         vertex 5.000000e+00 5.049098e+00 -8.792631e+01
         vertex 6.000000e+00 5.760633e+00 -8.862896e+01
         vertex 5.000000e+00 5.371885e+00 -8.753917e+01
      endloop
   endfacet
   facet normal 7.058534e-01 -5.440531e-01 4.536267e-01
      outer loop
         vertex 5.000000e+00 5.371885e+00 -8.753917e+01
         vertex 6.000000e+00 5.760633e+00 -8.862896e+01
         vertex 6.000000e+00 6.191017e+00 -8.811278e+01
      endloop
   endfacet
   facet normal 7.058535e-01 -6.123210e-01 3.561374e-01
      outer loop
         vertex 5.000000e+00 5.371885e+00 -8.753917e+01
         vertex 6.000000e+00 6.191017e+00 -8.811278e+01
         vertex 5.000000e+00 5.625302e+00 -8.710346e+01
      endloop
   endfacet
   facet normal 7.058539e-01 -6.123200e-01 3.561383e-01
      outer loop
         vertex 5.000000e+00 5.625302e+00 -8.710346e+01
         vertex 6.000000e+00 6.191017e+00 -8.811278e+01
         vertex 6.000000e+00 6.528906e+00 -8.753183e+01
      endloop
   endfacet
   facet normal 7.058538e-01 -6.633029e-01 2.485953e-01
      outer loop
         vertex 5.000000e+00 5.625302e+00 -8.710346e+01
         vertex 6.000000e+00 6.528906e+00 -8.753183e+01
         vertex 5.000000e+00 5.802196e+00 -8.663148e+01
      endloop
   endfacet
   facet normal 7.058540e-01 -6.633026e-01 2.485957e-01
      outer loop
         vertex 5.000000e+00 5.802196e+00 -8.663148e+01
         vertex 6.000000e+00 6.528906e+00 -8.753183e+01
         vertex 6.000000e+00 6.764763e+00 -8.690252e+01
      endloop
   endfacet
   facet normal 7.058537e-01 -6.955611e-01 1.340346e-01
      outer loop
         vertex 5.000000e+00 5.802196e+00 -8.663148e+01
         vertex 6.000000e+00 6.764763e+00 -8.690252e+01
         vertex 5.000000e+00 5.897571e+00 -8.613653e+01
      endloop
   endfacet
   facet normal 7.058540e-01 -6.955607e-01 1.340354e-01
      outer loop
         vertex 5.000000e+00 5.897571e+00 -8.613653e+01
         vertex 6.000000e+00 6.764763e+00 -8.690252e+01
         vertex 6.000000e+00 6.891930e+00 -8.624260e+01
      endloop
   endfacet
   facet normal 7.062503e-01 -2.412830e-01 -6.655772e-01
      outer loop
         vertex 6.000000e+00 -8.106573e+00 -1.828342e+01
         vertex 5.000000e+00 -8.511902e+00 -1.919759e+01
         vertex 5.000000e+00 -5.767647e+00 -2.019243e+01
      endloop
   endfacet
   facet normal 7.062508e-01 -2.412825e-01 -6.655769e-01
      outer loop
         vertex 6.000000e+00 -8.106573e+00 -1.828342e+01
         vertex 5.000000e+00 -5.767647e+00 -2.019243e+01
         vertex 6.000000e+00 -5.492997e+00 -1.923089e+01
      endloop
   endfacet
   facet normal 7.062508e-01 -1.466599e-01 -6.926043e-01
      outer loop
         vertex 6.000000e+00 -5.492997e+00 -1.923089e+01
         vertex 5.000000e+00 -5.767647e+00 -2.019243e+01
         vertex 5.000000e+00 -2.911955e+00 -2.079713e+01
      endloop
   endfacet
   facet normal 7.062506e-01 -1.466600e-01 -6.926044e-01
      outer loop
         vertex 6.000000e+00 -5.492997e+00 -1.923089e+01
         vertex 5.000000e+00 -2.911955e+00 -2.079713e+01
         vertex 6.000000e+00 -2.773290e+00 -1.980679e+01
      endloop
   endfacet
   facet normal 7.062506e-01 -4.920346e-02 -7.062500e-01
      outer loop
         vertex 6.000000e+00 -2.773290e+00 -1.980679e+01
         vertex 5.000000e+00 -2.911955e+00 -2.079713e+01
         vertex 5.000000e+00 -6.071532e-15 -2.100000e+01
      endloop
   endfacet
   facet normal 7.062503e-01 -4.920371e-02 -7.062503e-01
      outer loop
         vertex 6.000000e+00 -2.773290e+00 -1.980679e+01
         vertex 5.000000e+00 -6.071532e-15 -2.100000e+01
         vertex 6.000000e+00 -6.071532e-15 -2.000000e+01
      endloop
   endfacet
   facet normal 7.062503e-01 4.920348e-02 -7.062503e-01
      outer loop
         vertex 6.000000e+00 -6.071532e-15 -2.000000e+01
         vertex 5.000000e+00 -6.071532e-15 -2.100000e+01
         vertex 5.000000e+00 2.911955e+00 -2.079713e+01
      endloop
   endfacet
   facet normal 7.062506e-01 4.920368e-02 -7.062500e-01
      outer loop
         vertex 6.000000e+00 -6.071532e-15 -2.000000e+01
         vertex 5.000000e+00 2.911955e+00 -2.079713e+01
         vertex 6.000000e+00 2.773290e+00 -1.980679e+01
      endloop
   endfacet
   facet normal 7.062506e-01 1.466599e-01 -6.926045e-01
      outer loop
         vertex 6.000000e+00 2.773290e+00 -1.980679e+01
         vertex 5.000000e+00 2.911955e+00 -2.079713e+01
         vertex 5.000000e+00 5.767647e+00 -2.019243e+01
      endloop
   endfacet
   facet normal 7.062508e-01 1.466600e-01 -6.926043e-01
      outer loop
         vertex 6.000000e+00 2.773290e+00 -1.980679e+01
         vertex 5.000000e+00 5.767647e+00 -2.019243e+01
         vertex 6.000000e+00 5.492997e+00 -1.923089e+01
      endloop
   endfacet
   facet normal 7.062508e-01 2.412828e-01 -6.655768e-01
      outer loop
         vertex 6.000000e+00 5.492997e+00 -1.923089e+01
         vertex 5.000000e+00 5.767647e+00 -2.019243e+01
         vertex 5.000000e+00 8.511902e+00 -1.919759e+01
      endloop
   endfacet
   facet normal 7.062503e-01 2.412827e-01 -6.655773e-01
      outer loop
         vertex 6.000000e+00 5.492997e+00 -1.923089e+01
         vertex 5.000000e+00 8.511902e+00 -1.919759e+01
         vertex 6.000000e+00 8.106573e+00 -1.828342e+01
      endloop
   endfacet
   facet normal 7.061736e-01 1.023534e-01 7.006016e-01
      outer loop
         vertex 6.000000e+00 2.050939e+00 -8.972403e+01
         vertex 5.000000e+00 2.266827e+00 -8.874761e+01
         vertex 5.000000e+00 7.609375e-01 -8.852761e+01
      endloop
   endfacet
   facet normal 7.061731e-01 1.023542e-01 7.006020e-01
      outer loop
         vertex 6.000000e+00 2.050939e+00 -8.972403e+01
         vertex 5.000000e+00 7.609375e-01 -8.852761e+01
         vertex 6.000000e+00 6.884673e-01 -8.952498e+01
      endloop
   endfacet
   facet normal 7.061731e-01 0.000000e+00 7.080392e-01
      outer loop
         vertex 6.000000e+00 6.884673e-01 -8.952498e+01
         vertex 5.000000e+00 7.609375e-01 -8.852761e+01
         vertex 5.000000e+00 -7.609375e-01 -8.852761e+01
      endloop
   endfacet
   facet normal 7.061731e-01 0.000000e+00 7.080392e-01
      outer loop
         vertex 6.000000e+00 6.884673e-01 -8.952498e+01
         vertex 5.000000e+00 -7.609375e-01 -8.852761e+01
         vertex 6.000000e+00 -6.884673e-01 -8.952498e+01
      endloop
   endfacet
   facet normal 7.061731e-01 -1.023534e-01 7.006021e-01
      outer loop
         vertex 6.000000e+00 -6.884673e-01 -8.952498e+01
         vertex 5.000000e+00 -7.609375e-01 -8.852761e+01
         vertex 5.000000e+00 -2.266827e+00 -8.874761e+01
      endloop
   endfacet
   facet normal 7.061737e-01 -1.023541e-01 7.006015e-01
      outer loop
         vertex 6.000000e+00 -6.884673e-01 -8.952498e+01
         vertex 5.000000e+00 -2.266827e+00 -8.874761e+01
         vertex 6.000000e+00 -2.050939e+00 -8.972403e+01
      endloop
   endfacet
   facet normal 7.057576e-01 -2.296186e-01 -6.702100e-01
      outer loop
         vertex 5.000000e+00 -8.511902e+00 -1.919759e+01
         vertex 6.000000e+00 -8.106573e+00 -1.828342e+01
         vertex 5.000000e+00 -9.006607e+00 -1.902810e+01
      endloop
   endfacet
   facet normal 7.057574e-01 -2.296181e-01 -6.702104e-01
      outer loop
         vertex 5.000000e+00 -9.006607e+00 -1.902810e+01
         vertex 6.000000e+00 -8.106573e+00 -1.828342e+01
         vertex 6.000000e+00 -8.766181e+00 -1.805744e+01
      endloop
   endfacet
   facet normal 7.057574e-01 -1.097471e-01 -6.999015e-01
      outer loop
         vertex 5.000000e+00 -9.006607e+00 -1.902810e+01
         vertex 6.000000e+00 -8.766181e+00 -1.805744e+01
         vertex 5.000000e+00 -9.523230e+00 -1.894709e+01
      endloop
   endfacet
   facet normal 7.057580e-01 -1.097490e-01 -6.999006e-01
      outer loop
         vertex 5.000000e+00 -9.523230e+00 -1.894709e+01
         vertex 6.000000e+00 -8.766181e+00 -1.805744e+01
         vertex 6.000000e+00 -9.455010e+00 -1.794942e+01
      endloop
   endfacet
   facet normal 7.057581e-01 1.345502e-02 -7.083252e-01
      outer loop
         vertex 5.000000e+00 -9.523230e+00 -1.894709e+01
         vertex 6.000000e+00 -9.455010e+00 -1.794942e+01
         vertex 5.000000e+00 -1.004607e+01 -1.895703e+01
      endloop
   endfacet
   facet normal 7.057577e-01 1.345628e-02 -7.083255e-01
      outer loop
         vertex 5.000000e+00 -1.004607e+01 -1.895703e+01
         vertex 6.000000e+00 -9.455010e+00 -1.794942e+01
         vertex 6.000000e+00 -1.015213e+01 -1.796267e+01
      endloop
   endfacet
   facet normal 7.057576e-01 1.362509e-01 -6.952279e-01
      outer loop
         vertex 5.000000e+00 -1.004607e+01 -1.895703e+01
         vertex 6.000000e+00 -1.015213e+01 -1.796267e+01
         vertex 5.000000e+00 -1.055924e+01 -1.905760e+01
      endloop
   endfacet
   facet normal 7.057576e-01 1.362510e-01 -6.952279e-01
      outer loop
         vertex 5.000000e+00 -1.055924e+01 -1.905760e+01
         vertex 6.000000e+00 -1.015213e+01 -1.796267e+01
         vertex 6.000000e+00 -1.083636e+01 -1.809676e+01
      endloop
   endfacet
   facet normal 7.057577e-01 2.549040e-01 -6.610069e-01
      outer loop
         vertex 5.000000e+00 -1.055924e+01 -1.905760e+01
         vertex 6.000000e+00 -1.083636e+01 -1.809676e+01
         vertex 5.000000e+00 -1.104715e+01 -1.924575e+01
      endloop
   endfacet
   facet normal 7.057574e-01 2.549050e-01 -6.610068e-01
      outer loop
         vertex 5.000000e+00 -1.104715e+01 -1.924575e+01
         vertex 6.000000e+00 -1.083636e+01 -1.809676e+01
         vertex 6.000000e+00 -1.148691e+01 -1.834763e+01
      endloop
   endfacet
   facet normal 7.057574e-01 3.658160e-01 -6.067002e-01
      outer loop
         vertex 5.000000e+00 -1.104715e+01 -1.924575e+01
         vertex 6.000000e+00 -1.148691e+01 -1.834763e+01
         vertex 5.000000e+00 -1.149498e+01 -1.951577e+01
      endloop
   endfacet
   facet normal 7.057575e-01 3.658158e-01 -6.067002e-01
      outer loop
         vertex 5.000000e+00 -1.149498e+01 -1.951577e+01
         vertex 6.000000e+00 -1.148691e+01 -1.834763e+01
         vertex 6.000000e+00 -1.208401e+01 -1.870766e+01
      endloop
   endfacet
   facet normal 7.057574e-01 4.656116e-01 -5.339592e-01
      outer loop
         vertex 5.000000e+00 -1.149498e+01 -1.951577e+01
         vertex 6.000000e+00 -1.208401e+01 -1.870766e+01
         vertex 5.000000e+00 -1.188911e+01 -1.985946e+01
      endloop
   endfacet
   facet normal 7.057579e-01 4.656101e-01 -5.339598e-01
      outer loop
         vertex 5.000000e+00 -1.188911e+01 -1.985946e+01
         vertex 6.000000e+00 -1.208401e+01 -1.870766e+01
         vertex 6.000000e+00 -1.260952e+01 -1.916591e+01
      endloop
   endfacet
   facet normal 7.057579e-01 5.512571e-01 -4.449960e-01
      outer loop
         vertex 5.000000e+00 -1.188911e+01 -1.985946e+01
         vertex 6.000000e+00 -1.260952e+01 -1.916591e+01
         vertex 5.000000e+00 -1.221758e+01 -2.026636e+01
      endloop
   endfacet
   facet normal 7.057573e-01 5.512587e-01 -4.449948e-01
      outer loop
         vertex 5.000000e+00 -1.221758e+01 -2.026636e+01
         vertex 6.000000e+00 -1.260952e+01 -1.916591e+01
         vertex 6.000000e+00 -1.304748e+01 -1.970845e+01
      endloop
   endfacet
   facet normal 7.057573e-01 6.201564e-01 -3.425095e-01
      outer loop
         vertex 5.000000e+00 -1.221758e+01 -2.026636e+01
         vertex 6.000000e+00 -1.304748e+01 -1.970845e+01
         vertex 5.000000e+00 -1.247040e+01 -2.072412e+01
      endloop
   endfacet
   facet normal 7.057578e-01 6.201550e-01 -3.425108e-01
      outer loop
         vertex 5.000000e+00 -1.247040e+01 -2.072412e+01
         vertex 6.000000e+00 -1.304748e+01 -1.970845e+01
         vertex 6.000000e+00 -1.338457e+01 -2.031879e+01
      endloop
   endfacet
   facet normal 7.057578e-01 6.702103e-01 -2.296174e-01
      outer loop
         vertex 5.000000e+00 -1.247040e+01 -2.072412e+01
         vertex 6.000000e+00 -1.338457e+01 -2.031879e+01
         vertex 5.000000e+00 -1.263989e+01 -2.121883e+01
      endloop
   endfacet
   facet normal 7.057575e-01 6.702108e-01 -2.296166e-01
      outer loop
         vertex 5.000000e+00 -1.263989e+01 -2.121883e+01
         vertex 6.000000e+00 -1.338457e+01 -2.031879e+01
         vertex 6.000000e+00 -1.361056e+01 -2.097840e+01
      endloop
   endfacet
   facet normal 7.057575e-01 6.999012e-01 -1.097486e-01
      outer loop
         vertex 5.000000e+00 -1.263989e+01 -2.121883e+01
         vertex 6.000000e+00 -1.361056e+01 -2.097840e+01
         vertex 5.000000e+00 -1.272090e+01 -2.173545e+01
      endloop
   endfacet
   facet normal 7.057574e-01 6.999013e-01 -1.097483e-01
      outer loop
         vertex 5.000000e+00 -1.272090e+01 -2.173545e+01
         vertex 6.000000e+00 -1.361056e+01 -2.097840e+01
         vertex 6.000000e+00 -1.371857e+01 -2.166723e+01
      endloop
   endfacet
   facet normal 7.057574e-01 7.083258e-01 1.345501e-02
      outer loop
         vertex 5.000000e+00 -1.272090e+01 -2.173545e+01
         vertex 6.000000e+00 -1.371857e+01 -2.166723e+01
         vertex 5.000000e+00 -1.271097e+01 -2.225829e+01
      endloop
   endfacet
   facet normal 7.057573e-01 7.083259e-01 1.345532e-02
      outer loop
         vertex 5.000000e+00 -1.271097e+01 -2.225829e+01
         vertex 6.000000e+00 -1.371857e+01 -2.166723e+01
         vertex 6.000000e+00 -1.370533e+01 -2.236435e+01
      endloop
   endfacet
   facet normal 7.058540e-01 6.955608e-01 1.340346e-01
      outer loop
         vertex 5.000000e+00 -5.897571e+00 -8.613653e+01
         vertex 6.000000e+00 -6.891930e+00 -8.624260e+01
         vertex 5.000000e+00 -5.802196e+00 -8.663148e+01
      endloop
   endfacet
   facet normal 7.058538e-01 6.955609e-01 1.340354e-01
      outer loop
         vertex 5.000000e+00 -5.802196e+00 -8.663148e+01
         vertex 6.000000e+00 -6.891930e+00 -8.624260e+01
         vertex 6.000000e+00 -6.764763e+00 -8.690252e+01
      endloop
   endfacet
   facet normal 7.058540e-01 6.633028e-01 2.485952e-01
      outer loop
         vertex 5.000000e+00 -5.802196e+00 -8.663148e+01
         vertex 6.000000e+00 -6.764763e+00 -8.690252e+01
         vertex 5.000000e+00 -5.625302e+00 -8.710346e+01
      endloop
   endfacet
   facet normal 7.058539e-01 6.633027e-01 2.485957e-01
      outer loop
         vertex 5.000000e+00 -5.625302e+00 -8.710346e+01
         vertex 6.000000e+00 -6.764763e+00 -8.690252e+01
         vertex 6.000000e+00 -6.528906e+00 -8.753183e+01
      endloop
   endfacet
   facet normal 7.058539e-01 6.123207e-01 3.561372e-01
      outer loop
         vertex 5.000000e+00 -5.625302e+00 -8.710346e+01
         vertex 6.000000e+00 -6.528906e+00 -8.753183e+01
         vertex 5.000000e+00 -5.371885e+00 -8.753917e+01
      endloop
   endfacet
   facet normal 7.058535e-01 6.123203e-01 3.561385e-01
      outer loop
         vertex 5.000000e+00 -5.371885e+00 -8.753917e+01
         vertex 6.000000e+00 -6.528906e+00 -8.753183e+01
         vertex 6.000000e+00 -6.191017e+00 -8.811278e+01
      endloop
   endfacet
   facet normal 7.058534e-01 5.440530e-01 4.536268e-01
      outer loop
         vertex 5.000000e+00 -5.371885e+00 -8.753917e+01
         vertex 6.000000e+00 -6.191017e+00 -8.811278e+01
         vertex 5.000000e+00 -5.049098e+00 -8.792631e+01
      endloop
   endfacet
   facet normal 7.058535e-01 5.440530e-01 4.536267e-01
      outer loop
         vertex 5.000000e+00 -5.049098e+00 -8.792631e+01
         vertex 6.000000e+00 -6.191017e+00 -8.811278e+01
         vertex 6.000000e+00 -5.760633e+00 -8.862896e+01
      endloop
   endfacet
   facet normal 7.058533e-01 4.604256e-01 5.383115e-01
      outer loop
         vertex 5.000000e+00 -5.049098e+00 -8.792631e+01
         vertex 6.000000e+00 -5.760633e+00 -8.862896e+01
         vertex 5.000000e+00 -4.666052e+00 -8.825393e+01
      endloop
   endfacet
   facet normal 7.058539e-01 4.604267e-01 5.383099e-01
      outer loop
         vertex 5.000000e+00 -4.666052e+00 -8.825393e+01
         vertex 6.000000e+00 -5.760633e+00 -8.862896e+01
         vertex 6.000000e+00 -5.249906e+00 -8.906579e+01
      endloop
   endfacet
   facet normal 7.058542e-01 3.638096e-01 6.077930e-01
      outer loop
         vertex 5.000000e+00 -4.666052e+00 -8.825393e+01
         vertex 6.000000e+00 -5.249906e+00 -8.906579e+01
         vertex 5.000000e+00 -4.233562e+00 -8.851281e+01
      endloop
   endfacet
   facet normal 7.058522e-01 3.638048e-01 6.077982e-01
      outer loop
         vertex 5.000000e+00 -4.233562e+00 -8.851281e+01
         vertex 6.000000e+00 -5.249906e+00 -8.906579e+01
         vertex 6.000000e+00 -4.673252e+00 -8.941095e+01
      endloop
   endfacet
   facet normal 7.058520e-01 2.569079e-01 6.601297e-01
      outer loop
         vertex 5.000000e+00 -4.233562e+00 -8.851281e+01
         vertex 6.000000e+00 -4.673252e+00 -8.941095e+01
         vertex 5.000000e+00 -3.763835e+00 -8.869562e+01
      endloop
   endfacet
   facet normal 7.058528e-01 2.569100e-01 6.601281e-01
      outer loop
         vertex 5.000000e+00 -3.763835e+00 -8.869562e+01
         vertex 6.000000e+00 -4.673252e+00 -8.941095e+01
         vertex 6.000000e+00 -4.046949e+00 -8.965470e+01
      endloop
   endfacet
   facet normal 7.058528e-01 1.427669e-01 6.938224e-01
      outer loop
         vertex 5.000000e+00 -3.763835e+00 -8.869562e+01
         vertex 6.000000e+00 -4.046949e+00 -8.965470e+01
         vertex 5.000000e+00 -3.270132e+00 -8.879720e+01
      endloop
   endfacet
   facet normal 7.058528e-01 1.427669e-01 6.938224e-01
      outer loop
         vertex 5.000000e+00 -3.270132e+00 -8.879720e+01
         vertex 6.000000e+00 -4.046949e+00 -8.965470e+01
         vertex 6.000000e+00 -3.388678e+00 -8.979015e+01
      endloop
   endfacet
   facet normal 7.058527e-01 2.458504e-02 7.079319e-01
      outer loop
         vertex 5.000000e+00 -3.270132e+00 -8.879720e+01
         vertex 6.000000e+00 -3.388678e+00 -8.979015e+01
         vertex 5.000000e+00 -2.766389e+00 -8.881470e+01
      endloop
   endfacet
   facet normal 7.058535e-01 2.458762e-02 7.079310e-01
      outer loop
         vertex 5.000000e+00 -2.766389e+00 -8.881470e+01
         vertex 6.000000e+00 -3.388678e+00 -8.979015e+01
         vertex 6.000000e+00 -2.717021e+00 -8.981348e+01
      endloop
   endfacet
   facet normal 7.058536e-01 -9.427748e-02 7.020559e-01
      outer loop
         vertex 5.000000e+00 -2.766389e+00 -8.881470e+01
         vertex 6.000000e+00 -2.717021e+00 -8.981348e+01
         vertex 5.000000e+00 -2.266827e+00 -8.874761e+01
      endloop
   endfacet
   facet normal 7.058521e-01 -9.428285e-02 7.020567e-01
      outer loop
         vertex 5.000000e+00 -2.266827e+00 -8.874761e+01
         vertex 6.000000e+00 -2.717021e+00 -8.981348e+01
         vertex 6.000000e+00 -2.050939e+00 -8.972403e+01
      endloop
   endfacet
   facet normal 7.071069e-01 7.031183e-01 7.499616e-02
      outer loop
         vertex 6.000000e+00 -6.891930e+00 -8.624260e+01
         vertex 5.000000e+00 -5.897571e+00 -8.613653e+01
         vertex 6.000000e+00 -1.370533e+01 -2.236435e+01
      endloop
   endfacet
   facet normal 7.071065e-01 7.031187e-01 7.499621e-02
      outer loop
         vertex 6.000000e+00 -1.370533e+01 -2.236435e+01
         vertex 5.000000e+00 -5.897571e+00 -8.613653e+01
         vertex 5.000000e+00 -1.271097e+01 -2.225829e+01
      endloop
   endfacet
   facet normal 2.425353e-01 -9.646707e-01 -1.028939e-01
      outer loop
         vertex 6.000000e+00 -1.988719e+01 -2.121212e+00
         vertex 2.000000e+00 -2.088155e+01 -2.227273e+00
         vertex 6.000000e+00 -1.866316e+01 -1.359702e+01
      endloop
   endfacet
   facet normal 2.425349e-01 -9.646707e-01 -1.028941e-01
      outer loop
         vertex 6.000000e+00 -1.866316e+01 -1.359702e+01
         vertex 2.000000e+00 -2.088155e+01 -2.227273e+00
         vertex 6.000000e+00 -1.842636e+01 -1.581707e+01
      endloop
   endfacet
   facet normal 2.425355e-01 -9.646706e-01 -1.028938e-01
      outer loop
         vertex 6.000000e+00 -9.446417e+00 -1.000076e+02
         vertex 6.000000e+00 -1.028354e+01 -9.215917e+01
         vertex 2.000000e+00 -1.044078e+01 -1.001136e+02
      endloop
   endfacet
   facet normal 2.425356e-01 -9.646706e-01 -1.028939e-01
      outer loop
         vertex 2.000000e+00 -1.044078e+01 -1.001136e+02
         vertex 6.000000e+00 -1.028354e+01 -9.215917e+01
         vertex 6.000000e+00 -1.359702e+01 -6.109405e+01
      endloop
   endfacet
   facet normal 2.425356e-01 -9.646706e-01 -1.028939e-01
      outer loop
         vertex 2.000000e+00 -1.044078e+01 -1.001136e+02
         vertex 6.000000e+00 -1.359702e+01 -6.109405e+01
         vertex 2.000000e+00 -2.088155e+01 -2.227273e+00
      endloop
   endfacet
   facet normal 2.425353e-01 -9.646707e-01 -1.028939e-01
      outer loop
         vertex 2.000000e+00 -2.088155e+01 -2.227273e+00
         vertex 6.000000e+00 -1.359702e+01 -6.109405e+01
         vertex 6.000000e+00 -1.686394e+01 -3.046536e+01
      endloop
   endfacet
   facet normal 2.425355e-01 -9.646706e-01 -1.028939e-01
      outer loop
         vertex 2.000000e+00 -2.088155e+01 -2.227273e+00
         vertex 6.000000e+00 -1.686394e+01 -3.046536e+01
         vertex 6.000000e+00 -1.842636e+01 -1.581707e+01
      endloop
   endfacet
   facet normal 2.416886e-01 -9.524473e-01 -1.855554e-01
      outer loop
         vertex 6.000000e+00 -9.446417e+00 -1.000076e+02
         vertex 2.000000e+00 -1.044078e+01 -1.001136e+02
         vertex 2.000000e+00 -1.009525e+01 -1.018872e+02
      endloop
   endfacet
   facet normal 2.416889e-01 -9.524471e-01 -1.855560e-01
      outer loop
         vertex 6.000000e+00 -9.446417e+00 -1.000076e+02
         vertex 2.000000e+00 -1.009525e+01 -1.018872e+02
         vertex 6.000000e+00 -9.133801e+00 -1.016122e+02
      endloop
   endfacet
   facet normal 2.416889e-01 -9.065314e-01 -3.461031e-01
      outer loop
         vertex 6.000000e+00 -9.133801e+00 -1.016122e+02
         vertex 2.000000e+00 -1.009525e+01 -1.018872e+02
         vertex 2.000000e+00 -9.450777e+00 -1.035752e+02
      endloop
   endfacet
   facet normal 2.416884e-01 -9.065319e-01 -3.461021e-01
      outer loop
         vertex 6.000000e+00 -9.133801e+00 -1.016122e+02
         vertex 2.000000e+00 -9.450777e+00 -1.035752e+02
         vertex 6.000000e+00 -8.550703e+00 -1.031395e+02
      endloop
   endfacet
   facet normal 2.416882e-01 -8.337713e-01 -4.963993e-01
      outer loop
         vertex 6.000000e+00 -8.550703e+00 -1.031395e+02
         vertex 2.000000e+00 -9.450777e+00 -1.035752e+02
         vertex 2.000000e+00 -8.526430e+00 -1.051278e+02
      endloop
   endfacet
   facet normal 2.416884e-01 -8.337711e-01 -4.963996e-01
      outer loop
         vertex 6.000000e+00 -8.550703e+00 -1.031395e+02
         vertex 2.000000e+00 -8.526430e+00 -1.051278e+02
         vertex 6.000000e+00 -7.714389e+00 -1.045442e+02
      endloop
   endfacet
   facet normal 2.416883e-01 -7.363192e-01 -6.319975e-01
      outer loop
         vertex 6.000000e+00 -7.714389e+00 -1.045442e+02
         vertex 2.000000e+00 -8.526430e+00 -1.051278e+02
         vertex 2.000000e+00 -7.349588e+00 -1.064989e+02
      endloop
   endfacet
   facet normal 2.416890e-01 -7.363178e-01 -6.319988e-01
      outer loop
         vertex 6.000000e+00 -7.714389e+00 -1.045442e+02
         vertex 2.000000e+00 -7.349588e+00 -1.064989e+02
         vertex 6.000000e+00 -6.649627e+00 -1.057847e+02
      endloop
   endfacet
   facet normal 2.416890e-01 -6.170615e-01 -7.488802e-01
      outer loop
         vertex 6.000000e+00 -6.649627e+00 -1.057847e+02
         vertex 2.000000e+00 -7.349588e+00 -1.064989e+02
         vertex 2.000000e+00 -5.955100e+00 -1.076479e+02
      endloop
   endfacet
   facet normal 2.416882e-01 -6.170631e-01 -7.488791e-01
      outer loop
         vertex 6.000000e+00 -6.649627e+00 -1.057847e+02
         vertex 2.000000e+00 -5.955100e+00 -1.076479e+02
         vertex 6.000000e+00 -5.387947e+00 -1.068243e+02
      endloop
   endfacet
   facet normal 2.416882e-01 -4.795325e-01 -8.435849e-01
      outer loop
         vertex 6.000000e+00 -5.387947e+00 -1.068243e+02
         vertex 2.000000e+00 -5.955100e+00 -1.076479e+02
         vertex 2.000000e+00 -4.384261e+00 -1.085409e+02
      endloop
   endfacet
   facet normal 2.416880e-01 -4.795329e-01 -8.435847e-01
      outer loop
         vertex 6.000000e+00 -5.387947e+00 -1.068243e+02
         vertex 2.000000e+00 -4.384261e+00 -1.085409e+02
         vertex 6.000000e+00 -3.966712e+00 -1.076322e+02
      endloop
   endfacet
   facet normal 2.416880e-01 -3.278038e-01 -9.133080e-01
      outer loop
         vertex 6.000000e+00 -3.966712e+00 -1.076322e+02
         vertex 2.000000e+00 -4.384261e+00 -1.085409e+02
         vertex 2.000000e+00 -2.683589e+00 -1.091513e+02
      endloop
   endfacet
   facet normal 2.416887e-01 -3.278021e-01 -9.133085e-01
      outer loop
         vertex 6.000000e+00 -3.966712e+00 -1.076322e+02
         vertex 2.000000e+00 -2.683589e+00 -1.091513e+02
         vertex 6.000000e+00 -2.428009e+00 -1.081845e+02
      endloop
   endfacet
   facet normal 2.416887e-01 -1.663647e-01 -9.559861e-01
      outer loop
         vertex 6.000000e+00 -2.428009e+00 -1.081845e+02
         vertex 2.000000e+00 -2.683589e+00 -1.091513e+02
         vertex 2.000000e+00 -9.034478e-01 -1.094611e+02
      endloop
   endfacet
   facet normal 2.416888e-01 -1.663643e-01 -9.559861e-01
      outer loop
         vertex 6.000000e+00 -2.428009e+00 -1.081845e+02
         vertex 2.000000e+00 -9.034478e-01 -1.094611e+02
         vertex 6.000000e+00 -8.174051e-01 -1.084648e+02
      endloop
   endfacet
   facet normal 2.416888e-01 0.000000e+00 -9.703538e-01
      outer loop
         vertex 6.000000e+00 -8.174051e-01 -1.084648e+02
         vertex 2.000000e+00 -9.034478e-01 -1.094611e+02
         vertex 2.000000e+00 9.034478e-01 -1.094611e+02
      endloop
   endfacet
   facet normal 2.416888e-01 0.000000e+00 -9.703538e-01
      outer loop
         vertex 6.000000e+00 -8.174051e-01 -1.084648e+02
         vertex 2.000000e+00 9.034478e-01 -1.094611e+02
         vertex 6.000000e+00 8.174051e-01 -1.084648e+02
      endloop
   endfacet
   facet normal 2.416888e-01 1.663647e-01 -9.559860e-01
      outer loop
         vertex 6.000000e+00 8.174051e-01 -1.084648e+02
         vertex 2.000000e+00 9.034478e-01 -1.094611e+02
         vertex 2.000000e+00 2.683589e+00 -1.091513e+02
      endloop
   endfacet
   facet normal 2.416887e-01 1.663643e-01 -9.559861e-01
      outer loop
         vertex 6.000000e+00 8.174051e-01 -1.084648e+02
         vertex 2.000000e+00 2.683589e+00 -1.091513e+02
         vertex 6.000000e+00 2.428009e+00 -1.081845e+02
      endloop
   endfacet
   facet normal 2.416886e-01 3.278038e-01 -9.133079e-01
      outer loop
         vertex 6.000000e+00 2.428009e+00 -1.081845e+02
         vertex 2.000000e+00 2.683589e+00 -1.091513e+02
         vertex 2.000000e+00 4.384261e+00 -1.085409e+02
      endloop
   endfacet
   facet normal 2.416879e-01 3.278022e-01 -9.133086e-01
      outer loop
         vertex 6.000000e+00 2.428009e+00 -1.081845e+02
         vertex 2.000000e+00 4.384261e+00 -1.085409e+02
         vertex 6.000000e+00 3.966712e+00 -1.076322e+02
      endloop
   endfacet
   facet normal 2.416880e-01 4.795325e-01 -8.435849e-01
      outer loop
         vertex 6.000000e+00 3.966712e+00 -1.076322e+02
         vertex 2.000000e+00 4.384261e+00 -1.085409e+02
         vertex 2.000000e+00 5.955100e+00 -1.076479e+02
      endloop
   endfacet
   facet normal 2.416882e-01 4.795328e-01 -8.435847e-01
      outer loop
         vertex 6.000000e+00 3.966712e+00 -1.076322e+02
         vertex 2.000000e+00 5.955100e+00 -1.076479e+02
         vertex 6.000000e+00 5.387947e+00 -1.068243e+02
      endloop
   endfacet
   facet normal 2.416883e-01 6.170616e-01 -7.488804e-01
      outer loop
         vertex 6.000000e+00 5.387947e+00 -1.068243e+02
         vertex 2.000000e+00 5.955100e+00 -1.076479e+02
         vertex 2.000000e+00 7.349588e+00 -1.064989e+02
      endloop
   endfacet
   facet normal 2.416891e-01 6.170630e-01 -7.488790e-01
      outer loop
         vertex 6.000000e+00 5.387947e+00 -1.068243e+02
         vertex 2.000000e+00 7.349588e+00 -1.064989e+02
         vertex 6.000000e+00 6.649627e+00 -1.057847e+02
      endloop
   endfacet
   facet normal 2.416890e-01 7.363191e-01 -6.319973e-01
      outer loop
         vertex 6.000000e+00 6.649627e+00 -1.057847e+02
         vertex 2.000000e+00 7.349588e+00 -1.064989e+02
         vertex 2.000000e+00 8.526430e+00 -1.051278e+02
      endloop
   endfacet
   facet normal 2.416882e-01 7.363179e-01 -6.319990e-01
      outer loop
         vertex 6.000000e+00 6.649627e+00 -1.057847e+02
         vertex 2.000000e+00 8.526430e+00 -1.051278e+02
         vertex 6.000000e+00 7.714389e+00 -1.045442e+02
      endloop
   endfacet
   facet normal 2.416884e-01 8.337712e-01 -4.963993e-01
      outer loop
         vertex 6.000000e+00 7.714389e+00 -1.045442e+02
         vertex 2.000000e+00 8.526430e+00 -1.051278e+02
         vertex 2.000000e+00 9.450777e+00 -1.035752e+02
      endloop
   endfacet
   facet normal 2.416882e-01 8.337711e-01 -4.963996e-01
      outer loop
         vertex 6.000000e+00 7.714389e+00 -1.045442e+02
         vertex 2.000000e+00 9.450777e+00 -1.035752e+02
         vertex 6.000000e+00 8.550703e+00 -1.031395e+02
      endloop
   endfacet
   facet normal 2.416884e-01 9.065315e-01 -3.461031e-01
      outer loop
         vertex 6.000000e+00 8.550703e+00 -1.031395e+02
         vertex 2.000000e+00 9.450777e+00 -1.035752e+02
         vertex 2.000000e+00 1.009525e+01 -1.018872e+02
      endloop
   endfacet
   facet normal 2.416889e-01 9.065318e-01 -3.461020e-01
      outer loop
         vertex 6.000000e+00 8.550703e+00 -1.031395e+02
         vertex 2.000000e+00 1.009525e+01 -1.018872e+02
         vertex 6.000000e+00 9.133801e+00 -1.016122e+02
      endloop
   endfacet
   facet normal 2.416888e-01 9.524472e-01 -1.855554e-01
      outer loop
         vertex 6.000000e+00 9.133801e+00 -1.016122e+02
         vertex 2.000000e+00 1.009525e+01 -1.018872e+02
         vertex 2.000000e+00 1.044078e+01 -1.001136e+02
      endloop
   endfacet
   facet normal 2.416886e-01 9.524472e-01 -1.855560e-01
      outer loop
         vertex 6.000000e+00 9.133801e+00 -1.016122e+02
         vertex 2.000000e+00 1.044078e+01 -1.001136e+02
         vertex 6.000000e+00 9.446417e+00 -1.000076e+02
      endloop
   endfacet
   facet normal 2.418076e-01 9.699861e-01 -2.561459e-02
      outer loop
         vertex 6.000000e+00 1.988719e+01 -2.121212e+00
         vertex 2.000000e+00 2.088155e+01 -2.227273e+00
         vertex 2.000000e+00 2.097000e+01 1.122109e+00
      endloop
   endfacet
   facet normal 2.418079e-01 9.699860e-01 -2.561413e-02
      outer loop
         vertex 6.000000e+00 1.988719e+01 -2.121212e+00
         vertex 2.000000e+00 2.097000e+01 1.122109e+00
         vertex 6.000000e+00 1.997143e+01 1.068675e+00
      endloop
   endfacet
   facet normal 2.418079e-01 9.617136e-01 1.289802e-01
      outer loop
         vertex 6.000000e+00 1.997143e+01 1.068675e+00
         vertex 2.000000e+00 2.097000e+01 1.122109e+00
         vertex 2.000000e+00 2.052463e+01 4.442926e+00
      endloop
   endfacet
   facet normal 2.418080e-01 9.617136e-01 1.289803e-01
      outer loop
         vertex 6.000000e+00 1.997143e+01 1.068675e+00
         vertex 2.000000e+00 2.052463e+01 4.442926e+00
         vertex 6.000000e+00 1.954727e+01 4.231358e+00
      endloop
   endfacet
   facet normal 2.418079e-01 9.289597e-01 2.802905e-01
      outer loop
         vertex 6.000000e+00 1.954727e+01 4.231358e+00
         vertex 2.000000e+00 2.052463e+01 4.442926e+00
         vertex 2.000000e+00 1.955678e+01 7.650644e+00
      endloop
   endfacet
   facet normal 2.418076e-01 9.289599e-01 2.802902e-01
      outer loop
         vertex 6.000000e+00 1.954727e+01 4.231358e+00
         vertex 2.000000e+00 1.955678e+01 7.650644e+00
         vertex 6.000000e+00 1.862551e+01 7.286327e+00
      endloop
   endfacet
   facet normal 2.418077e-01 8.725581e-01 4.244659e-01
      outer loop
         vertex 6.000000e+00 1.862551e+01 7.286327e+00
         vertex 2.000000e+00 1.955678e+01 7.650644e+00
         vertex 2.000000e+00 1.809109e+01 1.066360e+01
      endloop
   endfacet
   facet normal 2.418080e-01 8.725579e-01 4.244663e-01
      outer loop
         vertex 6.000000e+00 1.862551e+01 7.286327e+00
         vertex 2.000000e+00 1.809109e+01 1.066360e+01
         vertex 6.000000e+00 1.722961e+01 1.015581e+01
      endloop
   endfacet
   facet normal 2.418080e-01 7.939442e-01 5.578364e-01
      outer loop
         vertex 6.000000e+00 1.722961e+01 1.015581e+01
         vertex 2.000000e+00 1.809109e+01 1.066360e+01
         vertex 2.000000e+00 1.616487e+01 1.340511e+01
      endloop
   endfacet
   facet normal 2.418079e-01 7.939443e-01 5.578364e-01
      outer loop
         vertex 6.000000e+00 1.722961e+01 1.015581e+01
         vertex 2.000000e+00 1.616487e+01 1.340511e+01
         vertex 6.000000e+00 1.539511e+01 1.276677e+01
      endloop
   endfacet
   facet normal 2.418080e-01 6.951199e-01 6.770061e-01
      outer loop
         vertex 6.000000e+00 1.539511e+01 1.276677e+01
         vertex 2.000000e+00 1.616487e+01 1.340511e+01
         vertex 2.000000e+00 1.382715e+01 1.580537e+01
      endloop
   endfacet
   facet normal 2.418079e-01 6.951199e-01 6.770060e-01
      outer loop
         vertex 6.000000e+00 1.539511e+01 1.276677e+01
         vertex 2.000000e+00 1.382715e+01 1.580537e+01
         vertex 6.000000e+00 1.316872e+01 1.505274e+01
      endloop
   endfacet
   facet normal 2.418079e-01 5.786000e-01 7.789422e-01
      outer loop
         vertex 6.000000e+00 1.316872e+01 1.505274e+01
         vertex 2.000000e+00 1.382715e+01 1.580537e+01
         vertex 2.000000e+00 1.113745e+01 1.780329e+01
      endloop
   endfacet
   facet normal 2.418078e-01 5.786002e-01 7.789421e-01
      outer loop
         vertex 6.000000e+00 1.316872e+01 1.505274e+01
         vertex 2.000000e+00 1.113745e+01 1.780329e+01
         vertex 6.000000e+00 1.060709e+01 1.695552e+01
      endloop
   endfacet
   facet normal 2.418078e-01 4.473515e-01 8.610491e-01
      outer loop
         vertex 6.000000e+00 1.060709e+01 1.695552e+01
         vertex 2.000000e+00 1.113745e+01 1.780329e+01
         vertex 2.000000e+00 8.164229e+00 1.934801e+01
      endloop
   endfacet
   facet normal 2.418078e-01 4.473515e-01 8.610491e-01
      outer loop
         vertex 6.000000e+00 1.060709e+01 1.695552e+01
         vertex 2.000000e+00 8.164229e+00 1.934801e+01
         vertex 6.000000e+00 7.775456e+00 1.842667e+01
      endloop
   endfacet
   facet normal 2.418078e-01 3.047152e-01 9.212370e-01
      outer loop
         vertex 6.000000e+00 7.775456e+00 1.842667e+01
         vertex 2.000000e+00 8.164229e+00 1.934801e+01
         vertex 2.000000e+00 4.983178e+00 2.040019e+01
      endloop
   endfacet
   facet normal 2.418080e-01 3.047148e-01 9.212371e-01
      outer loop
         vertex 6.000000e+00 7.775456e+00 1.842667e+01
         vertex 2.000000e+00 4.983178e+00 2.040019e+01
         vertex 6.000000e+00 4.745884e+00 1.942876e+01
      endloop
   endfacet
   facet normal 2.418080e-01 1.543219e-01 9.579737e-01
      outer loop
         vertex 6.000000e+00 4.745884e+00 1.942876e+01
         vertex 2.000000e+00 4.983178e+00 2.040019e+01
         vertex 2.000000e+00 1.675275e+00 2.093307e+01
      endloop
   endfacet
   facet normal 2.418080e-01 1.543220e-01 9.579737e-01
      outer loop
         vertex 6.000000e+00 4.745884e+00 1.942876e+01
         vertex 2.000000e+00 1.675275e+00 2.093307e+01
         vertex 6.000000e+00 1.595500e+00 1.993626e+01
      endloop
   endfacet
   facet normal 2.418080e-01 0.000000e+00 9.703241e-01
      outer loop
         vertex 6.000000e+00 1.595500e+00 1.993626e+01
         vertex 2.000000e+00 1.675275e+00 2.093307e+01
         vertex 2.000000e+00 -1.675275e+00 2.093307e+01
      endloop
   endfacet
   facet normal 2.418080e-01 0.000000e+00 9.703241e-01
      outer loop
         vertex 6.000000e+00 1.595500e+00 1.993626e+01
         vertex 2.000000e+00 -1.675275e+00 2.093307e+01
         vertex 6.000000e+00 -1.595500e+00 1.993626e+01
      endloop
   endfacet
   facet normal 2.418080e-01 -1.543219e-01 9.579737e-01
      outer loop
         vertex 6.000000e+00 -1.595500e+00 1.993626e+01
         vertex 2.000000e+00 -1.675275e+00 2.093307e+01
         vertex 2.000000e+00 -4.983178e+00 2.040019e+01
      endloop
   endfacet
   facet normal 2.418080e-01 -1.543220e-01 9.579737e-01
      outer loop
         vertex 6.000000e+00 -1.595500e+00 1.993626e+01
         vertex 2.000000e+00 -4.983178e+00 2.040019e+01
         vertex 6.000000e+00 -4.745884e+00 1.942876e+01
      endloop
   endfacet
   facet normal 2.418080e-01 -3.047151e-01 9.212370e-01
      outer loop
         vertex 6.000000e+00 -4.745884e+00 1.942876e+01
         vertex 2.000000e+00 -4.983178e+00 2.040019e+01
         vertex 2.000000e+00 -8.164229e+00 1.934801e+01
      endloop
   endfacet
   facet normal 2.418078e-01 -3.047149e-01 9.212371e-01
      outer loop
         vertex 6.000000e+00 -4.745884e+00 1.942876e+01
         vertex 2.000000e+00 -8.164229e+00 1.934801e+01
         vertex 6.000000e+00 -7.775456e+00 1.842667e+01
      endloop
   endfacet
   facet normal 2.418078e-01 -4.473515e-01 8.610491e-01
      outer loop
         vertex 6.000000e+00 -7.775456e+00 1.842667e+01
         vertex 2.000000e+00 -8.164229e+00 1.934801e+01
         vertex 2.000000e+00 -1.113745e+01 1.780329e+01
      endloop
   endfacet
   facet normal 2.418078e-01 -4.473515e-01 8.610491e-01
      outer loop
         vertex 6.000000e+00 -7.775456e+00 1.842667e+01
         vertex 2.000000e+00 -1.113745e+01 1.780329e+01
         vertex 6.000000e+00 -1.060709e+01 1.695552e+01
      endloop
   endfacet
   facet normal 2.418078e-01 -5.786001e-01 7.789422e-01
      outer loop
         vertex 6.000000e+00 -1.060709e+01 1.695552e+01
         vertex 2.000000e+00 -1.113745e+01 1.780329e+01
         vertex 2.000000e+00 -1.382715e+01 1.580537e+01
      endloop
   endfacet
   facet normal 2.418079e-01 -5.786002e-01 7.789421e-01
      outer loop
         vertex 6.000000e+00 -1.060709e+01 1.695552e+01
         vertex 2.000000e+00 -1.382715e+01 1.580537e+01
         vertex 6.000000e+00 -1.316872e+01 1.505274e+01
      endloop
   endfacet
   facet normal 2.418079e-01 -6.951199e-01 6.770061e-01
      outer loop
         vertex 6.000000e+00 -1.316872e+01 1.505274e+01
         vertex 2.000000e+00 -1.382715e+01 1.580537e+01
         vertex 2.000000e+00 -1.616487e+01 1.340511e+01
      endloop
   endfacet
   facet normal 2.418080e-01 -6.951199e-01 6.770060e-01
      outer loop
         vertex 6.000000e+00 -1.316872e+01 1.505274e+01
         vertex 2.000000e+00 -1.616487e+01 1.340511e+01
         vertex 6.000000e+00 -1.539511e+01 1.276677e+01
      endloop
   endfacet
   facet normal 2.418079e-01 -7.939442e-01 5.578364e-01
      outer loop
         vertex 6.000000e+00 -1.539511e+01 1.276677e+01
         vertex 2.000000e+00 -1.616487e+01 1.340511e+01
         vertex 2.000000e+00 -1.809109e+01 1.066360e+01
      endloop
   endfacet
   facet normal 2.418080e-01 -7.939442e-01 5.578364e-01
      outer loop
         vertex 6.000000e+00 -1.539511e+01 1.276677e+01
         vertex 2.000000e+00 -1.809109e+01 1.066360e+01
         vertex 6.000000e+00 -1.722961e+01 1.015581e+01
      endloop
   endfacet
   facet normal 2.418080e-01 -8.725581e-01 4.244659e-01
      outer loop
         vertex 6.000000e+00 -1.722961e+01 1.015581e+01
         vertex 2.000000e+00 -1.809109e+01 1.066360e+01
         vertex 2.000000e+00 -1.955678e+01 7.650644e+00
      endloop
   endfacet
   facet normal 2.418077e-01 -8.725580e-01 4.244663e-01
      outer loop
         vertex 6.000000e+00 -1.722961e+01 1.015581e+01
         vertex 2.000000e+00 -1.955678e+01 7.650644e+00
         vertex 6.000000e+00 -1.862551e+01 7.286327e+00
      endloop
   endfacet
   facet normal 2.418077e-01 -9.289598e-01 2.802906e-01
      outer loop
         vertex 6.000000e+00 -1.862551e+01 7.286327e+00
         vertex 2.000000e+00 -1.955678e+01 7.650644e+00
         vertex 2.000000e+00 -2.052463e+01 4.442926e+00
      endloop
   endfacet
   facet normal 2.418080e-01 -9.289598e-01 2.802902e-01
      outer loop
         vertex 6.000000e+00 -1.862551e+01 7.286327e+00
         vertex 2.000000e+00 -2.052463e+01 4.442926e+00
         vertex 6.000000e+00 -1.954727e+01 4.231358e+00
      endloop
   endfacet
   facet normal 2.418080e-01 -9.617136e-01 1.289802e-01
      outer loop
         vertex 6.000000e+00 -1.954727e+01 4.231358e+00
         vertex 2.000000e+00 -2.052463e+01 4.442926e+00
         vertex 2.000000e+00 -2.097000e+01 1.122109e+00
      endloop
   endfacet
   facet normal 2.418079e-01 -9.617136e-01 1.289803e-01
      outer loop
         vertex 6.000000e+00 -1.954727e+01 4.231358e+00
         vertex 2.000000e+00 -2.097000e+01 1.122109e+00
         vertex 6.000000e+00 -1.997143e+01 1.068675e+00
      endloop
   endfacet
   facet normal 2.418079e-01 -9.699860e-01 -2.561459e-02
      outer loop
         vertex 6.000000e+00 -1.997143e+01 1.068675e+00
         vertex 2.000000e+00 -2.097000e+01 1.122109e+00
         vertex 2.000000e+00 -2.088155e+01 -2.227273e+00
      endloop
   endfacet
   facet normal 2.418076e-01 -9.699861e-01 -2.561413e-02
      outer loop
         vertex 6.000000e+00 -1.997143e+01 1.068675e+00
         vertex 2.000000e+00 -2.088155e+01 -2.227273e+00
         vertex 6.000000e+00 -1.988719e+01 -2.121212e+00
      endloop
   endfacet
   facet normal 2.425353e-01 9.646707e-01 -1.028939e-01
      outer loop
         vertex 2.000000e+00 2.088155e+01 -2.227273e+00
         vertex 6.000000e+00 1.988719e+01 -2.121212e+00
         vertex 6.000000e+00 1.866316e+01 -1.359702e+01
      endloop
   endfacet
   facet normal 2.425349e-01 9.646707e-01 -1.028941e-01
      outer loop
         vertex 6.000000e+00 1.866316e+01 -1.359702e+01
         vertex 6.000000e+00 1.842636e+01 -1.581707e+01
         vertex 2.000000e+00 2.088155e+01 -2.227273e+00
      endloop
   endfacet
   facet normal 2.425355e-01 9.646706e-01 -1.028939e-01
      outer loop
         vertex 2.000000e+00 2.088155e+01 -2.227273e+00
         vertex 6.000000e+00 1.842636e+01 -1.581707e+01
         vertex 6.000000e+00 1.359702e+01 -6.109405e+01
      endloop
   endfacet
   facet normal 2.425356e-01 9.646706e-01 -1.028939e-01
      outer loop
         vertex 2.000000e+00 2.088155e+01 -2.227273e+00
         vertex 6.000000e+00 1.359702e+01 -6.109405e+01
         vertex 2.000000e+00 1.044078e+01 -1.001136e+02
      endloop
   endfacet
   facet normal 2.425356e-01 9.646706e-01 -1.028939e-01
      outer loop
         vertex 2.000000e+00 1.044078e+01 -1.001136e+02
         vertex 6.000000e+00 1.359702e+01 -6.109405e+01
         vertex 6.000000e+00 1.028354e+01 -9.215917e+01
      endloop
   endfacet
   facet normal 2.425355e-01 9.646706e-01 -1.028938e-01
      outer loop
         vertex 2.000000e+00 1.044078e+01 -1.001136e+02
         vertex 6.000000e+00 1.028354e+01 -9.215917e+01
         vertex 6.000000e+00 9.446417e+00 -1.000076e+02
      endloop
   endfacet
   facet normal -2.425355e-01 -9.646706e-01 -1.028939e-01
      outer loop
         vertex -6.000000e+00 -9.446417e+00 -1.000076e+02
         vertex -2.000000e+00 -1.044078e+01 -1.001136e+02
         vertex -6.000000e+00 -1.988719e+01 -2.121212e+00
      endloop
   endfacet
   facet normal -2.425353e-01 -9.646707e-01 -1.028939e-01
      outer loop
         vertex -6.000000e+00 -1.988719e+01 -2.121212e+00
         vertex -2.000000e+00 -1.044078e+01 -1.001136e+02
         vertex -2.000000e+00 -2.088155e+01 -2.227273e+00
      endloop
   endfacet
   facet normal -2.416886e-01 9.524473e-01 -1.855554e-01
      outer loop
         vertex -6.000000e+00 9.446417e+00 -1.000076e+02
         vertex -2.000000e+00 1.044078e+01 -1.001136e+02
         vertex -2.000000e+00 1.009525e+01 -1.018872e+02
      endloop
   endfacet
   facet normal -2.416889e-01 9.524471e-01 -1.855560e-01
      outer loop
         vertex -6.000000e+00 9.446417e+00 -1.000076e+02
         vertex -2.000000e+00 1.009525e+01 -1.018872e+02
         vertex -6.000000e+00 9.133801e+00 -1.016122e+02
      endloop
   endfacet
   facet normal -2.416889e-01 9.065314e-01 -3.461031e-01
      outer loop
         vertex -6.000000e+00 9.133801e+00 -1.016122e+02
         vertex -2.000000e+00 1.009525e+01 -1.018872e+02
         vertex -2.000000e+00 9.450777e+00 -1.035752e+02
      endloop
   endfacet
   facet normal -2.416884e-01 9.065319e-01 -3.461021e-01
      outer loop
         vertex -6.000000e+00 9.133801e+00 -1.016122e+02
         vertex -2.000000e+00 9.450777e+00 -1.035752e+02
         vertex -6.000000e+00 8.550703e+00 -1.031395e+02
      endloop
   endfacet
   facet normal -2.416882e-01 8.337713e-01 -4.963993e-01
      outer loop
         vertex -6.000000e+00 8.550703e+00 -1.031395e+02
         vertex -2.000000e+00 9.450777e+00 -1.035752e+02
         vertex -2.000000e+00 8.526430e+00 -1.051278e+02
      endloop
   endfacet
   facet normal -2.416884e-01 8.337711e-01 -4.963996e-01
      outer loop
         vertex -6.000000e+00 8.550703e+00 -1.031395e+02
         vertex -2.000000e+00 8.526430e+00 -1.051278e+02
         vertex -6.000000e+00 7.714389e+00 -1.045442e+02
      endloop
   endfacet
   facet normal -2.416883e-01 7.363192e-01 -6.319975e-01
      outer loop
         vertex -6.000000e+00 7.714389e+00 -1.045442e+02
         vertex -2.000000e+00 8.526430e+00 -1.051278e+02
         vertex -2.000000e+00 7.349588e+00 -1.064989e+02
      endloop
   endfacet
   facet normal -2.416890e-01 7.363178e-01 -6.319988e-01
      outer loop
         vertex -6.000000e+00 7.714389e+00 -1.045442e+02
         vertex -2.000000e+00 7.349588e+00 -1.064989e+02
         vertex -6.000000e+00 6.649627e+00 -1.057847e+02
      endloop
   endfacet
   facet normal -2.416890e-01 6.170615e-01 -7.488802e-01
      outer loop
         vertex -6.000000e+00 6.649627e+00 -1.057847e+02
         vertex -2.000000e+00 7.349588e+00 -1.064989e+02
         vertex -2.000000e+00 5.955100e+00 -1.076479e+02
      endloop
   endfacet
   facet normal -2.416882e-01 6.170631e-01 -7.488791e-01
      outer loop
         vertex -6.000000e+00 6.649627e+00 -1.057847e+02
         vertex -2.000000e+00 5.955100e+00 -1.076479e+02
         vertex -6.000000e+00 5.387947e+00 -1.068243e+02
      endloop
   endfacet
   facet normal -2.416882e-01 4.795325e-01 -8.435849e-01
      outer loop
         vertex -6.000000e+00 5.387947e+00 -1.068243e+02
         vertex -2.000000e+00 5.955100e+00 -1.076479e+02
         vertex -2.000000e+00 4.384261e+00 -1.085409e+02
      endloop
   endfacet
   facet normal -2.416880e-01 4.795329e-01 -8.435847e-01
      outer loop
         vertex -6.000000e+00 5.387947e+00 -1.068243e+02
         vertex -2.000000e+00 4.384261e+00 -1.085409e+02
         vertex -6.000000e+00 3.966712e+00 -1.076322e+02
      endloop
   endfacet
   facet normal -2.416880e-01 3.278038e-01 -9.133080e-01
      outer loop
         vertex -6.000000e+00 3.966712e+00 -1.076322e+02
         vertex -2.000000e+00 4.384261e+00 -1.085409e+02
         vertex -2.000000e+00 2.683589e+00 -1.091513e+02
      endloop
   endfacet
   facet normal -2.416887e-01 3.278021e-01 -9.133085e-01
      outer loop
         vertex -6.000000e+00 3.966712e+00 -1.076322e+02
         vertex -2.000000e+00 2.683589e+00 -1.091513e+02
         vertex -6.000000e+00 2.428009e+00 -1.081845e+02
      endloop
   endfacet
   facet normal -2.416887e-01 1.663647e-01 -9.559861e-01
      outer loop
         vertex -6.000000e+00 2.428009e+00 -1.081845e+02
         vertex -2.000000e+00 2.683589e+00 -1.091513e+02
         vertex -2.000000e+00 9.034478e-01 -1.094611e+02
      endloop
   endfacet
   facet normal -2.416888e-01 1.663643e-01 -9.559861e-01
      outer loop
         vertex -6.000000e+00 2.428009e+00 -1.081845e+02
         vertex -2.000000e+00 9.034478e-01 -1.094611e+02
         vertex -6.000000e+00 8.174051e-01 -1.084648e+02
      endloop
   endfacet
   facet normal -2.416888e-01 0.000000e+00 -9.703538e-01
      outer loop
         vertex -6.000000e+00 8.174051e-01 -1.084648e+02
         vertex -2.000000e+00 9.034478e-01 -1.094611e+02
         vertex -2.000000e+00 -9.034478e-01 -1.094611e+02
      endloop
   endfacet
   facet normal -2.416888e-01 -0.000000e+00 -9.703538e-01
      outer loop
         vertex -6.000000e+00 8.174051e-01 -1.084648e+02
         vertex -2.000000e+00 -9.034478e-01 -1.094611e+02
         vertex -6.000000e+00 -8.174051e-01 -1.084648e+02
      endloop
   endfacet
   facet normal -2.416888e-01 -1.663647e-01 -9.559860e-01
      outer loop
         vertex -6.000000e+00 -8.174051e-01 -1.084648e+02
         vertex -2.000000e+00 -9.034478e-01 -1.094611e+02
         vertex -2.000000e+00 -2.683589e+00 -1.091513e+02
      endloop
   endfacet
   facet normal -2.416887e-01 -1.663643e-01 -9.559861e-01
      outer loop
         vertex -6.000000e+00 -8.174051e-01 -1.084648e+02
         vertex -2.000000e+00 -2.683589e+00 -1.091513e+02
         vertex -6.000000e+00 -2.428009e+00 -1.081845e+02
      endloop
   endfacet
   facet normal -2.416886e-01 -3.278038e-01 -9.133079e-01
      outer loop
         vertex -6.000000e+00 -2.428009e+00 -1.081845e+02
         vertex -2.000000e+00 -2.683589e+00 -1.091513e+02
         vertex -2.000000e+00 -4.384261e+00 -1.085409e+02
      endloop
   endfacet
   facet normal -2.416879e-01 -3.278022e-01 -9.133086e-01
      outer loop
         vertex -6.000000e+00 -2.428009e+00 -1.081845e+02
         vertex -2.000000e+00 -4.384261e+00 -1.085409e+02
         vertex -6.000000e+00 -3.966712e+00 -1.076322e+02
      endloop
   endfacet
   facet normal -2.416880e-01 -4.795325e-01 -8.435849e-01
      outer loop
         vertex -6.000000e+00 -3.966712e+00 -1.076322e+02
         vertex -2.000000e+00 -4.384261e+00 -1.085409e+02
         vertex -2.000000e+00 -5.955100e+00 -1.076479e+02
      endloop
   endfacet
   facet normal -2.416882e-01 -4.795328e-01 -8.435847e-01
      outer loop
         vertex -6.000000e+00 -3.966712e+00 -1.076322e+02
         vertex -2.000000e+00 -5.955100e+00 -1.076479e+02
         vertex -6.000000e+00 -5.387947e+00 -1.068243e+02
      endloop
   endfacet
   facet normal -2.416883e-01 -6.170616e-01 -7.488804e-01
      outer loop
         vertex -6.000000e+00 -5.387947e+00 -1.068243e+02
         vertex -2.000000e+00 -5.955100e+00 -1.076479e+02
         vertex -2.000000e+00 -7.349588e+00 -1.064989e+02
      endloop
   endfacet
   facet normal -2.416891e-01 -6.170630e-01 -7.488790e-01
      outer loop
         vertex -6.000000e+00 -5.387947e+00 -1.068243e+02
         vertex -2.000000e+00 -7.349588e+00 -1.064989e+02
         vertex -6.000000e+00 -6.649627e+00 -1.057847e+02
      endloop
   endfacet
   facet normal -2.416890e-01 -7.363191e-01 -6.319973e-01
      outer loop
         vertex -6.000000e+00 -6.649627e+00 -1.057847e+02
         vertex -2.000000e+00 -7.349588e+00 -1.064989e+02
         vertex -2.000000e+00 -8.526430e+00 -1.051278e+02
      endloop
   endfacet
   facet normal -2.416882e-01 -7.363179e-01 -6.319990e-01
      outer loop
         vertex -6.000000e+00 -6.649627e+00 -1.057847e+02
         vertex -2.000000e+00 -8.526430e+00 -1.051278e+02
         vertex -6.000000e+00 -7.714389e+00 -1.045442e+02
      endloop
   endfacet
   facet normal -2.416884e-01 -8.337712e-01 -4.963993e-01
      outer loop
         vertex -6.000000e+00 -7.714389e+00 -1.045442e+02
         vertex -2.000000e+00 -8.526430e+00 -1.051278e+02
         vertex -2.000000e+00 -9.450777e+00 -1.035752e+02
      endloop
   endfacet
   facet normal -2.416882e-01 -8.337711e-01 -4.963996e-01
      outer loop
         vertex -6.000000e+00 -7.714389e+00 -1.045442e+02
         vertex -2.000000e+00 -9.450777e+00 -1.035752e+02
         vertex -6.000000e+00 -8.550703e+00 -1.031395e+02
      endloop
   endfacet
   facet normal -2.416884e-01 -9.065315e-01 -3.461031e-01
      outer loop
         vertex -6.000000e+00 -8.550703e+00 -1.031395e+02
         vertex -2.000000e+00 -9.450777e+00 -1.035752e+02
         vertex -2.000000e+00 -1.009525e+01 -1.018872e+02
      endloop
   endfacet
   facet normal -2.416889e-01 -9.065318e-01 -3.461020e-01
      outer loop
         vertex -6.000000e+00 -8.550703e+00 -1.031395e+02
         vertex -2.000000e+00 -1.009525e+01 -1.018872e+02
         vertex -6.000000e+00 -9.133801e+00 -1.016122e+02
      endloop
   endfacet
   facet normal -2.416888e-01 -9.524472e-01 -1.855554e-01
      outer loop
         vertex -6.000000e+00 -9.133801e+00 -1.016122e+02
         vertex -2.000000e+00 -1.009525e+01 -1.018872e+02
         vertex -2.000000e+00 -1.044078e+01 -1.001136e+02
      endloop
   endfacet
   facet normal -2.416886e-01 -9.524472e-01 -1.855560e-01
      outer loop
         vertex -6.000000e+00 -9.133801e+00 -1.016122e+02
         vertex -2.000000e+00 -1.044078e+01 -1.001136e+02
         vertex -6.000000e+00 -9.446417e+00 -1.000076e+02
      endloop
   endfacet
   facet normal -2.418076e-01 -9.699861e-01 -2.561459e-02
      outer loop
         vertex -6.000000e+00 -1.988719e+01 -2.121212e+00
         vertex -2.000000e+00 -2.088155e+01 -2.227273e+00
         vertex -2.000000e+00 -2.097000e+01 1.122109e+00
      endloop
   endfacet
   facet normal -2.418079e-01 -9.699860e-01 -2.561413e-02
      outer loop
         vertex -6.000000e+00 -1.988719e+01 -2.121212e+00
         vertex -2.000000e+00 -2.097000e+01 1.122109e+00
         vertex -6.000000e+00 -1.997143e+01 1.068675e+00
      endloop
   endfacet
   facet normal -2.418079e-01 -9.617136e-01 1.289802e-01
      outer loop
         vertex -6.000000e+00 -1.997143e+01 1.068675e+00
         vertex -2.000000e+00 -2.097000e+01 1.122109e+00
         vertex -2.000000e+00 -2.052463e+01 4.442926e+00
      endloop
   endfacet
   facet normal -2.418080e-01 -9.617136e-01 1.289803e-01
      outer loop
         vertex -6.000000e+00 -1.997143e+01 1.068675e+00
         vertex -2.000000e+00 -2.052463e+01 4.442926e+00
         vertex -6.000000e+00 -1.954727e+01 4.231358e+00
      endloop
   endfacet
   facet normal -2.418079e-01 -9.289597e-01 2.802905e-01
      outer loop
         vertex -6.000000e+00 -1.954727e+01 4.231358e+00
         vertex -2.000000e+00 -2.052463e+01 4.442926e+00
         vertex -2.000000e+00 -1.955678e+01 7.650644e+00
      endloop
   endfacet
   facet normal -2.418076e-01 -9.289599e-01 2.802902e-01
      outer loop
         vertex -6.000000e+00 -1.954727e+01 4.231358e+00
         vertex -2.000000e+00 -1.955678e+01 7.650644e+00
         vertex -6.000000e+00 -1.862551e+01 7.286327e+00
      endloop
   endfacet
   facet normal -2.418077e-01 -8.725581e-01 4.244659e-01
      outer loop
         vertex -6.000000e+00 -1.862551e+01 7.286327e+00
         vertex -2.000000e+00 -1.955678e+01 7.650644e+00
         vertex -2.000000e+00 -1.809109e+01 1.066360e+01
      endloop
   endfacet
   facet normal -2.418080e-01 -8.725579e-01 4.244663e-01
      outer loop
         vertex -6.000000e+00 -1.862551e+01 7.286327e+00
         vertex -2.000000e+00 -1.809109e+01 1.066360e+01
         vertex -6.000000e+00 -1.722961e+01 1.015581e+01
      endloop
   endfacet
   facet normal -2.418080e-01 -7.939442e-01 5.578364e-01
      outer loop
         vertex -6.000000e+00 -1.722961e+01 1.015581e+01
         vertex -2.000000e+00 -1.809109e+01 1.066360e+01
         vertex -2.000000e+00 -1.616487e+01 1.340511e+01
      endloop
   endfacet
   facet normal -2.418079e-01 -7.939443e-01 5.578364e-01
      outer loop
         vertex -6.000000e+00 -1.722961e+01 1.015581e+01
         vertex -2.000000e+00 -1.616487e+01 1.340511e+01
         vertex -6.000000e+00 -1.539511e+01 1.276677e+01
      endloop
   endfacet
   facet normal -2.418080e-01 -6.951199e-01 6.770061e-01
      outer loop
         vertex -6.000000e+00 -1.539511e+01 1.276677e+01
         vertex -2.000000e+00 -1.616487e+01 1.340511e+01
         vertex -2.000000e+00 -1.382715e+01 1.580537e+01
      endloop
   endfacet
   facet normal -2.418079e-01 -6.951199e-01 6.770060e-01
      outer loop
         vertex -6.000000e+00 -1.539511e+01 1.276677e+01
         vertex -2.000000e+00 -1.382715e+01 1.580537e+01
         vertex -6.000000e+00 -1.316872e+01 1.505274e+01
      endloop
   endfacet
   facet normal -2.418079e-01 -5.786000e-01 7.789422e-01
      outer loop
         vertex -6.000000e+00 -1.316872e+01 1.505274e+01
         vertex -2.000000e+00 -1.382715e+01 1.580537e+01
         vertex -2.000000e+00 -1.113745e+01 1.780329e+01
      endloop
   endfacet
   facet normal -2.418078e-01 -5.786002e-01 7.789421e-01
      outer loop
         vertex -6.000000e+00 -1.316872e+01 1.505274e+01
         vertex -2.000000e+00 -1.113745e+01 1.780329e+01
         vertex -6.000000e+00 -1.060709e+01 1.695552e+01
      endloop
   endfacet
   facet normal -2.418078e-01 -4.473515e-01 8.610491e-01
      outer loop
         vertex -6.000000e+00 -1.060709e+01 1.695552e+01
         vertex -2.000000e+00 -1.113745e+01 1.780329e+01
         vertex -2.000000e+00 -8.164229e+00 1.934801e+01
      endloop
   endfacet
   facet normal -2.418078e-01 -4.473515e-01 8.610491e-01
      outer loop
         vertex -6.000000e+00 -1.060709e+01 1.695552e+01
         vertex -2.000000e+00 -8.164229e+00 1.934801e+01
         vertex -6.000000e+00 -7.775456e+00 1.842667e+01
      endloop
   endfacet
   facet normal -2.418078e-01 -3.047152e-01 9.212370e-01
      outer loop
         vertex -6.000000e+00 -7.775456e+00 1.842667e+01
         vertex -2.000000e+00 -8.164229e+00 1.934801e+01
         vertex -2.000000e+00 -4.983178e+00 2.040019e+01
      endloop
   endfacet
   facet normal -2.418080e-01 -3.047148e-01 9.212371e-01
      outer loop
         vertex -6.000000e+00 -7.775456e+00 1.842667e+01
         vertex -2.000000e+00 -4.983178e+00 2.040019e+01
         vertex -6.000000e+00 -4.745884e+00 1.942876e+01
      endloop
   endfacet
   facet normal -2.418080e-01 -1.543219e-01 9.579737e-01
      outer loop
         vertex -6.000000e+00 -4.745884e+00 1.942876e+01
         vertex -2.000000e+00 -4.983178e+00 2.040019e+01
         vertex -2.000000e+00 -1.675275e+00 2.093307e+01
      endloop
   endfacet
   facet normal -2.418080e-01 -1.543220e-01 9.579737e-01
      outer loop
         vertex -6.000000e+00 -4.745884e+00 1.942876e+01
         vertex -2.000000e+00 -1.675275e+00 2.093307e+01
         vertex -6.000000e+00 -1.595500e+00 1.993626e+01
      endloop
   endfacet
   facet normal -2.418080e-01 0.000000e+00 9.703241e-01
      outer loop
         vertex -6.000000e+00 -1.595500e+00 1.993626e+01
         vertex -2.000000e+00 -1.675275e+00 2.093307e+01
         vertex -2.000000e+00 1.675275e+00 2.093307e+01
      endloop
   endfacet
   facet normal -2.418080e-01 0.000000e+00 9.703241e-01
      outer loop
         vertex -6.000000e+00 -1.595500e+00 1.993626e+01
         vertex -2.000000e+00 1.675275e+00 2.093307e+01
         vertex -6.000000e+00 1.595500e+00 1.993626e+01
      endloop
   endfacet
   facet normal -2.418080e-01 1.543219e-01 9.579737e-01
      outer loop
         vertex -6.000000e+00 1.595500e+00 1.993626e+01
         vertex -2.000000e+00 1.675275e+00 2.093307e+01
         vertex -2.000000e+00 4.983178e+00 2.040019e+01
      endloop
   endfacet
   facet normal -2.418080e-01 1.543220e-01 9.579737e-01
      outer loop
         vertex -6.000000e+00 1.595500e+00 1.993626e+01
         vertex -2.000000e+00 4.983178e+00 2.040019e+01
         vertex -6.000000e+00 4.745884e+00 1.942876e+01
      endloop
   endfacet
   facet normal -2.418080e-01 3.047151e-01 9.212370e-01
      outer loop
         vertex -6.000000e+00 4.745884e+00 1.942876e+01
         vertex -2.000000e+00 4.983178e+00 2.040019e+01
         vertex -2.000000e+00 8.164229e+00 1.934801e+01
      endloop
   endfacet
   facet normal -2.418078e-01 3.047149e-01 9.212371e-01
      outer loop
         vertex -6.000000e+00 4.745884e+00 1.942876e+01
         vertex -2.000000e+00 8.164229e+00 1.934801e+01
         vertex -6.000000e+00 7.775456e+00 1.842667e+01
      endloop
   endfacet
   facet normal -2.418078e-01 4.473515e-01 8.610491e-01
      outer loop
         vertex -6.000000e+00 7.775456e+00 1.842667e+01
         vertex -2.000000e+00 8.164229e+00 1.934801e+01
         vertex -2.000000e+00 1.113745e+01 1.780329e+01
      endloop
   endfacet
   facet normal -2.418078e-01 4.473515e-01 8.610491e-01
      outer loop
         vertex -6.000000e+00 7.775456e+00 1.842667e+01
         vertex -2.000000e+00 1.113745e+01 1.780329e+01
         vertex -6.000000e+00 1.060709e+01 1.695552e+01
      endloop
   endfacet
   facet normal -2.418078e-01 5.786001e-01 7.789422e-01
      outer loop
         vertex -6.000000e+00 1.060709e+01 1.695552e+01
         vertex -2.000000e+00 1.113745e+01 1.780329e+01
         vertex -2.000000e+00 1.382715e+01 1.580537e+01
      endloop
   endfacet
   facet normal -2.418079e-01 5.786002e-01 7.789421e-01
      outer loop
         vertex -6.000000e+00 1.060709e+01 1.695552e+01
         vertex -2.000000e+00 1.382715e+01 1.580537e+01
         vertex -6.000000e+00 1.316872e+01 1.505274e+01
      endloop
   endfacet
   facet normal -2.418079e-01 6.951199e-01 6.770061e-01
      outer loop
         vertex -6.000000e+00 1.316872e+01 1.505274e+01
         vertex -2.000000e+00 1.382715e+01 1.580537e+01
         vertex -2.000000e+00 1.616487e+01 1.340511e+01
      endloop
   endfacet
   facet normal -2.418080e-01 6.951199e-01 6.770060e-01
      outer loop
         vertex -6.000000e+00 1.316872e+01 1.505274e+01
         vertex -2.000000e+00 1.616487e+01 1.340511e+01
         vertex -6.000000e+00 1.539511e+01 1.276677e+01
      endloop
   endfacet
   facet normal -2.418079e-01 7.939442e-01 5.578364e-01
      outer loop
         vertex -6.000000e+00 1.539511e+01 1.276677e+01
         vertex -2.000000e+00 1.616487e+01 1.340511e+01
         vertex -2.000000e+00 1.809109e+01 1.066360e+01
      endloop
   endfacet
   facet normal -2.418080e-01 7.939442e-01 5.578364e-01
      outer loop
         vertex -6.000000e+00 1.539511e+01 1.276677e+01
         vertex -2.000000e+00 1.809109e+01 1.066360e+01
         vertex -6.000000e+00 1.722961e+01 1.015581e+01
      endloop
   endfacet
   facet normal -2.418080e-01 8.725581e-01 4.244659e-01
      outer loop
         vertex -6.000000e+00 1.722961e+01 1.015581e+01
         vertex -2.000000e+00 1.809109e+01 1.066360e+01
         vertex -2.000000e+00 1.955678e+01 7.650644e+00
      endloop
   endfacet
   facet normal -2.418077e-01 8.725580e-01 4.244663e-01
      outer loop
         vertex -6.000000e+00 1.722961e+01 1.015581e+01
         vertex -2.000000e+00 1.955678e+01 7.650644e+00
         vertex -6.000000e+00 1.862551e+01 7.286327e+00
      endloop
   endfacet
   facet normal -2.418077e-01 9.289598e-01 2.802906e-01
      outer loop
         vertex -6.000000e+00 1.862551e+01 7.286327e+00
         vertex -2.000000e+00 1.955678e+01 7.650644e+00
         vertex -2.000000e+00 2.052463e+01 4.442926e+00
      endloop
   endfacet
   facet normal -2.418080e-01 9.289598e-01 2.802902e-01
      outer loop
         vertex -6.000000e+00 1.862551e+01 7.286327e+00
         vertex -2.000000e+00 2.052463e+01 4.442926e+00
         vertex -6.000000e+00 1.954727e+01 4.231358e+00
      endloop
   endfacet
   facet normal -2.418080e-01 9.617136e-01 1.289802e-01
      outer loop
         vertex -6.000000e+00 1.954727e+01 4.231358e+00
         vertex -2.000000e+00 2.052463e+01 4.442926e+00
         vertex -2.000000e+00 2.097000e+01 1.122109e+00
      endloop
   endfacet
   facet normal -2.418079e-01 9.617136e-01 1.289803e-01
      outer loop
         vertex -6.000000e+00 1.954727e+01 4.231358e+00
         vertex -2.000000e+00 2.097000e+01 1.122109e+00
         vertex -6.000000e+00 1.997143e+01 1.068675e+00
      endloop
   endfacet
   facet normal -2.418079e-01 9.699860e-01 -2.561459e-02
      outer loop
         vertex -6.000000e+00 1.997143e+01 1.068675e+00
         vertex -2.000000e+00 2.097000e+01 1.122109e+00
         vertex -2.000000e+00 2.088155e+01 -2.227273e+00
      endloop
   endfacet
   facet normal -2.418076e-01 9.699861e-01 -2.561413e-02
      outer loop
         vertex -6.000000e+00 1.997143e+01 1.068675e+00
         vertex -2.000000e+00 2.088155e+01 -2.227273e+00
         vertex -6.000000e+00 1.988719e+01 -2.121212e+00
      endloop
   endfacet
   facet normal -2.425353e-01 9.646707e-01 -1.028939e-01
      outer loop
         vertex -6.000000e+00 1.988719e+01 -2.121212e+00
         vertex -2.000000e+00 2.088155e+01 -2.227273e+00
         vertex -6.000000e+00 9.446417e+00 -1.000076e+02
      endloop
   endfacet
   facet normal -2.425355e-01 9.646706e-01 -1.028939e-01
      outer loop
         vertex -6.000000e+00 9.446417e+00 -1.000076e+02
         vertex -2.000000e+00 2.088155e+01 -2.227273e+00
         vertex -2.000000e+00 1.044078e+01 -1.001136e+02
      endloop
   endfacet
   facet normal 0.000000e+00 -9.961947e-01 -8.715596e-02
      outer loop
         vertex 4.500000e+00 1.350000e+01 -3.306546e-15
         vertex 6.000000e+00 1.350000e+01 -3.306546e-15
         vertex 4.500000e+00 1.329490e+01 2.344250e+00
      endloop
   endfacet
   facet normal 0.000000e+00 -9.961947e-01 -8.715596e-02
      outer loop
         vertex 4.500000e+00 1.329490e+01 2.344250e+00
         vertex 6.000000e+00 1.350000e+01 -3.306546e-15
         vertex 6.000000e+00 1.329490e+01 2.344250e+00
      endloop
   endfacet
   facet normal 0.000000e+00 -9.659258e-01 -2.588190e-01
      outer loop
         vertex 4.500000e+00 1.329490e+01 2.344250e+00
         vertex 6.000000e+00 1.329490e+01 2.344250e+00
         vertex 4.500000e+00 1.268585e+01 4.617272e+00
      endloop
   endfacet
   facet normal 0.000000e+00 -9.659258e-01 -2.588190e-01
      outer loop
         vertex 4.500000e+00 1.268585e+01 4.617272e+00
         vertex 6.000000e+00 1.329490e+01 2.344250e+00
         vertex 6.000000e+00 1.268585e+01 4.617272e+00
      endloop
   endfacet
   facet normal 0.000000e+00 -9.063078e-01 -4.226182e-01
      outer loop
         vertex 4.500000e+00 1.268585e+01 4.617272e+00
         vertex 6.000000e+00 1.268585e+01 4.617272e+00
         vertex 4.500000e+00 1.169134e+01 6.750000e+00
      endloop
   endfacet
   facet normal 0.000000e+00 -9.063078e-01 -4.226182e-01
      outer loop
         vertex 4.500000e+00 1.169134e+01 6.750000e+00
         vertex 6.000000e+00 1.268585e+01 4.617272e+00
         vertex 6.000000e+00 1.169134e+01 6.750000e+00
      endloop
   endfacet
   facet normal 0.000000e+00 -8.191519e-01 -5.735766e-01
      outer loop
         vertex 4.500000e+00 1.169134e+01 6.750000e+00
         vertex 6.000000e+00 1.169134e+01 6.750000e+00
         vertex 4.500000e+00 1.034160e+01 8.677633e+00
      endloop
   endfacet
   facet normal 0.000000e+00 -8.191519e-01 -5.735766e-01
      outer loop
         vertex 4.500000e+00 1.034160e+01 8.677633e+00
         vertex 6.000000e+00 1.169134e+01 6.750000e+00
         vertex 6.000000e+00 1.034160e+01 8.677633e+00
      endloop
   endfacet
   facet normal 0.000000e+00 -7.071068e-01 -7.071068e-01
      outer loop
         vertex 4.500000e+00 1.034160e+01 8.677633e+00
         vertex 6.000000e+00 1.034160e+01 8.677633e+00
         vertex 4.500000e+00 8.677633e+00 1.034160e+01
      endloop
   endfacet
   facet normal 0.000000e+00 -7.071068e-01 -7.071068e-01
      outer loop
         vertex 4.500000e+00 8.677633e+00 1.034160e+01
         vertex 6.000000e+00 1.034160e+01 8.677633e+00
         vertex 6.000000e+00 8.677633e+00 1.034160e+01
      endloop
   endfacet
   facet normal 0.000000e+00 -5.735766e-01 -8.191519e-01
      outer loop
         vertex 4.500000e+00 8.677633e+00 1.034160e+01
         vertex 6.000000e+00 8.677633e+00 1.034160e+01
         vertex 4.500000e+00 6.750000e+00 1.169134e+01
      endloop
   endfacet
   facet normal 0.000000e+00 -5.735766e-01 -8.191519e-01
      outer loop
         vertex 4.500000e+00 6.750000e+00 1.169134e+01
         vertex 6.000000e+00 8.677633e+00 1.034160e+01
         vertex 6.000000e+00 6.750000e+00 1.169134e+01
      endloop
   endfacet
   facet normal 0.000000e+00 -4.226182e-01 -9.063078e-01
      outer loop
         vertex 4.500000e+00 6.750000e+00 1.169134e+01
         vertex 6.000000e+00 6.750000e+00 1.169134e+01
         vertex 4.500000e+00 4.617272e+00 1.268585e+01
      endloop
   endfacet
   facet normal 0.000000e+00 -4.226182e-01 -9.063078e-01
      outer loop
         vertex 4.500000e+00 4.617272e+00 1.268585e+01
         vertex 6.000000e+00 6.750000e+00 1.169134e+01
         vertex 6.000000e+00 4.617272e+00 1.268585e+01
      endloop
   endfacet
   facet normal 0.000000e+00 -2.588190e-01 -9.659258e-01
      outer loop
         vertex 4.500000e+00 4.617272e+00 1.268585e+01
         vertex 6.000000e+00 4.617272e+00 1.268585e+01
         vertex 4.500000e+00 2.344250e+00 1.329490e+01
      endloop
   endfacet
   facet normal 0.000000e+00 -2.588190e-01 -9.659258e-01
      outer loop
         vertex 4.500000e+00 2.344250e+00 1.329490e+01
         vertex 6.000000e+00 4.617272e+00 1.268585e+01
         vertex 6.000000e+00 2.344250e+00 1.329490e+01
      endloop
   endfacet
   facet normal 0.000000e+00 -8.715596e-02 -9.961947e-01
      outer loop
         vertex 4.500000e+00 2.344250e+00 1.329490e+01
         vertex 6.000000e+00 2.344250e+00 1.329490e+01
         vertex 4.500000e+00 7.347881e-16 1.350000e+01
      endloop
   endfacet
   facet normal 0.000000e+00 -8.715596e-02 -9.961947e-01
      outer loop
         vertex 4.500000e+00 7.347881e-16 1.350000e+01
         vertex 6.000000e+00 2.344250e+00 1.329490e+01
         vertex 6.000000e+00 7.347881e-16 1.350000e+01
      endloop
   endfacet
   facet normal 0.000000e+00 8.715596e-02 -9.961947e-01
      outer loop
         vertex 4.500000e+00 7.347881e-16 1.350000e+01
         vertex 6.000000e+00 7.347881e-16 1.350000e+01
         vertex 4.500000e+00 -2.344250e+00 1.329490e+01
      endloop
   endfacet
   facet normal 0.000000e+00 8.715596e-02 -9.961947e-01
      outer loop
         vertex 4.500000e+00 -2.344250e+00 1.329490e+01
         vertex 6.000000e+00 7.347881e-16 1.350000e+01
         vertex 6.000000e+00 -2.344250e+00 1.329490e+01
      endloop
   endfacet
   facet normal 0.000000e+00 2.588190e-01 -9.659258e-01
      outer loop
         vertex 4.500000e+00 -2.344250e+00 1.329490e+01
         vertex 6.000000e+00 -2.344250e+00 1.329490e+01
         vertex 4.500000e+00 -4.617272e+00 1.268585e+01
      endloop
   endfacet
   facet normal 0.000000e+00 2.588190e-01 -9.659258e-01
      outer loop
         vertex 4.500000e+00 -4.617272e+00 1.268585e+01
         vertex 6.000000e+00 -2.344250e+00 1.329490e+01
         vertex 6.000000e+00 -4.617272e+00 1.268585e+01
      endloop
   endfacet
   facet normal 0.000000e+00 4.226182e-01 -9.063078e-01
      outer loop
         vertex 4.500000e+00 -4.617272e+00 1.268585e+01
         vertex 6.000000e+00 -4.617272e+00 1.268585e+01
         vertex 4.500000e+00 -6.750000e+00 1.169134e+01
      endloop
   endfacet
   facet normal 0.000000e+00 4.226182e-01 -9.063078e-01
      outer loop
         vertex 4.500000e+00 -6.750000e+00 1.169134e+01
         vertex 6.000000e+00 -4.617272e+00 1.268585e+01
         vertex 6.000000e+00 -6.750000e+00 1.169134e+01
      endloop
   endfacet
   facet normal 0.000000e+00 5.735766e-01 -8.191519e-01
      outer loop
         vertex 4.500000e+00 -6.750000e+00 1.169134e+01
         vertex 6.000000e+00 -6.750000e+00 1.169134e+01
         vertex 4.500000e+00 -8.677633e+00 1.034160e+01
      endloop
   endfacet
   facet normal 0.000000e+00 5.735766e-01 -8.191519e-01
      outer loop
         vertex 4.500000e+00 -8.677633e+00 1.034160e+01
         vertex 6.000000e+00 -6.750000e+00 1.169134e+01
         vertex 6.000000e+00 -8.677633e+00 1.034160e+01
      endloop
   endfacet
   facet normal 0.000000e+00 7.071068e-01 -7.071068e-01
      outer loop
         vertex 4.500000e+00 -8.677633e+00 1.034160e+01
         vertex 6.000000e+00 -8.677633e+00 1.034160e+01
         vertex 4.500000e+00 -1.034160e+01 8.677633e+00
      endloop
   endfacet
   facet normal 0.000000e+00 7.071068e-01 -7.071068e-01
      outer loop
         vertex 4.500000e+00 -1.034160e+01 8.677633e+00
         vertex 6.000000e+00 -8.677633e+00 1.034160e+01
         vertex 6.000000e+00 -1.034160e+01 8.677633e+00
      endloop
   endfacet
   facet normal 0.000000e+00 8.191519e-01 -5.735766e-01
      outer loop
         vertex 4.500000e+00 -1.034160e+01 8.677633e+00
         vertex 6.000000e+00 -1.034160e+01 8.677633e+00
         vertex 4.500000e+00 -1.169134e+01 6.750000e+00
      endloop
   endfacet
   facet normal 0.000000e+00 8.191519e-01 -5.735766e-01
      outer loop
         vertex 4.500000e+00 -1.169134e+01 6.750000e+00
         vertex 6.000000e+00 -1.034160e+01 8.677633e+00
         vertex 6.000000e+00 -1.169134e+01 6.750000e+00
      endloop
   endfacet
   facet normal 0.000000e+00 9.063078e-01 -4.226182e-01
      outer loop
         vertex 4.500000e+00 -1.169134e+01 6.750000e+00
         vertex 6.000000e+00 -1.169134e+01 6.750000e+00
         vertex 4.500000e+00 -1.268585e+01 4.617272e+00
      endloop
   endfacet
   facet normal 0.000000e+00 9.063078e-01 -4.226182e-01
      outer loop
         vertex 4.500000e+00 -1.268585e+01 4.617272e+00
         vertex 6.000000e+00 -1.169134e+01 6.750000e+00
         vertex 6.000000e+00 -1.268585e+01 4.617272e+00
      endloop
   endfacet
   facet normal 0.000000e+00 9.659258e-01 -2.588190e-01
      outer loop
         vertex 4.500000e+00 -1.268585e+01 4.617272e+00
         vertex 6.000000e+00 -1.268585e+01 4.617272e+00
         vertex 4.500000e+00 -1.329490e+01 2.344250e+00
      endloop
   endfacet
   facet normal 0.000000e+00 9.659258e-01 -2.588190e-01
      outer loop
         vertex 4.500000e+00 -1.329490e+01 2.344250e+00
         vertex 6.000000e+00 -1.268585e+01 4.617272e+00
         vertex 6.000000e+00 -1.329490e+01 2.344250e+00
      endloop
   endfacet
   facet normal 0.000000e+00 9.961947e-01 -8.715596e-02
      outer loop
         vertex 4.500000e+00 -1.329490e+01 2.344250e+00
         vertex 6.000000e+00 -1.329490e+01 2.344250e+00
         vertex 4.500000e+00 -1.350000e+01 1.653273e-15
      endloop
   endfacet
   facet normal 0.000000e+00 9.961947e-01 -8.715596e-02
      outer loop
         vertex 4.500000e+00 -1.350000e+01 1.653273e-15
         vertex 6.000000e+00 -1.329490e+01 2.344250e+00
         vertex 6.000000e+00 -1.350000e+01 1.653273e-15
      endloop
   endfacet
   facet normal -0.000000e+00 9.961947e-01 8.715596e-02
      outer loop
         vertex 4.500000e+00 -1.350000e+01 1.653273e-15
         vertex 6.000000e+00 -1.350000e+01 1.653273e-15
         vertex 4.500000e+00 -1.329490e+01 -2.344250e+00
      endloop
   endfacet
   facet normal -0.000000e+00 9.961947e-01 8.715596e-02
      outer loop
         vertex 4.500000e+00 -1.329490e+01 -2.344250e+00
         vertex 6.000000e+00 -1.350000e+01 1.653273e-15
         vertex 6.000000e+00 -1.329490e+01 -2.344250e+00
      endloop
   endfacet
   facet normal -0.000000e+00 9.659258e-01 2.588190e-01
      outer loop
         vertex 4.500000e+00 -1.329490e+01 -2.344250e+00
         vertex 6.000000e+00 -1.329490e+01 -2.344250e+00
         vertex 4.500000e+00 -1.268585e+01 -4.617272e+00
      endloop
   endfacet
   facet normal -0.000000e+00 9.659258e-01 2.588190e-01
      outer loop
         vertex 4.500000e+00 -1.268585e+01 -4.617272e+00
         vertex 6.000000e+00 -1.329490e+01 -2.344250e+00
         vertex 6.000000e+00 -1.268585e+01 -4.617272e+00
      endloop
   endfacet
   facet normal -0.000000e+00 9.063078e-01 4.226182e-01
      outer loop
         vertex 4.500000e+00 -1.268585e+01 -4.617272e+00
         vertex 6.000000e+00 -1.268585e+01 -4.617272e+00
         vertex 4.500000e+00 -1.169134e+01 -6.750000e+00
      endloop
   endfacet
   facet normal -0.000000e+00 9.063078e-01 4.226182e-01
      outer loop
         vertex 4.500000e+00 -1.169134e+01 -6.750000e+00
         vertex 6.000000e+00 -1.268585e+01 -4.617272e+00
         vertex 6.000000e+00 -1.169134e+01 -6.750000e+00
      endloop
   endfacet
   facet normal -0.000000e+00 8.191519e-01 5.735766e-01
      outer loop
         vertex 4.500000e+00 -1.169134e+01 -6.750000e+00
         vertex 6.000000e+00 -1.169134e+01 -6.750000e+00
         vertex 4.500000e+00 -1.034160e+01 -8.677633e+00
      endloop
   endfacet
   facet normal -0.000000e+00 8.191519e-01 5.735766e-01
      outer loop
         vertex 4.500000e+00 -1.034160e+01 -8.677633e+00
         vertex 6.000000e+00 -1.169134e+01 -6.750000e+00
         vertex 6.000000e+00 -1.034160e+01 -8.677633e+00
      endloop
   endfacet
   facet normal -0.000000e+00 7.071068e-01 7.071068e-01
      outer loop
         vertex 4.500000e+00 -1.034160e+01 -8.677633e+00
         vertex 6.000000e+00 -1.034160e+01 -8.677633e+00
         vertex 4.500000e+00 -8.677633e+00 -1.034160e+01
      endloop
   endfacet
   facet normal -0.000000e+00 7.071068e-01 7.071068e-01
      outer loop
         vertex 4.500000e+00 -8.677633e+00 -1.034160e+01
         vertex 6.000000e+00 -1.034160e+01 -8.677633e+00
         vertex 6.000000e+00 -8.677633e+00 -1.034160e+01
      endloop
   endfacet
   facet normal -0.000000e+00 5.735766e-01 8.191519e-01
      outer loop
         vertex 4.500000e+00 -8.677633e+00 -1.034160e+01
         vertex 6.000000e+00 -8.677633e+00 -1.034160e+01
         vertex 4.500000e+00 -6.750000e+00 -1.169134e+01
      endloop
   endfacet
   facet normal -0.000000e+00 5.735766e-01 8.191519e-01
      outer loop
         vertex 4.500000e+00 -6.750000e+00 -1.169134e+01
         vertex 6.000000e+00 -8.677633e+00 -1.034160e+01
         vertex 6.000000e+00 -6.750000e+00 -1.169134e+01
      endloop
   endfacet
   facet normal -0.000000e+00 4.226182e-01 9.063078e-01
      outer loop
         vertex 4.500000e+00 -6.750000e+00 -1.169134e+01
         vertex 6.000000e+00 -6.750000e+00 -1.169134e+01
         vertex 4.500000e+00 -4.617272e+00 -1.268585e+01
      endloop
   endfacet
   facet normal -0.000000e+00 4.226182e-01 9.063078e-01
      outer loop
         vertex 4.500000e+00 -4.617272e+00 -1.268585e+01
         vertex 6.000000e+00 -6.750000e+00 -1.169134e+01
         vertex 6.000000e+00 -4.617272e+00 -1.268585e+01
      endloop
   endfacet
   facet normal -0.000000e+00 2.588190e-01 9.659258e-01
      outer loop
         vertex 4.500000e+00 -4.617272e+00 -1.268585e+01
         vertex 6.000000e+00 -4.617272e+00 -1.268585e+01
         vertex 4.500000e+00 -2.344250e+00 -1.329490e+01
      endloop
   endfacet
   facet normal -0.000000e+00 2.588190e-01 9.659258e-01
      outer loop
         vertex 4.500000e+00 -2.344250e+00 -1.329490e+01
         vertex 6.000000e+00 -4.617272e+00 -1.268585e+01
         vertex 6.000000e+00 -2.344250e+00 -1.329490e+01
      endloop
   endfacet
   facet normal -0.000000e+00 8.715596e-02 9.961947e-01
      outer loop
         vertex 4.500000e+00 -2.344250e+00 -1.329490e+01
         vertex 6.000000e+00 -2.344250e+00 -1.329490e+01
         vertex 4.500000e+00 -2.571758e-15 -1.350000e+01
      endloop
   endfacet
   facet normal -0.000000e+00 8.715596e-02 9.961947e-01
      outer loop
         vertex 4.500000e+00 -2.571758e-15 -1.350000e+01
         vertex 6.000000e+00 -2.344250e+00 -1.329490e+01
         vertex 6.000000e+00 -2.571758e-15 -1.350000e+01
      endloop
   endfacet
   facet normal 0.000000e+00 -8.715596e-02 9.961947e-01
      outer loop
         vertex 4.500000e+00 -2.571758e-15 -1.350000e+01
         vertex 6.000000e+00 -2.571758e-15 -1.350000e+01
         vertex 4.500000e+00 2.344250e+00 -1.329490e+01
      endloop
   endfacet
   facet normal 0.000000e+00 -8.715596e-02 9.961947e-01
      outer loop
         vertex 4.500000e+00 2.344250e+00 -1.329490e+01
         vertex 6.000000e+00 -2.571758e-15 -1.350000e+01
         vertex 6.000000e+00 2.344250e+00 -1.329490e+01
      endloop
   endfacet
   facet normal 0.000000e+00 -2.588190e-01 9.659258e-01
      outer loop
         vertex 4.500000e+00 2.344250e+00 -1.329490e+01
         vertex 6.000000e+00 2.344250e+00 -1.329490e+01
         vertex 4.500000e+00 4.617272e+00 -1.268585e+01
      endloop
   endfacet
   facet normal 0.000000e+00 -2.588190e-01 9.659258e-01
      outer loop
         vertex 4.500000e+00 4.617272e+00 -1.268585e+01
         vertex 6.000000e+00 2.344250e+00 -1.329490e+01
         vertex 6.000000e+00 4.617272e+00 -1.268585e+01
      endloop
   endfacet
   facet normal 0.000000e+00 -4.226182e-01 9.063078e-01
      outer loop
         vertex 4.500000e+00 4.617272e+00 -1.268585e+01
         vertex 6.000000e+00 4.617272e+00 -1.268585e+01
         vertex 4.500000e+00 6.750000e+00 -1.169134e+01
      endloop
   endfacet
   facet normal 0.000000e+00 -4.226182e-01 9.063078e-01
      outer loop
         vertex 4.500000e+00 6.750000e+00 -1.169134e+01
         vertex 6.000000e+00 4.617272e+00 -1.268585e+01
         vertex 6.000000e+00 6.750000e+00 -1.169134e+01
      endloop
   endfacet
   facet normal 0.000000e+00 -5.735766e-01 8.191519e-01
      outer loop
         vertex 4.500000e+00 6.750000e+00 -1.169134e+01
         vertex 6.000000e+00 6.750000e+00 -1.169134e+01
         vertex 4.500000e+00 8.677633e+00 -1.034160e+01
      endloop
   endfacet
   facet normal 0.000000e+00 -5.735766e-01 8.191519e-01
      outer loop
         vertex 4.500000e+00 8.677633e+00 -1.034160e+01
         vertex 6.000000e+00 6.750000e+00 -1.169134e+01
         vertex 6.000000e+00 8.677633e+00 -1.034160e+01
      endloop
   endfacet
   facet normal 0.000000e+00 -7.071068e-01 7.071068e-01
      outer loop
         vertex 4.500000e+00 8.677633e+00 -1.034160e+01
         vertex 6.000000e+00 8.677633e+00 -1.034160e+01
         vertex 4.500000e+00 1.034160e+01 -8.677633e+00
      endloop
   endfacet
   facet normal 0.000000e+00 -7.071068e-01 7.071068e-01
      outer loop
         vertex 4.500000e+00 1.034160e+01 -8.677633e+00
         vertex 6.000000e+00 8.677633e+00 -1.034160e+01
         vertex 6.000000e+00 1.034160e+01 -8.677633e+00
      endloop
   endfacet
   facet normal 0.000000e+00 -8.191519e-01 5.735766e-01
      outer loop
         vertex 4.500000e+00 1.034160e+01 -8.677633e+00
         vertex 6.000000e+00 1.034160e+01 -8.677633e+00
         vertex 4.500000e+00 1.169134e+01 -6.750000e+00
      endloop
   endfacet
   facet normal 0.000000e+00 -8.191519e-01 5.735766e-01
      outer loop
         vertex 4.500000e+00 1.169134e+01 -6.750000e+00
         vertex 6.000000e+00 1.034160e+01 -8.677633e+00
         vertex 6.000000e+00 1.169134e+01 -6.750000e+00
      endloop
   endfacet
   facet normal 0.000000e+00 -9.063078e-01 4.226182e-01
      outer loop
         vertex 4.500000e+00 1.169134e+01 -6.750000e+00
         vertex 6.000000e+00 1.169134e+01 -6.750000e+00
         vertex 4.500000e+00 1.268585e+01 -4.617272e+00
      endloop
   endfacet
   facet normal 0.000000e+00 -9.063078e-01 4.226182e-01
      outer loop
         vertex 4.500000e+00 1.268585e+01 -4.617272e+00
         vertex 6.000000e+00 1.169134e+01 -6.750000e+00
         vertex 6.000000e+00 1.268585e+01 -4.617272e+00
      endloop
   endfacet
   facet normal 0.000000e+00 -9.659258e-01 2.588190e-01
      outer loop
         vertex 4.500000e+00 1.268585e+01 -4.617272e+00
         vertex 6.000000e+00 1.268585e+01 -4.617272e+00
         vertex 4.500000e+00 1.329490e+01 -2.344250e+00
      endloop
   endfacet
   facet normal 0.000000e+00 -9.659258e-01 2.588190e-01
      outer loop
         vertex 4.500000e+00 1.329490e+01 -2.344250e+00
         vertex 6.000000e+00 1.268585e+01 -4.617272e+00
         vertex 6.000000e+00 1.329490e+01 -2.344250e+00
      endloop
   endfacet
   facet normal 0.000000e+00 -9.961947e-01 8.715596e-02
      outer loop
         vertex 4.500000e+00 1.329490e+01 -2.344250e+00
         vertex 6.000000e+00 1.329490e+01 -2.344250e+00
         vertex 4.500000e+00 1.350000e+01 -3.306546e-15
      endloop
   endfacet
   facet normal 0.000000e+00 -9.961947e-01 8.715596e-02
      outer loop
         vertex 4.500000e+00 1.350000e+01 -3.306546e-15
         vertex 6.000000e+00 1.329490e+01 -2.344250e+00
         vertex 6.000000e+00 1.350000e+01 -3.306546e-15
      endloop
   endfacet
   facet normal 1.000000e+00 0.000000e+00 -0.000000e+00
      outer loop
         vertex 4.500000e+00 1.910130e+00 1.083289e+01
         vertex 4.500000e+00 2.344250e+00 1.329490e+01
         vertex 4.500000e+00 4.814825e-32 1.100000e+01
      endloop
   endfacet
   facet normal 1.000000e+00 0.000000e+00 0.000000e+00
      outer loop
         vertex 4.500000e+00 4.814825e-32 1.100000e+01
         vertex 4.500000e+00 2.344250e+00 1.329490e+01
         vertex 4.500000e+00 7.347881e-16 1.350000e+01
      endloop
   endfacet
   facet normal 1.000000e+00 0.000000e+00 -0.000000e+00
      outer loop
         vertex 4.500000e+00 4.814825e-32 1.100000e+01
         vertex 4.500000e+00 7.347881e-16 1.350000e+01
         vertex 4.500000e+00 -1.910130e+00 1.083289e+01
      endloop
   endfacet
   facet normal 1.000000e+00 0.000000e+00 -0.000000e+00
      outer loop
         vertex 4.500000e+00 -1.910130e+00 1.083289e+01
         vertex 4.500000e+00 7.347881e-16 1.350000e+01
         vertex 4.500000e+00 -2.344250e+00 1.329490e+01
      endloop
   endfacet
   facet normal 1.000000e+00 0.000000e+00 0.000000e+00
      outer loop
         vertex 4.500000e+00 -1.910130e+00 1.083289e+01
         vertex 4.500000e+00 -2.344250e+00 1.329490e+01
         vertex 4.500000e+00 -3.762222e+00 1.033662e+01
      endloop
   endfacet
   facet normal 1.000000e+00 0.000000e+00 -0.000000e+00
      outer loop
         vertex 4.500000e+00 -3.762222e+00 1.033662e+01
         vertex 4.500000e+00 -2.344250e+00 1.329490e+01
         vertex 4.500000e+00 -4.617272e+00 1.268585e+01
      endloop
   endfacet
   facet normal 1.000000e+00 0.000000e+00 0.000000e+00
      outer loop
         vertex 4.500000e+00 -3.762222e+00 1.033662e+01
         vertex 4.500000e+00 -4.617272e+00 1.268585e+01
         vertex 4.500000e+00 -5.500000e+00 9.526280e+00
      endloop
   endfacet
   facet normal 1.000000e+00 0.000000e+00 -0.000000e+00
      outer loop
         vertex 4.500000e+00 -5.500000e+00 9.526280e+00
         vertex 4.500000e+00 -4.617272e+00 1.268585e+01
         vertex 4.500000e+00 -6.750000e+00 1.169134e+01
      endloop
   endfacet
   facet normal 1.000000e+00 0.000000e+00 0.000000e+00
      outer loop
         vertex 4.500000e+00 -5.500000e+00 9.526280e+00
         vertex 4.500000e+00 -6.750000e+00 1.169134e+01
         vertex 4.500000e+00 -7.070664e+00 8.426489e+00
      endloop
   endfacet
   facet normal 1.000000e+00 0.000000e+00 -0.000000e+00
      outer loop
         vertex 4.500000e+00 -7.070664e+00 8.426489e+00
         vertex 4.500000e+00 -6.750000e+00 1.169134e+01
         vertex 4.500000e+00 -8.677633e+00 1.034160e+01
      endloop
   endfacet
   facet normal 1.000000e+00 0.000000e+00 0.000000e+00
      outer loop
         vertex 4.500000e+00 -7.070664e+00 8.426489e+00
         vertex 4.500000e+00 -8.677633e+00 1.034160e+01
         vertex 4.500000e+00 -8.426489e+00 7.070664e+00
      endloop
   endfacet
   facet normal 1.000000e+00 0.000000e+00 0.000000e+00
      outer loop
         vertex 4.500000e+00 -8.426489e+00 7.070664e+00
         vertex 4.500000e+00 -8.677633e+00 1.034160e+01
         vertex 4.500000e+00 -1.034160e+01 8.677633e+00
      endloop
   endfacet
   facet normal 1.000000e+00 0.000000e+00 0.000000e+00
      outer loop
         vertex 4.500000e+00 -8.426489e+00 7.070664e+00
         vertex 4.500000e+00 -1.034160e+01 8.677633e+00
         vertex 4.500000e+00 -9.526280e+00 5.500000e+00
      endloop
   endfacet
   facet normal 1.000000e+00 0.000000e+00 0.000000e+00
      outer loop
         vertex 4.500000e+00 -9.526280e+00 5.500000e+00
         vertex 4.500000e+00 -1.034160e+01 8.677633e+00
         vertex 4.500000e+00 -1.169134e+01 6.750000e+00
      endloop
   endfacet
   facet normal 1.000000e+00 0.000000e+00 0.000000e+00
      outer loop
         vertex 4.500000e+00 -9.526280e+00 5.500000e+00
         vertex 4.500000e+00 -1.169134e+01 6.750000e+00
         vertex 4.500000e+00 -1.033662e+01 3.762222e+00
      endloop
   endfacet
   facet normal 1.000000e+00 0.000000e+00 0.000000e+00
      outer loop
         vertex 4.500000e+00 -1.033662e+01 3.762222e+00
         vertex 4.500000e+00 -1.169134e+01 6.750000e+00
         vertex 4.500000e+00 -1.268585e+01 4.617272e+00
      endloop
   endfacet
   facet normal 1.000000e+00 0.000000e+00 0.000000e+00
      outer loop
         vertex 4.500000e+00 -1.033662e+01 3.762222e+00
         vertex 4.500000e+00 -1.268585e+01 4.617272e+00
         vertex 4.500000e+00 -1.083289e+01 1.910130e+00
      endloop
   endfacet
   facet normal 1.000000e+00 0.000000e+00 0.000000e+00
      outer loop
         vertex 4.500000e+00 -1.083289e+01 1.910130e+00
         vertex 4.500000e+00 -1.268585e+01 4.617272e+00
         vertex 4.500000e+00 -1.329490e+01 2.344250e+00
      endloop
   endfacet
   facet normal 1.000000e+00 0.000000e+00 0.000000e+00
      outer loop
         vertex 4.500000e+00 -1.083289e+01 1.910130e+00
         vertex 4.500000e+00 -1.329490e+01 2.344250e+00
         vertex 4.500000e+00 -1.100000e+01 -2.020667e-15
      endloop
   endfacet
   facet normal 1.000000e+00 0.000000e+00 0.000000e+00
      outer loop
         vertex 4.500000e+00 -1.100000e+01 -2.020667e-15
         vertex 4.500000e+00 -1.329490e+01 2.344250e+00
         vertex 4.500000e+00 -1.350000e+01 1.653273e-15
      endloop
   endfacet
   facet normal 1.000000e+00 0.000000e+00 0.000000e+00
      outer loop
         vertex 4.500000e+00 -1.100000e+01 -2.020667e-15
         vertex 4.500000e+00 -1.350000e+01 1.653273e-15
         vertex 4.500000e+00 -1.083289e+01 -1.910130e+00
      endloop
   endfacet
   facet normal 1.000000e+00 0.000000e+00 0.000000e+00
      outer loop
         vertex 4.500000e+00 -1.083289e+01 -1.910130e+00
         vertex 4.500000e+00 -1.350000e+01 1.653273e-15
         vertex 4.500000e+00 -1.329490e+01 -2.344250e+00
      endloop
   endfacet
   facet normal 1.000000e+00 0.000000e+00 0.000000e+00
      outer loop
         vertex 4.500000e+00 -1.083289e+01 -1.910130e+00
         vertex 4.500000e+00 -1.329490e+01 -2.344250e+00
         vertex 4.500000e+00 -1.033662e+01 -3.762222e+00
      endloop
   endfacet
   facet normal 1.000000e+00 0.000000e+00 0.000000e+00
      outer loop
         vertex 4.500000e+00 -1.033662e+01 -3.762222e+00
         vertex 4.500000e+00 -1.329490e+01 -2.344250e+00
         vertex 4.500000e+00 -1.268585e+01 -4.617272e+00
      endloop
   endfacet
   facet normal 1.000000e+00 0.000000e+00 0.000000e+00
      outer loop
         vertex 4.500000e+00 -1.033662e+01 -3.762222e+00
         vertex 4.500000e+00 -1.268585e+01 -4.617272e+00
         vertex 4.500000e+00 -9.526280e+00 -5.500000e+00
      endloop
   endfacet
   facet normal 1.000000e+00 0.000000e+00 0.000000e+00
      outer loop
         vertex 4.500000e+00 -9.526280e+00 -5.500000e+00
         vertex 4.500000e+00 -1.268585e+01 -4.617272e+00
         vertex 4.500000e+00 -1.169134e+01 -6.750000e+00
      endloop
   endfacet
   facet normal 1.000000e+00 0.000000e+00 0.000000e+00
      outer loop
         vertex 4.500000e+00 -9.526280e+00 -5.500000e+00
         vertex 4.500000e+00 -1.169134e+01 -6.750000e+00
         vertex 4.500000e+00 -8.426489e+00 -7.070664e+00
      endloop
   endfacet
   facet normal 1.000000e+00 0.000000e+00 0.000000e+00
      outer loop
         vertex 4.500000e+00 -8.426489e+00 -7.070664e+00
         vertex 4.500000e+00 -1.169134e+01 -6.750000e+00
         vertex 4.500000e+00 -1.034160e+01 -8.677633e+00
      endloop
   endfacet
   facet normal 1.000000e+00 0.000000e+00 0.000000e+00
      outer loop
         vertex 4.500000e+00 -8.426489e+00 -7.070664e+00
         vertex 4.500000e+00 -1.034160e+01 -8.677633e+00
         vertex 4.500000e+00 -7.070664e+00 -8.426489e+00
      endloop
   endfacet
   facet normal 1.000000e+00 0.000000e+00 0.000000e+00
      outer loop
         vertex 4.500000e+00 -7.070664e+00 -8.426489e+00
         vertex 4.500000e+00 -1.034160e+01 -8.677633e+00
         vertex 4.500000e+00 -8.677633e+00 -1.034160e+01
      endloop
   endfacet
   facet normal 1.000000e+00 0.000000e+00 0.000000e+00
      outer loop
         vertex 4.500000e+00 -7.070664e+00 -8.426489e+00
         vertex 4.500000e+00 -8.677633e+00 -1.034160e+01
         vertex 4.500000e+00 -5.500000e+00 -9.526280e+00
      endloop
   endfacet
   facet normal 1.000000e+00 0.000000e+00 0.000000e+00
      outer loop
         vertex 4.500000e+00 -5.500000e+00 -9.526280e+00
         vertex 4.500000e+00 -8.677633e+00 -1.034160e+01
         vertex 4.500000e+00 -6.750000e+00 -1.169134e+01
      endloop
   endfacet
   facet normal 1.000000e+00 0.000000e+00 0.000000e+00
      outer loop
         vertex 4.500000e+00 -5.500000e+00 -9.526280e+00
         vertex 4.500000e+00 -6.750000e+00 -1.169134e+01
         vertex 4.500000e+00 -3.762222e+00 -1.033662e+01
      endloop
   endfacet
   facet normal 1.000000e+00 0.000000e+00 0.000000e+00
      outer loop
         vertex 4.500000e+00 -3.762222e+00 -1.033662e+01
         vertex 4.500000e+00 -6.750000e+00 -1.169134e+01
         vertex 4.500000e+00 -4.617272e+00 -1.268585e+01
      endloop
   endfacet
   facet normal 1.000000e+00 0.000000e+00 0.000000e+00
      outer loop
         vertex 4.500000e+00 -3.762222e+00 -1.033662e+01
         vertex 4.500000e+00 -4.617272e+00 -1.268585e+01
         vertex 4.500000e+00 -1.910130e+00 -1.083289e+01
      endloop
   endfacet
   facet normal 1.000000e+00 0.000000e+00 0.000000e+00
      outer loop
         vertex 4.500000e+00 -1.910130e+00 -1.083289e+01
         vertex 4.500000e+00 -4.617272e+00 -1.268585e+01
         vertex 4.500000e+00 -2.344250e+00 -1.329490e+01
      endloop
   endfacet
   facet normal 1.000000e+00 0.000000e+00 0.000000e+00
      outer loop
         vertex 4.500000e+00 -1.910130e+00 -1.083289e+01
         vertex 4.500000e+00 -2.344250e+00 -1.329490e+01
         vertex 4.500000e+00 1.347112e-15 -1.100000e+01
      endloop
   endfacet
   facet normal 1.000000e+00 0.000000e+00 0.000000e+00
      outer loop
         vertex 4.500000e+00 1.347112e-15 -1.100000e+01
         vertex 4.500000e+00 -2.344250e+00 -1.329490e+01
         vertex 4.500000e+00 -2.571758e-15 -1.350000e+01
      endloop
   endfacet
   facet normal 1.000000e+00 -0.000000e+00 0.000000e+00
      outer loop
         vertex 4.500000e+00 1.347112e-15 -1.100000e+01
         vertex 4.500000e+00 -2.571758e-15 -1.350000e+01
         vertex 4.500000e+00 1.910130e+00 -1.083289e+01
      endloop
   endfacet
   facet normal 1.000000e+00 0.000000e+00 0.000000e+00
      outer loop
         vertex 4.500000e+00 1.910130e+00 -1.083289e+01
         vertex 4.500000e+00 -2.571758e-15 -1.350000e+01
         vertex 4.500000e+00 2.344250e+00 -1.329490e+01
      endloop
   endfacet
   facet normal 1.000000e+00 -0.000000e+00 0.000000e+00
      outer loop
         vertex 4.500000e+00 1.910130e+00 -1.083289e+01
         vertex 4.500000e+00 2.344250e+00 -1.329490e+01
         vertex 4.500000e+00 3.762222e+00 -1.033662e+01
      endloop
   endfacet
   facet normal 1.000000e+00 0.000000e+00 0.000000e+00
      outer loop
         vertex 4.500000e+00 3.762222e+00 -1.033662e+01
         vertex 4.500000e+00 2.344250e+00 -1.329490e+01
         vertex 4.500000e+00 4.617272e+00 -1.268585e+01
      endloop
   endfacet
   facet normal 1.000000e+00 -0.000000e+00 0.000000e+00
      outer loop
         vertex 4.500000e+00 3.762222e+00 -1.033662e+01
         vertex 4.500000e+00 4.617272e+00 -1.268585e+01
         vertex 4.500000e+00 5.500000e+00 -9.526280e+00
      endloop
   endfacet
   facet normal 1.000000e+00 0.000000e+00 0.000000e+00
      outer loop
         vertex 4.500000e+00 5.500000e+00 -9.526280e+00
         vertex 4.500000e+00 4.617272e+00 -1.268585e+01
         vertex 4.500000e+00 6.750000e+00 -1.169134e+01
      endloop
   endfacet
   facet normal 1.000000e+00 -0.000000e+00 0.000000e+00
      outer loop
         vertex 4.500000e+00 5.500000e+00 -9.526280e+00
         vertex 4.500000e+00 6.750000e+00 -1.169134e+01
         vertex 4.500000e+00 7.070664e+00 -8.426489e+00
      endloop
   endfacet
   facet normal 1.000000e+00 0.000000e+00 0.000000e+00
      outer loop
         vertex 4.500000e+00 7.070664e+00 -8.426489e+00
         vertex 4.500000e+00 6.750000e+00 -1.169134e+01
         vertex 4.500000e+00 8.677633e+00 -1.034160e+01
      endloop
   endfacet
   facet normal 1.000000e+00 -0.000000e+00 0.000000e+00
      outer loop
         vertex 4.500000e+00 7.070664e+00 -8.426489e+00
         vertex 4.500000e+00 8.677633e+00 -1.034160e+01
         vertex 4.500000e+00 8.426489e+00 -7.070664e+00
      endloop
   endfacet
   facet normal 1.000000e+00 0.000000e+00 0.000000e+00
      outer loop
         vertex 4.500000e+00 8.426489e+00 -7.070664e+00
         vertex 4.500000e+00 8.677633e+00 -1.034160e+01
         vertex 4.500000e+00 1.034160e+01 -8.677633e+00
      endloop
   endfacet
   facet normal 1.000000e+00 -0.000000e+00 0.000000e+00
      outer loop
         vertex 4.500000e+00 8.426489e+00 -7.070664e+00
         vertex 4.500000e+00 1.034160e+01 -8.677633e+00
         vertex 4.500000e+00 9.526280e+00 -5.500000e+00
      endloop
   endfacet
   facet normal 1.000000e+00 0.000000e+00 0.000000e+00
      outer loop
         vertex 4.500000e+00 9.526280e+00 -5.500000e+00
         vertex 4.500000e+00 1.034160e+01 -8.677633e+00
         vertex 4.500000e+00 1.169134e+01 -6.750000e+00
      endloop
   endfacet
   facet normal 1.000000e+00 -0.000000e+00 0.000000e+00
      outer loop
         vertex 4.500000e+00 9.526280e+00 -5.500000e+00
         vertex 4.500000e+00 1.169134e+01 -6.750000e+00
         vertex 4.500000e+00 1.033662e+01 -3.762222e+00
      endloop
   endfacet
   facet normal 1.000000e+00 0.000000e+00 0.000000e+00
      outer loop
         vertex 4.500000e+00 1.033662e+01 -3.762222e+00
         vertex 4.500000e+00 1.169134e+01 -6.750000e+00
         vertex 4.500000e+00 1.268585e+01 -4.617272e+00
      endloop
   endfacet
   facet normal 1.000000e+00 -0.000000e+00 0.000000e+00
      outer loop
         vertex 4.500000e+00 1.033662e+01 -3.762222e+00
         vertex 4.500000e+00 1.268585e+01 -4.617272e+00
         vertex 4.500000e+00 1.083289e+01 -1.910130e+00
      endloop
   endfacet
   facet normal 1.000000e+00 0.000000e+00 0.000000e+00
      outer loop
         vertex 4.500000e+00 1.083289e+01 -1.910130e+00
         vertex 4.500000e+00 1.268585e+01 -4.617272e+00
         vertex 4.500000e+00 1.329490e+01 -2.344250e+00
      endloop
   endfacet
   facet normal 1.000000e+00 -0.000000e+00 0.000000e+00
      outer loop
         vertex 4.500000e+00 1.083289e+01 -1.910130e+00
         vertex 4.500000e+00 1.329490e+01 -2.344250e+00
         vertex 4.500000e+00 1.100000e+01 3.367779e-15
      endloop
   endfacet
   facet normal 1.000000e+00 0.000000e+00 0.000000e+00
      outer loop
         vertex 4.500000e+00 1.100000e+01 3.367779e-15
         vertex 4.500000e+00 1.329490e+01 -2.344250e+00
         vertex 4.500000e+00 1.350000e+01 -3.306546e-15
      endloop
   endfacet
   facet normal 1.000000e+00 -0.000000e+00 -0.000000e+00
      outer loop
         vertex 4.500000e+00 1.100000e+01 3.367779e-15
         vertex 4.500000e+00 1.350000e+01 -3.306546e-15
         vertex 4.500000e+00 1.083289e+01 1.910130e+00
      endloop
   endfacet
   facet normal 1.000000e+00 -0.000000e+00 0.000000e+00
      outer loop
         vertex 4.500000e+00 1.083289e+01 1.910130e+00
         vertex 4.500000e+00 1.350000e+01 -3.306546e-15
         vertex 4.500000e+00 1.329490e+01 2.344250e+00
      endloop
   endfacet
   facet normal 1.000000e+00 0.000000e+00 -0.000000e+00
      outer loop
         vertex 4.500000e+00 1.083289e+01 1.910130e+00
         vertex 4.500000e+00 1.329490e+01 2.344250e+00
         vertex 4.500000e+00 1.033662e+01 3.762222e+00
      endloop
   endfacet
   facet normal 1.000000e+00 -0.000000e+00 0.000000e+00
      outer loop
         vertex 4.500000e+00 1.033662e+01 3.762222e+00
         vertex 4.500000e+00 1.329490e+01 2.344250e+00
         vertex 4.500000e+00 1.268585e+01 4.617272e+00
      endloop
   endfacet
   facet normal 1.000000e+00 0.000000e+00 -0.000000e+00
      outer loop
         vertex 4.500000e+00 1.033662e+01 3.762222e+00
         vertex 4.500000e+00 1.268585e+01 4.617272e+00
         vertex 4.500000e+00 9.526280e+00 5.500000e+00
      endloop
   endfacet
   facet normal 1.000000e+00 -0.000000e+00 0.000000e+00
      outer loop
         vertex 4.500000e+00 9.526280e+00 5.500000e+00
         vertex 4.500000e+00 1.268585e+01 4.617272e+00
         vertex 4.500000e+00 1.169134e+01 6.750000e+00
      endloop
   endfacet
   facet normal 1.000000e+00 0.000000e+00 -0.000000e+00
      outer loop
         vertex 4.500000e+00 9.526280e+00 5.500000e+00
         vertex 4.500000e+00 1.169134e+01 6.750000e+00
         vertex 4.500000e+00 8.426489e+00 7.070664e+00
      endloop
   endfacet
   facet normal 1.000000e+00 -0.000000e+00 0.000000e+00
      outer loop
         vertex 4.500000e+00 8.426489e+00 7.070664e+00
         vertex 4.500000e+00 1.169134e+01 6.750000e+00
         vertex 4.500000e+00 1.034160e+01 8.677633e+00
      endloop
   endfacet
   facet normal 1.000000e+00 0.000000e+00 -0.000000e+00
      outer loop
         vertex 4.500000e+00 8.426489e+00 7.070664e+00
         vertex 4.500000e+00 1.034160e+01 8.677633e+00
         vertex 4.500000e+00 7.070664e+00 8.426489e+00
      endloop
   endfacet
   facet normal 1.000000e+00 0.000000e+00 0.000000e+00
      outer loop
         vertex 4.500000e+00 7.070664e+00 8.426489e+00
         vertex 4.500000e+00 1.034160e+01 8.677633e+00
         vertex 4.500000e+00 8.677633e+00 1.034160e+01
      endloop
   endfacet
   facet normal 1.000000e+00 0.000000e+00 -0.000000e+00
      outer loop
         vertex 4.500000e+00 7.070664e+00 8.426489e+00
         vertex 4.500000e+00 8.677633e+00 1.034160e+01
         vertex 4.500000e+00 5.500000e+00 9.526280e+00
      endloop
   endfacet
   facet normal 1.000000e+00 0.000000e+00 0.000000e+00
      outer loop
         vertex 4.500000e+00 5.500000e+00 9.526280e+00
         vertex 4.500000e+00 8.677633e+00 1.034160e+01
         vertex 4.500000e+00 6.750000e+00 1.169134e+01
      endloop
   endfacet
   facet normal 1.000000e+00 0.000000e+00 -0.000000e+00
      outer loop
         vertex 4.500000e+00 5.500000e+00 9.526280e+00
         vertex 4.500000e+00 6.750000e+00 1.169134e+01
         vertex 4.500000e+00 3.762222e+00 1.033662e+01
      endloop
   endfacet
   facet normal 1.000000e+00 0.000000e+00 0.000000e+00
      outer loop
         vertex 4.500000e+00 3.762222e+00 1.033662e+01
         vertex 4.500000e+00 6.750000e+00 1.169134e+01
         vertex 4.500000e+00 4.617272e+00 1.268585e+01
      endloop
   endfacet
   facet normal 1.000000e+00 0.000000e+00 -0.000000e+00
      outer loop
         vertex 4.500000e+00 3.762222e+00 1.033662e+01
         vertex 4.500000e+00 4.617272e+00 1.268585e+01
         vertex 4.500000e+00 1.910130e+00 1.083289e+01
      endloop
   endfacet
   facet normal 1.000000e+00 0.000000e+00 0.000000e+00
      outer loop
         vertex 4.500000e+00 1.910130e+00 1.083289e+01
         vertex 4.500000e+00 4.617272e+00 1.268585e+01
         vertex 4.500000e+00 2.344250e+00 1.329490e+01
      endloop
   endfacet
   facet normal 0.000000e+00 -9.961948e-01 -8.715502e-02
      outer loop
         vertex -2.000000e+00 1.369404e+01 -1.184404e+01
         vertex 6.000000e+00 1.369404e+01 -1.184404e+01
         vertex -2.000000e+00 1.366593e+01 -1.152279e+01
      endloop
   endfacet
   facet normal 0.000000e+00 -9.961948e-01 -8.715502e-02
      outer loop
         vertex -2.000000e+00 1.366593e+01 -1.152279e+01
         vertex 6.000000e+00 1.369404e+01 -1.184404e+01
         vertex 6.000000e+00 1.366593e+01 -1.152279e+01
      endloop
   endfacet
   facet normal 0.000000e+00 -9.659256e-01 -2.588197e-01
      outer loop
         vertex -2.000000e+00 1.366593e+01 -1.152279e+01
         vertex 6.000000e+00 1.366593e+01 -1.152279e+01
         vertex -2.000000e+00 1.358247e+01 -1.121130e+01
      endloop
   endfacet
   facet normal 0.000000e+00 -9.659256e-01 -2.588197e-01
      outer loop
         vertex -2.000000e+00 1.358247e+01 -1.121130e+01
         vertex 6.000000e+00 1.366593e+01 -1.152279e+01
         vertex 6.000000e+00 1.358247e+01 -1.121130e+01
      endloop
   endfacet
   facet normal 0.000000e+00 -9.063082e-01 -4.226175e-01
      outer loop
         vertex -2.000000e+00 1.358247e+01 -1.121130e+01
         vertex 6.000000e+00 1.358247e+01 -1.121130e+01
         vertex -2.000000e+00 1.344619e+01 -1.091904e+01
      endloop
   endfacet
   facet normal 0.000000e+00 -9.063082e-01 -4.226175e-01
      outer loop
         vertex -2.000000e+00 1.344619e+01 -1.091904e+01
         vertex 6.000000e+00 1.358247e+01 -1.121130e+01
         vertex 6.000000e+00 1.344619e+01 -1.091904e+01
      endloop
   endfacet
   facet normal 0.000000e+00 -8.191508e-01 -5.735782e-01
      outer loop
         vertex -2.000000e+00 1.344619e+01 -1.091904e+01
         vertex 6.000000e+00 1.344619e+01 -1.091904e+01
         vertex -2.000000e+00 1.326122e+01 -1.065488e+01
      endloop
   endfacet
   facet normal 0.000000e+00 -8.191508e-01 -5.735782e-01
      outer loop
         vertex -2.000000e+00 1.326122e+01 -1.065488e+01
         vertex 6.000000e+00 1.344619e+01 -1.091904e+01
         vertex 6.000000e+00 1.326122e+01 -1.065488e+01
      endloop
   endfacet
   facet normal 0.000000e+00 -7.071068e-01 -7.071068e-01
      outer loop
         vertex -2.000000e+00 1.326122e+01 -1.065488e+01
         vertex 6.000000e+00 1.326122e+01 -1.065488e+01
         vertex -2.000000e+00 1.303320e+01 -1.042686e+01
      endloop
   endfacet
   facet normal 0.000000e+00 -7.071068e-01 -7.071068e-01
      outer loop
         vertex -2.000000e+00 1.303320e+01 -1.042686e+01
         vertex 6.000000e+00 1.326122e+01 -1.065488e+01
         vertex 6.000000e+00 1.303320e+01 -1.042686e+01
      endloop
   endfacet
   facet normal 0.000000e+00 -5.735782e-01 -8.191508e-01
      outer loop
         vertex -2.000000e+00 1.303320e+01 -1.042686e+01
         vertex 6.000000e+00 1.303320e+01 -1.042686e+01
         vertex -2.000000e+00 1.276904e+01 -1.024189e+01
      endloop
   endfacet
   facet normal 0.000000e+00 -5.735782e-01 -8.191508e-01
      outer loop
         vertex -2.000000e+00 1.276904e+01 -1.024189e+01
         vertex 6.000000e+00 1.303320e+01 -1.042686e+01
         vertex 6.000000e+00 1.276904e+01 -1.024189e+01
      endloop
   endfacet
   facet normal 0.000000e+00 -4.226175e-01 -9.063082e-01
      outer loop
         vertex -2.000000e+00 1.276904e+01 -1.024189e+01
         vertex 6.000000e+00 1.276904e+01 -1.024189e+01
         vertex -2.000000e+00 1.247678e+01 -1.010561e+01
      endloop
   endfacet
   facet normal 0.000000e+00 -4.226175e-01 -9.063082e-01
      outer loop
         vertex -2.000000e+00 1.247678e+01 -1.010561e+01
         vertex 6.000000e+00 1.276904e+01 -1.024189e+01
         vertex 6.000000e+00 1.247678e+01 -1.010561e+01
      endloop
   endfacet
   facet normal 0.000000e+00 -2.588197e-01 -9.659256e-01
      outer loop
         vertex -2.000000e+00 1.247678e+01 -1.010561e+01
         vertex 6.000000e+00 1.247678e+01 -1.010561e+01
         vertex -2.000000e+00 1.216529e+01 -1.002214e+01
      endloop
   endfacet
   facet normal 0.000000e+00 -2.588197e-01 -9.659256e-01
      outer loop
         vertex -2.000000e+00 1.216529e+01 -1.002214e+01
         vertex 6.000000e+00 1.247678e+01 -1.010561e+01
         vertex 6.000000e+00 1.216529e+01 -1.002214e+01
      endloop
   endfacet
   facet normal 0.000000e+00 -8.715527e-02 -9.961947e-01
      outer loop
         vertex -2.000000e+00 1.216529e+01 -1.002214e+01
         vertex 6.000000e+00 1.216529e+01 -1.002214e+01
         vertex -2.000000e+00 1.184404e+01 -9.994038e+00
      endloop
   endfacet
   facet normal 0.000000e+00 -8.715527e-02 -9.961947e-01
      outer loop
         vertex -2.000000e+00 1.184404e+01 -9.994038e+00
         vertex 6.000000e+00 1.216529e+01 -1.002214e+01
         vertex 6.000000e+00 1.184404e+01 -9.994038e+00
      endloop
   endfacet
   facet normal 0.000000e+00 8.715502e-02 -9.961948e-01
      outer loop
         vertex -2.000000e+00 1.184404e+01 -9.994038e+00
         vertex 6.000000e+00 1.184404e+01 -9.994038e+00
         vertex -2.000000e+00 1.152279e+01 -1.002214e+01
      endloop
   endfacet
   facet normal 0.000000e+00 8.715502e-02 -9.961948e-01
      outer loop
         vertex -2.000000e+00 1.152279e+01 -1.002214e+01
         vertex 6.000000e+00 1.184404e+01 -9.994038e+00
         vertex 6.000000e+00 1.152279e+01 -1.002214e+01
      endloop
   endfacet
   facet normal 0.000000e+00 2.588197e-01 -9.659256e-01
      outer loop
         vertex -2.000000e+00 1.152279e+01 -1.002214e+01
         vertex 6.000000e+00 1.152279e+01 -1.002214e+01
         vertex -2.000000e+00 1.121130e+01 -1.010561e+01
      endloop
   endfacet
   facet normal 0.000000e+00 2.588197e-01 -9.659256e-01
      outer loop
         vertex -2.000000e+00 1.121130e+01 -1.010561e+01
         vertex 6.000000e+00 1.152279e+01 -1.002214e+01
         vertex 6.000000e+00 1.121130e+01 -1.010561e+01
      endloop
   endfacet
   facet normal 0.000000e+00 4.226175e-01 -9.063082e-01
      outer loop
         vertex -2.000000e+00 1.121130e+01 -1.010561e+01
         vertex 6.000000e+00 1.121130e+01 -1.010561e+01
         vertex -2.000000e+00 1.091904e+01 -1.024189e+01
      endloop
   endfacet
   facet normal 0.000000e+00 4.226175e-01 -9.063082e-01
      outer loop
         vertex -2.000000e+00 1.091904e+01 -1.024189e+01
         vertex 6.000000e+00 1.121130e+01 -1.010561e+01
         vertex 6.000000e+00 1.091904e+01 -1.024189e+01
      endloop
   endfacet
   facet normal 0.000000e+00 5.735782e-01 -8.191508e-01
      outer loop
         vertex -2.000000e+00 1.091904e+01 -1.024189e+01
         vertex 6.000000e+00 1.091904e+01 -1.024189e+01
         vertex -2.000000e+00 1.065488e+01 -1.042686e+01
      endloop
   endfacet
   facet normal 0.000000e+00 5.735782e-01 -8.191508e-01
      outer loop
         vertex -2.000000e+00 1.065488e+01 -1.042686e+01
         vertex 6.000000e+00 1.091904e+01 -1.024189e+01
         vertex 6.000000e+00 1.065488e+01 -1.042686e+01
      endloop
   endfacet
   facet normal 0.000000e+00 7.071068e-01 -7.071068e-01
      outer loop
         vertex -2.000000e+00 1.065488e+01 -1.042686e+01
         vertex 6.000000e+00 1.065488e+01 -1.042686e+01
         vertex -2.000000e+00 1.042686e+01 -1.065488e+01
      endloop
   endfacet
   facet normal 0.000000e+00 7.071068e-01 -7.071068e-01
      outer loop
         vertex -2.000000e+00 1.042686e+01 -1.065488e+01
         vertex 6.000000e+00 1.065488e+01 -1.042686e+01
         vertex 6.000000e+00 1.042686e+01 -1.065488e+01
      endloop
   endfacet
   facet normal 0.000000e+00 8.191508e-01 -5.735782e-01
      outer loop
         vertex -2.000000e+00 1.042686e+01 -1.065488e+01
         vertex 6.000000e+00 1.042686e+01 -1.065488e+01
         vertex -2.000000e+00 1.024189e+01 -1.091904e+01
      endloop
   endfacet
   facet normal 0.000000e+00 8.191508e-01 -5.735782e-01
      outer loop
         vertex -2.000000e+00 1.024189e+01 -1.091904e+01
         vertex 6.000000e+00 1.042686e+01 -1.065488e+01
         vertex 6.000000e+00 1.024189e+01 -1.091904e+01
      endloop
   endfacet
   facet normal 0.000000e+00 9.063082e-01 -4.226175e-01
      outer loop
         vertex -2.000000e+00 1.024189e+01 -1.091904e+01
         vertex 6.000000e+00 1.024189e+01 -1.091904e+01
         vertex -2.000000e+00 1.010561e+01 -1.121130e+01
      endloop
   endfacet
   facet normal 0.000000e+00 9.063082e-01 -4.226175e-01
      outer loop
         vertex -2.000000e+00 1.010561e+01 -1.121130e+01
         vertex 6.000000e+00 1.024189e+01 -1.091904e+01
         vertex 6.000000e+00 1.010561e+01 -1.121130e+01
      endloop
   endfacet
   facet normal 0.000000e+00 9.659256e-01 -2.588197e-01
      outer loop
         vertex -2.000000e+00 1.010561e+01 -1.121130e+01
         vertex 6.000000e+00 1.010561e+01 -1.121130e+01
         vertex -2.000000e+00 1.002214e+01 -1.152279e+01
      endloop
   endfacet
   facet normal 0.000000e+00 9.659256e-01 -2.588197e-01
      outer loop
         vertex -2.000000e+00 1.002214e+01 -1.152279e+01
         vertex 6.000000e+00 1.010561e+01 -1.121130e+01
         vertex 6.000000e+00 1.002214e+01 -1.152279e+01
      endloop
   endfacet
   facet normal 0.000000e+00 9.961948e-01 -8.715502e-02
      outer loop
         vertex -2.000000e+00 1.002214e+01 -1.152279e+01
         vertex 6.000000e+00 1.002214e+01 -1.152279e+01
         vertex -2.000000e+00 9.994038e+00 -1.184404e+01
      endloop
   endfacet
   facet normal 0.000000e+00 9.961948e-01 -8.715502e-02
      outer loop
         vertex -2.000000e+00 9.994038e+00 -1.184404e+01
         vertex 6.000000e+00 1.002214e+01 -1.152279e+01
         vertex 6.000000e+00 9.994038e+00 -1.184404e+01
      endloop
   endfacet
   facet normal -0.000000e+00 9.961947e-01 8.715527e-02
      outer loop
         vertex -2.000000e+00 9.994038e+00 -1.184404e+01
         vertex 6.000000e+00 9.994038e+00 -1.184404e+01
         vertex -2.000000e+00 1.002214e+01 -1.216529e+01
      endloop
   endfacet
   facet normal -0.000000e+00 9.961947e-01 8.715527e-02
      outer loop
         vertex -2.000000e+00 1.002214e+01 -1.216529e+01
         vertex 6.000000e+00 9.994038e+00 -1.184404e+01
         vertex 6.000000e+00 1.002214e+01 -1.216529e+01
      endloop
   endfacet
   facet normal -0.000000e+00 9.659256e-01 2.588197e-01
      outer loop
         vertex -2.000000e+00 1.002214e+01 -1.216529e+01
         vertex 6.000000e+00 1.002214e+01 -1.216529e+01
         vertex -2.000000e+00 1.010561e+01 -1.247678e+01
      endloop
   endfacet
   facet normal -0.000000e+00 9.659256e-01 2.588197e-01
      outer loop
         vertex -2.000000e+00 1.010561e+01 -1.247678e+01
         vertex 6.000000e+00 1.002214e+01 -1.216529e+01
         vertex 6.000000e+00 1.010561e+01 -1.247678e+01
      endloop
   endfacet
   facet normal -0.000000e+00 9.063082e-01 4.226175e-01
      outer loop
         vertex -2.000000e+00 1.010561e+01 -1.247678e+01
         vertex 6.000000e+00 1.010561e+01 -1.247678e+01
         vertex -2.000000e+00 1.024189e+01 -1.276904e+01
      endloop
   endfacet
   facet normal -0.000000e+00 9.063082e-01 4.226175e-01
      outer loop
         vertex -2.000000e+00 1.024189e+01 -1.276904e+01
         vertex 6.000000e+00 1.010561e+01 -1.247678e+01
         vertex 6.000000e+00 1.024189e+01 -1.276904e+01
      endloop
   endfacet
   facet normal -0.000000e+00 8.191508e-01 5.735782e-01
      outer loop
         vertex -2.000000e+00 1.024189e+01 -1.276904e+01
         vertex 6.000000e+00 1.024189e+01 -1.276904e+01
         vertex -2.000000e+00 1.042686e+01 -1.303320e+01
      endloop
   endfacet
   facet normal -0.000000e+00 8.191508e-01 5.735782e-01
      outer loop
         vertex -2.000000e+00 1.042686e+01 -1.303320e+01
         vertex 6.000000e+00 1.024189e+01 -1.276904e+01
         vertex 6.000000e+00 1.042686e+01 -1.303320e+01
      endloop
   endfacet
   facet normal -0.000000e+00 7.071068e-01 7.071068e-01
      outer loop
         vertex -2.000000e+00 1.042686e+01 -1.303320e+01
         vertex 6.000000e+00 1.042686e+01 -1.303320e+01
         vertex -2.000000e+00 1.065488e+01 -1.326122e+01
      endloop
   endfacet
   facet normal -0.000000e+00 7.071068e-01 7.071068e-01
      outer loop
         vertex -2.000000e+00 1.065488e+01 -1.326122e+01
         vertex 6.000000e+00 1.042686e+01 -1.303320e+01
         vertex 6.000000e+00 1.065488e+01 -1.326122e+01
      endloop
   endfacet
   facet normal -0.000000e+00 5.735782e-01 8.191508e-01
      outer loop
         vertex -2.000000e+00 1.065488e+01 -1.326122e+01
         vertex 6.000000e+00 1.065488e+01 -1.326122e+01
         vertex -2.000000e+00 1.091904e+01 -1.344619e+01
      endloop
   endfacet
   facet normal -0.000000e+00 5.735782e-01 8.191508e-01
      outer loop
         vertex -2.000000e+00 1.091904e+01 -1.344619e+01
         vertex 6.000000e+00 1.065488e+01 -1.326122e+01
         vertex 6.000000e+00 1.091904e+01 -1.344619e+01
      endloop
   endfacet
   facet normal -0.000000e+00 4.226175e-01 9.063082e-01
      outer loop
         vertex -2.000000e+00 1.091904e+01 -1.344619e+01
         vertex 6.000000e+00 1.091904e+01 -1.344619e+01
         vertex -2.000000e+00 1.121130e+01 -1.358247e+01
      endloop
   endfacet
   facet normal -0.000000e+00 4.226175e-01 9.063082e-01
      outer loop
         vertex -2.000000e+00 1.121130e+01 -1.358247e+01
         vertex 6.000000e+00 1.091904e+01 -1.344619e+01
         vertex 6.000000e+00 1.121130e+01 -1.358247e+01
      endloop
   endfacet
   facet normal -0.000000e+00 2.588197e-01 9.659256e-01
      outer loop
         vertex -2.000000e+00 1.121130e+01 -1.358247e+01
         vertex 6.000000e+00 1.121130e+01 -1.358247e+01
         vertex -2.000000e+00 1.152279e+01 -1.366593e+01
      endloop
   endfacet
   facet normal -0.000000e+00 2.588197e-01 9.659256e-01
      outer loop
         vertex -2.000000e+00 1.152279e+01 -1.366593e+01
         vertex 6.000000e+00 1.121130e+01 -1.358247e+01
         vertex 6.000000e+00 1.152279e+01 -1.366593e+01
      endloop
   endfacet
   facet normal -0.000000e+00 8.715502e-02 9.961948e-01
      outer loop
         vertex -2.000000e+00 1.152279e+01 -1.366593e+01
         vertex 6.000000e+00 1.152279e+01 -1.366593e+01
         vertex -2.000000e+00 1.184404e+01 -1.369404e+01
      endloop
   endfacet
   facet normal -0.000000e+00 8.715502e-02 9.961948e-01
      outer loop
         vertex -2.000000e+00 1.184404e+01 -1.369404e+01
         vertex 6.000000e+00 1.152279e+01 -1.366593e+01
         vertex 6.000000e+00 1.184404e+01 -1.369404e+01
      endloop
   endfacet
   facet normal 0.000000e+00 -8.715527e-02 9.961947e-01
      outer loop
         vertex -2.000000e+00 1.184404e+01 -1.369404e+01
         vertex 6.000000e+00 1.184404e+01 -1.369404e+01
         vertex -2.000000e+00 1.216529e+01 -1.366593e+01
      endloop
   endfacet
   facet normal 0.000000e+00 -8.715527e-02 9.961947e-01
      outer loop
         vertex -2.000000e+00 1.216529e+01 -1.366593e+01
         vertex 6.000000e+00 1.184404e+01 -1.369404e+01
         vertex 6.000000e+00 1.216529e+01 -1.366593e+01
      endloop
   endfacet
   facet normal 0.000000e+00 -2.588197e-01 9.659256e-01
      outer loop
         vertex -2.000000e+00 1.216529e+01 -1.366593e+01
         vertex 6.000000e+00 1.216529e+01 -1.366593e+01
         vertex -2.000000e+00 1.247678e+01 -1.358247e+01
      endloop
   endfacet
   facet normal 0.000000e+00 -2.588197e-01 9.659256e-01
      outer loop
         vertex -2.000000e+00 1.247678e+01 -1.358247e+01
         vertex 6.000000e+00 1.216529e+01 -1.366593e+01
         vertex 6.000000e+00 1.247678e+01 -1.358247e+01
      endloop
   endfacet
   facet normal 0.000000e+00 -4.226175e-01 9.063082e-01
      outer loop
         vertex -2.000000e+00 1.247678e+01 -1.358247e+01
         vertex 6.000000e+00 1.247678e+01 -1.358247e+01
         vertex -2.000000e+00 1.276904e+01 -1.344619e+01
      endloop
   endfacet
   facet normal 0.000000e+00 -4.226175e-01 9.063082e-01
      outer loop
         vertex -2.000000e+00 1.276904e+01 -1.344619e+01
         vertex 6.000000e+00 1.247678e+01 -1.358247e+01
         vertex 6.000000e+00 1.276904e+01 -1.344619e+01
      endloop
   endfacet
   facet normal 0.000000e+00 -5.735782e-01 8.191508e-01
      outer loop
         vertex -2.000000e+00 1.276904e+01 -1.344619e+01
         vertex 6.000000e+00 1.276904e+01 -1.344619e+01
         vertex -2.000000e+00 1.303320e+01 -1.326122e+01
      endloop
   endfacet
   facet normal 0.000000e+00 -5.735782e-01 8.191508e-01
      outer loop
         vertex -2.000000e+00 1.303320e+01 -1.326122e+01
         vertex 6.000000e+00 1.276904e+01 -1.344619e+01
         vertex 6.000000e+00 1.303320e+01 -1.326122e+01
      endloop
   endfacet
   facet normal 0.000000e+00 -7.071068e-01 7.071068e-01
      outer loop
         vertex -2.000000e+00 1.303320e+01 -1.326122e+01
         vertex 6.000000e+00 1.303320e+01 -1.326122e+01
         vertex -2.000000e+00 1.326122e+01 -1.303320e+01
      endloop
   endfacet
   facet normal 0.000000e+00 -7.071068e-01 7.071068e-01
      outer loop
         vertex -2.000000e+00 1.326122e+01 -1.303320e+01
         vertex 6.000000e+00 1.303320e+01 -1.326122e+01
         vertex 6.000000e+00 1.326122e+01 -1.303320e+01
      endloop
   endfacet
   facet normal 0.000000e+00 -8.191508e-01 5.735782e-01
      outer loop
         vertex -2.000000e+00 1.326122e+01 -1.303320e+01
         vertex 6.000000e+00 1.326122e+01 -1.303320e+01
         vertex -2.000000e+00 1.344619e+01 -1.276904e+01
      endloop
   endfacet
   facet normal 0.000000e+00 -8.191508e-01 5.735782e-01
      outer loop
         vertex -2.000000e+00 1.344619e+01 -1.276904e+01
         vertex 6.000000e+00 1.326122e+01 -1.303320e+01
         vertex 6.000000e+00 1.344619e+01 -1.276904e+01
      endloop
   endfacet
   facet normal 0.000000e+00 -9.063082e-01 4.226175e-01
      outer loop
         vertex -2.000000e+00 1.344619e+01 -1.276904e+01
         vertex 6.000000e+00 1.344619e+01 -1.276904e+01
         vertex -2.000000e+00 1.358247e+01 -1.247678e+01
      endloop
   endfacet
   facet normal 0.000000e+00 -9.063082e-01 4.226175e-01
      outer loop
         vertex -2.000000e+00 1.358247e+01 -1.247678e+01
         vertex 6.000000e+00 1.344619e+01 -1.276904e+01
         vertex 6.000000e+00 1.358247e+01 -1.247678e+01
      endloop
   endfacet
   facet normal 0.000000e+00 -9.659256e-01 2.588197e-01
      outer loop
         vertex -2.000000e+00 1.358247e+01 -1.247678e+01
         vertex 6.000000e+00 1.358247e+01 -1.247678e+01
         vertex -2.000000e+00 1.366593e+01 -1.216529e+01
      endloop
   endfacet
   facet normal 0.000000e+00 -9.659256e-01 2.588197e-01
      outer loop
         vertex -2.000000e+00 1.366593e+01 -1.216529e+01
         vertex 6.000000e+00 1.358247e+01 -1.247678e+01
         vertex 6.000000e+00 1.366593e+01 -1.216529e+01
      endloop
   endfacet
   facet normal 0.000000e+00 -9.961947e-01 8.715527e-02
      outer loop
         vertex -2.000000e+00 1.366593e+01 -1.216529e+01
         vertex 6.000000e+00 1.366593e+01 -1.216529e+01
         vertex -2.000000e+00 1.369404e+01 -1.184404e+01
      endloop
   endfacet
   facet normal 0.000000e+00 -9.961947e-01 8.715527e-02
      outer loop
         vertex -2.000000e+00 1.369404e+01 -1.184404e+01
         vertex 6.000000e+00 1.366593e+01 -1.216529e+01
         vertex 6.000000e+00 1.369404e+01 -1.184404e+01
      endloop
   endfacet
   facet normal 1.000000e+00 0.000000e+00 -0.000000e+00
      outer loop
         vertex -2.000000e+00 1.358247e+01 -1.247678e+01
         vertex -2.000000e+00 1.366593e+01 -1.216529e+01
         vertex -2.000000e+00 1.184404e+01 -1.184404e+01
      endloop
   endfacet
   facet normal 1.000000e+00 -0.000000e+00 0.000000e+00
      outer loop
         vertex -2.000000e+00 1.184404e+01 -1.184404e+01
         vertex -2.000000e+00 1.366593e+01 -1.216529e+01
         vertex -2.000000e+00 1.369404e+01 -1.184404e+01
      endloop
   endfacet
   facet normal 1.000000e+00 0.000000e+00 0.000000e+00
      outer loop
         vertex -2.000000e+00 1.184404e+01 -1.184404e+01
         vertex -2.000000e+00 1.369404e+01 -1.184404e+01
         vertex -2.000000e+00 1.366593e+01 -1.152279e+01
      endloop
   endfacet
   facet normal 1.000000e+00 0.000000e+00 -0.000000e+00
      outer loop
         vertex -2.000000e+00 1.303320e+01 -1.326122e+01
         vertex -2.000000e+00 1.326122e+01 -1.303320e+01
         vertex -2.000000e+00 1.184404e+01 -1.184404e+01
      endloop
   endfacet
   facet normal 1.000000e+00 0.000000e+00 0.000000e+00
      outer loop
         vertex -2.000000e+00 1.184404e+01 -1.184404e+01
         vertex -2.000000e+00 1.326122e+01 -1.303320e+01
         vertex -2.000000e+00 1.344619e+01 -1.276904e+01
      endloop
   endfacet
   facet normal 1.000000e+00 0.000000e+00 0.000000e+00
      outer loop
         vertex -2.000000e+00 1.184404e+01 -1.184404e+01
         vertex -2.000000e+00 1.344619e+01 -1.276904e+01
         vertex -2.000000e+00 1.358247e+01 -1.247678e+01
      endloop
   endfacet
   facet normal 1.000000e+00 0.000000e+00 -0.000000e+00
      outer loop
         vertex -2.000000e+00 1.216529e+01 -1.366593e+01
         vertex -2.000000e+00 1.247678e+01 -1.358247e+01
         vertex -2.000000e+00 1.184404e+01 -1.184404e+01
      endloop
   endfacet
   facet normal 1.000000e+00 0.000000e+00 0.000000e+00
      outer loop
         vertex -2.000000e+00 1.184404e+01 -1.184404e+01
         vertex -2.000000e+00 1.247678e+01 -1.358247e+01
         vertex -2.000000e+00 1.276904e+01 -1.344619e+01
      endloop
   endfacet
   facet normal 1.000000e+00 0.000000e+00 0.000000e+00
      outer loop
         vertex -2.000000e+00 1.184404e+01 -1.184404e+01
         vertex -2.000000e+00 1.276904e+01 -1.344619e+01
         vertex -2.000000e+00 1.303320e+01 -1.326122e+01
      endloop
   endfacet
   facet normal 1.000000e+00 -0.000000e+00 0.000000e+00
      outer loop
         vertex -2.000000e+00 1.121130e+01 -1.358247e+01
         vertex -2.000000e+00 1.152279e+01 -1.366593e+01
         vertex -2.000000e+00 1.184404e+01 -1.184404e+01
      endloop
   endfacet
   facet normal 1.000000e+00 0.000000e+00 0.000000e+00
      outer loop
         vertex -2.000000e+00 1.184404e+01 -1.184404e+01
         vertex -2.000000e+00 1.152279e+01 -1.366593e+01
         vertex -2.000000e+00 1.184404e+01 -1.369404e+01
      endloop
   endfacet
   facet normal 1.000000e+00 0.000000e+00 0.000000e+00
      outer loop
         vertex -2.000000e+00 1.184404e+01 -1.184404e+01
         vertex -2.000000e+00 1.184404e+01 -1.369404e+01
         vertex -2.000000e+00 1.216529e+01 -1.366593e+01
      endloop
   endfacet
   facet normal 1.000000e+00 -0.000000e+00 0.000000e+00
      outer loop
         vertex -2.000000e+00 1.042686e+01 -1.303320e+01
         vertex -2.000000e+00 1.065488e+01 -1.326122e+01
         vertex -2.000000e+00 1.184404e+01 -1.184404e+01
      endloop
   endfacet
   facet normal 1.000000e+00 0.000000e+00 0.000000e+00
      outer loop
         vertex -2.000000e+00 1.184404e+01 -1.184404e+01
         vertex -2.000000e+00 1.065488e+01 -1.326122e+01
         vertex -2.000000e+00 1.091904e+01 -1.344619e+01
      endloop
   endfacet
   facet normal 1.000000e+00 0.000000e+00 0.000000e+00
      outer loop
         vertex -2.000000e+00 1.184404e+01 -1.184404e+01
         vertex -2.000000e+00 1.091904e+01 -1.344619e+01
         vertex -2.000000e+00 1.121130e+01 -1.358247e+01
      endloop
   endfacet
   facet normal 1.000000e+00 -0.000000e+00 0.000000e+00
      outer loop
         vertex -2.000000e+00 1.002214e+01 -1.216529e+01
         vertex -2.000000e+00 1.010561e+01 -1.247678e+01
         vertex -2.000000e+00 1.184404e+01 -1.184404e+01
      endloop
   endfacet
   facet normal 1.000000e+00 0.000000e+00 0.000000e+00
      outer loop
         vertex -2.000000e+00 1.184404e+01 -1.184404e+01
         vertex -2.000000e+00 1.010561e+01 -1.247678e+01
         vertex -2.000000e+00 1.024189e+01 -1.276904e+01
      endloop
   endfacet
   facet normal 1.000000e+00 0.000000e+00 0.000000e+00
      outer loop
         vertex -2.000000e+00 1.184404e+01 -1.184404e+01
         vertex -2.000000e+00 1.024189e+01 -1.276904e+01
         vertex -2.000000e+00 1.042686e+01 -1.303320e+01
      endloop
   endfacet
   facet normal 1.000000e+00 0.000000e+00 0.000000e+00
      outer loop
         vertex -2.000000e+00 1.010561e+01 -1.121130e+01
         vertex -2.000000e+00 1.002214e+01 -1.152279e+01
         vertex -2.000000e+00 1.184404e+01 -1.184404e+01
      endloop
   endfacet
   facet normal 1.000000e+00 0.000000e+00 0.000000e+00
      outer loop
         vertex -2.000000e+00 1.184404e+01 -1.184404e+01
         vertex -2.000000e+00 1.002214e+01 -1.152279e+01
         vertex -2.000000e+00 9.994038e+00 -1.184404e+01
      endloop
   endfacet
   facet normal 1.000000e+00 0.000000e+00 0.000000e+00
      outer loop
         vertex -2.000000e+00 1.184404e+01 -1.184404e+01
         vertex -2.000000e+00 9.994038e+00 -1.184404e+01
         vertex -2.000000e+00 1.002214e+01 -1.216529e+01
      endloop
   endfacet
   facet normal 1.000000e+00 0.000000e+00 0.000000e+00
      outer loop
         vertex -2.000000e+00 1.065488e+01 -1.042686e+01
         vertex -2.000000e+00 1.042686e+01 -1.065488e+01
         vertex -2.000000e+00 1.184404e+01 -1.184404e+01
      endloop
   endfacet
   facet normal 1.000000e+00 0.000000e+00 0.000000e+00
      outer loop
         vertex -2.000000e+00 1.184404e+01 -1.184404e+01
         vertex -2.000000e+00 1.042686e+01 -1.065488e+01
         vertex -2.000000e+00 1.024189e+01 -1.091904e+01
      endloop
   endfacet
   facet normal 1.000000e+00 0.000000e+00 0.000000e+00
      outer loop
         vertex -2.000000e+00 1.184404e+01 -1.184404e+01
         vertex -2.000000e+00 1.024189e+01 -1.091904e+01
         vertex -2.000000e+00 1.010561e+01 -1.121130e+01
      endloop
   endfacet
   facet normal 1.000000e+00 0.000000e+00 0.000000e+00
      outer loop
         vertex -2.000000e+00 1.152279e+01 -1.002214e+01
         vertex -2.000000e+00 1.121130e+01 -1.010561e+01
         vertex -2.000000e+00 1.184404e+01 -1.184404e+01
      endloop
   endfacet
   facet normal 1.000000e+00 0.000000e+00 0.000000e+00
      outer loop
         vertex -2.000000e+00 1.184404e+01 -1.184404e+01
         vertex -2.000000e+00 1.121130e+01 -1.010561e+01
         vertex -2.000000e+00 1.091904e+01 -1.024189e+01
      endloop
   endfacet
   facet normal 1.000000e+00 0.000000e+00 0.000000e+00
      outer loop
         vertex -2.000000e+00 1.184404e+01 -1.184404e+01
         vertex -2.000000e+00 1.091904e+01 -1.024189e+01
         vertex -2.000000e+00 1.065488e+01 -1.042686e+01
      endloop
   endfacet
   facet normal 1.000000e+00 0.000000e+00 0.000000e+00
      outer loop
         vertex -2.000000e+00 1.247678e+01 -1.010561e+01
         vertex -2.000000e+00 1.216529e+01 -1.002214e+01
         vertex -2.000000e+00 1.184404e+01 -1.184404e+01
      endloop
   endfacet
   facet normal 1.000000e+00 0.000000e+00 0.000000e+00
      outer loop
         vertex -2.000000e+00 1.184404e+01 -1.184404e+01
         vertex -2.000000e+00 1.216529e+01 -1.002214e+01
         vertex -2.000000e+00 1.184404e+01 -9.994038e+00
      endloop
   endfacet
   facet normal 1.000000e+00 0.000000e+00 -0.000000e+00
      outer loop
         vertex -2.000000e+00 1.184404e+01 -1.184404e+01
         vertex -2.000000e+00 1.184404e+01 -9.994038e+00
         vertex -2.000000e+00 1.152279e+01 -1.002214e+01
      endloop
   endfacet
   facet normal 1.000000e+00 0.000000e+00 0.000000e+00
      outer loop
         vertex -2.000000e+00 1.326122e+01 -1.065488e+01
         vertex -2.000000e+00 1.303320e+01 -1.042686e+01
         vertex -2.000000e+00 1.184404e+01 -1.184404e+01
      endloop
   endfacet
   facet normal 1.000000e+00 0.000000e+00 0.000000e+00
      outer loop
         vertex -2.000000e+00 1.184404e+01 -1.184404e+01
         vertex -2.000000e+00 1.303320e+01 -1.042686e+01
         vertex -2.000000e+00 1.276904e+01 -1.024189e+01
      endloop
   endfacet
   facet normal 1.000000e+00 0.000000e+00 0.000000e+00
      outer loop
         vertex -2.000000e+00 1.184404e+01 -1.184404e+01
         vertex -2.000000e+00 1.276904e+01 -1.024189e+01
         vertex -2.000000e+00 1.247678e+01 -1.010561e+01
      endloop
   endfacet
   facet normal 1.000000e+00 0.000000e+00 0.000000e+00
      outer loop
         vertex -2.000000e+00 1.366593e+01 -1.152279e+01
         vertex -2.000000e+00 1.358247e+01 -1.121130e+01
         vertex -2.000000e+00 1.184404e+01 -1.184404e+01
      endloop
   endfacet
   facet normal 1.000000e+00 0.000000e+00 0.000000e+00
      outer loop
         vertex -2.000000e+00 1.184404e+01 -1.184404e+01
         vertex -2.000000e+00 1.358247e+01 -1.121130e+01
         vertex -2.000000e+00 1.344619e+01 -1.091904e+01
      endloop
   endfacet
   facet normal 1.000000e+00 0.000000e+00 0.000000e+00
      outer loop
         vertex -2.000000e+00 1.184404e+01 -1.184404e+01
         vertex -2.000000e+00 1.344619e+01 -1.091904e+01
         vertex -2.000000e+00 1.326122e+01 -1.065488e+01
      endloop
   endfacet
   facet normal 0.000000e+00 -9.961948e-01 -8.715502e-02
      outer loop
         vertex -2.000000e+00 -9.994038e+00 -1.184404e+01
         vertex 6.000000e+00 -9.994038e+00 -1.184404e+01
         vertex -2.000000e+00 -1.002214e+01 -1.152279e+01
      endloop
   endfacet
   facet normal 0.000000e+00 -9.961948e-01 -8.715502e-02
      outer loop
         vertex -2.000000e+00 -1.002214e+01 -1.152279e+01
         vertex 6.000000e+00 -9.994038e+00 -1.184404e+01
         vertex 6.000000e+00 -1.002214e+01 -1.152279e+01
      endloop
   endfacet
   facet normal 0.000000e+00 -9.659256e-01 -2.588197e-01
      outer loop
         vertex -2.000000e+00 -1.002214e+01 -1.152279e+01
         vertex 6.000000e+00 -1.002214e+01 -1.152279e+01
         vertex -2.000000e+00 -1.010561e+01 -1.121130e+01
      endloop
   endfacet
   facet normal 0.000000e+00 -9.659256e-01 -2.588197e-01
      outer loop
         vertex -2.000000e+00 -1.010561e+01 -1.121130e+01
         vertex 6.000000e+00 -1.002214e+01 -1.152279e+01
         vertex 6.000000e+00 -1.010561e+01 -1.121130e+01
      endloop
   endfacet
   facet normal 0.000000e+00 -9.063082e-01 -4.226175e-01
      outer loop
         vertex -2.000000e+00 -1.010561e+01 -1.121130e+01
         vertex 6.000000e+00 -1.010561e+01 -1.121130e+01
         vertex -2.000000e+00 -1.024189e+01 -1.091904e+01
      endloop
   endfacet
   facet normal 0.000000e+00 -9.063082e-01 -4.226175e-01
      outer loop
         vertex -2.000000e+00 -1.024189e+01 -1.091904e+01
         vertex 6.000000e+00 -1.010561e+01 -1.121130e+01
         vertex 6.000000e+00 -1.024189e+01 -1.091904e+01
      endloop
   endfacet
   facet normal 0.000000e+00 -8.191508e-01 -5.735782e-01
      outer loop
         vertex -2.000000e+00 -1.024189e+01 -1.091904e+01
         vertex 6.000000e+00 -1.024189e+01 -1.091904e+01
         vertex -2.000000e+00 -1.042686e+01 -1.065488e+01
      endloop
   endfacet
   facet normal 0.000000e+00 -8.191508e-01 -5.735782e-01
      outer loop
         vertex -2.000000e+00 -1.042686e+01 -1.065488e+01
         vertex 6.000000e+00 -1.024189e+01 -1.091904e+01
         vertex 6.000000e+00 -1.042686e+01 -1.065488e+01
      endloop
   endfacet
   facet normal 0.000000e+00 -7.071068e-01 -7.071068e-01
      outer loop
         vertex -2.000000e+00 -1.042686e+01 -1.065488e+01
         vertex 6.000000e+00 -1.042686e+01 -1.065488e+01
         vertex -2.000000e+00 -1.065488e+01 -1.042686e+01
      endloop
   endfacet
   facet normal 0.000000e+00 -7.071068e-01 -7.071068e-01
      outer loop
         vertex -2.000000e+00 -1.065488e+01 -1.042686e+01
         vertex 6.000000e+00 -1.042686e+01 -1.065488e+01
         vertex 6.000000e+00 -1.065488e+01 -1.042686e+01
      endloop
   endfacet
   facet normal 0.000000e+00 -5.735782e-01 -8.191508e-01
      outer loop
         vertex -2.000000e+00 -1.065488e+01 -1.042686e+01
         vertex 6.000000e+00 -1.065488e+01 -1.042686e+01
         vertex -2.000000e+00 -1.091904e+01 -1.024189e+01
      endloop
   endfacet
   facet normal 0.000000e+00 -5.735782e-01 -8.191508e-01
      outer loop
         vertex -2.000000e+00 -1.091904e+01 -1.024189e+01
         vertex 6.000000e+00 -1.065488e+01 -1.042686e+01
         vertex 6.000000e+00 -1.091904e+01 -1.024189e+01
      endloop
   endfacet
   facet normal 0.000000e+00 -4.226175e-01 -9.063082e-01
      outer loop
         vertex -2.000000e+00 -1.091904e+01 -1.024189e+01
         vertex 6.000000e+00 -1.091904e+01 -1.024189e+01
         vertex -2.000000e+00 -1.121130e+01 -1.010561e+01
      endloop
   endfacet
   facet normal 0.000000e+00 -4.226175e-01 -9.063082e-01
      outer loop
         vertex -2.000000e+00 -1.121130e+01 -1.010561e+01
         vertex 6.000000e+00 -1.091904e+01 -1.024189e+01
         vertex 6.000000e+00 -1.121130e+01 -1.010561e+01
      endloop
   endfacet
   facet normal 0.000000e+00 -2.588197e-01 -9.659256e-01
      outer loop
         vertex -2.000000e+00 -1.121130e+01 -1.010561e+01
         vertex 6.000000e+00 -1.121130e+01 -1.010561e+01
         vertex -2.000000e+00 -1.152279e+01 -1.002214e+01
      endloop
   endfacet
   facet normal 0.000000e+00 -2.588197e-01 -9.659256e-01
      outer loop
         vertex -2.000000e+00 -1.152279e+01 -1.002214e+01
         vertex 6.000000e+00 -1.121130e+01 -1.010561e+01
         vertex 6.000000e+00 -1.152279e+01 -1.002214e+01
      endloop
   endfacet
   facet normal 0.000000e+00 -8.715502e-02 -9.961948e-01
      outer loop
         vertex -2.000000e+00 -1.152279e+01 -1.002214e+01
         vertex 6.000000e+00 -1.152279e+01 -1.002214e+01
         vertex -2.000000e+00 -1.184404e+01 -9.994038e+00
      endloop
   endfacet
   facet normal 0.000000e+00 -8.715502e-02 -9.961948e-01
      outer loop
         vertex -2.000000e+00 -1.184404e+01 -9.994038e+00
         vertex 6.000000e+00 -1.152279e+01 -1.002214e+01
         vertex 6.000000e+00 -1.184404e+01 -9.994038e+00
      endloop
   endfacet
   facet normal 0.000000e+00 8.715527e-02 -9.961947e-01
      outer loop
         vertex -2.000000e+00 -1.184404e+01 -9.994038e+00
         vertex 6.000000e+00 -1.184404e+01 -9.994038e+00
         vertex -2.000000e+00 -1.216529e+01 -1.002214e+01
      endloop
   endfacet
   facet normal 0.000000e+00 8.715527e-02 -9.961947e-01
      outer loop
         vertex -2.000000e+00 -1.216529e+01 -1.002214e+01
         vertex 6.000000e+00 -1.184404e+01 -9.994038e+00
         vertex 6.000000e+00 -1.216529e+01 -1.002214e+01
      endloop
   endfacet
   facet normal 0.000000e+00 2.588197e-01 -9.659256e-01
      outer loop
         vertex -2.000000e+00 -1.216529e+01 -1.002214e+01
         vertex 6.000000e+00 -1.216529e+01 -1.002214e+01
         vertex -2.000000e+00 -1.247678e+01 -1.010561e+01
      endloop
   endfacet
   facet normal 0.000000e+00 2.588197e-01 -9.659256e-01
      outer loop
         vertex -2.000000e+00 -1.247678e+01 -1.010561e+01
         vertex 6.000000e+00 -1.216529e+01 -1.002214e+01
         vertex 6.000000e+00 -1.247678e+01 -1.010561e+01
      endloop
   endfacet
   facet normal 0.000000e+00 4.226175e-01 -9.063082e-01
      outer loop
         vertex -2.000000e+00 -1.247678e+01 -1.010561e+01
         vertex 6.000000e+00 -1.247678e+01 -1.010561e+01
         vertex -2.000000e+00 -1.276904e+01 -1.024189e+01
      endloop
   endfacet
   facet normal 0.000000e+00 4.226175e-01 -9.063082e-01
      outer loop
         vertex -2.000000e+00 -1.276904e+01 -1.024189e+01
         vertex 6.000000e+00 -1.247678e+01 -1.010561e+01
         vertex 6.000000e+00 -1.276904e+01 -1.024189e+01
      endloop
   endfacet
   facet normal 0.000000e+00 5.735782e-01 -8.191508e-01
      outer loop
         vertex -2.000000e+00 -1.276904e+01 -1.024189e+01
         vertex 6.000000e+00 -1.276904e+01 -1.024189e+01
         vertex -2.000000e+00 -1.303320e+01 -1.042686e+01
      endloop
   endfacet
   facet normal 0.000000e+00 5.735782e-01 -8.191508e-01
      outer loop
         vertex -2.000000e+00 -1.303320e+01 -1.042686e+01
         vertex 6.000000e+00 -1.276904e+01 -1.024189e+01
         vertex 6.000000e+00 -1.303320e+01 -1.042686e+01
      endloop
   endfacet
   facet normal 0.000000e+00 7.071068e-01 -7.071068e-01
      outer loop
         vertex -2.000000e+00 -1.303320e+01 -1.042686e+01
         vertex 6.000000e+00 -1.303320e+01 -1.042686e+01
         vertex -2.000000e+00 -1.326122e+01 -1.065488e+01
      endloop
   endfacet
   facet normal 0.000000e+00 7.071068e-01 -7.071068e-01
      outer loop
         vertex -2.000000e+00 -1.326122e+01 -1.065488e+01
         vertex 6.000000e+00 -1.303320e+01 -1.042686e+01
         vertex 6.000000e+00 -1.326122e+01 -1.065488e+01
      endloop
   endfacet
   facet normal 0.000000e+00 8.191508e-01 -5.735782e-01
      outer loop
         vertex -2.000000e+00 -1.326122e+01 -1.065488e+01
         vertex 6.000000e+00 -1.326122e+01 -1.065488e+01
         vertex -2.000000e+00 -1.344619e+01 -1.091904e+01
      endloop
   endfacet
   facet normal 0.000000e+00 8.191508e-01 -5.735782e-01
      outer loop
         vertex -2.000000e+00 -1.344619e+01 -1.091904e+01
         vertex 6.000000e+00 -1.326122e+01 -1.065488e+01
         vertex 6.000000e+00 -1.344619e+01 -1.091904e+01
      endloop
   endfacet
   facet normal 0.000000e+00 9.063082e-01 -4.226175e-01
      outer loop
         vertex -2.000000e+00 -1.344619e+01 -1.091904e+01
         vertex 6.000000e+00 -1.344619e+01 -1.091904e+01
         vertex -2.000000e+00 -1.358247e+01 -1.121130e+01
      endloop
   endfacet
   facet normal 0.000000e+00 9.063082e-01 -4.226175e-01
      outer loop
         vertex -2.000000e+00 -1.358247e+01 -1.121130e+01
         vertex 6.000000e+00 -1.344619e+01 -1.091904e+01
         vertex 6.000000e+00 -1.358247e+01 -1.121130e+01
      endloop
   endfacet
   facet normal 0.000000e+00 9.659256e-01 -2.588197e-01
      outer loop
         vertex -2.000000e+00 -1.358247e+01 -1.121130e+01
         vertex 6.000000e+00 -1.358247e+01 -1.121130e+01
         vertex -2.000000e+00 -1.366593e+01 -1.152279e+01
      endloop
   endfacet
   facet normal 0.000000e+00 9.659256e-01 -2.588197e-01
      outer loop
         vertex -2.000000e+00 -1.366593e+01 -1.152279e+01
         vertex 6.000000e+00 -1.358247e+01 -1.121130e+01
         vertex 6.000000e+00 -1.366593e+01 -1.152279e+01
      endloop
   endfacet
   facet normal 0.000000e+00 9.961948e-01 -8.715502e-02
      outer loop
         vertex -2.000000e+00 -1.366593e+01 -1.152279e+01
         vertex 6.000000e+00 -1.366593e+01 -1.152279e+01
         vertex -2.000000e+00 -1.369404e+01 -1.184404e+01
      endloop
   endfacet
   facet normal 0.000000e+00 9.961948e-01 -8.715502e-02
      outer loop
         vertex -2.000000e+00 -1.369404e+01 -1.184404e+01
         vertex 6.000000e+00 -1.366593e+01 -1.152279e+01
         vertex 6.000000e+00 -1.369404e+01 -1.184404e+01
      endloop
   endfacet
   facet normal -0.000000e+00 9.961947e-01 8.715527e-02
      outer loop
         vertex -2.000000e+00 -1.369404e+01 -1.184404e+01
         vertex 6.000000e+00 -1.369404e+01 -1.184404e+01
         vertex -2.000000e+00 -1.366593e+01 -1.216529e+01
      endloop
   endfacet
   facet normal -0.000000e+00 9.961947e-01 8.715527e-02
      outer loop
         vertex -2.000000e+00 -1.366593e+01 -1.216529e+01
         vertex 6.000000e+00 -1.369404e+01 -1.184404e+01
         vertex 6.000000e+00 -1.366593e+01 -1.216529e+01
      endloop
   endfacet
   facet normal -0.000000e+00 9.659256e-01 2.588197e-01
      outer loop
         vertex -2.000000e+00 -1.366593e+01 -1.216529e+01
         vertex 6.000000e+00 -1.366593e+01 -1.216529e+01
         vertex -2.000000e+00 -1.358247e+01 -1.247678e+01
      endloop
   endfacet
   facet normal -0.000000e+00 9.659256e-01 2.588197e-01
      outer loop
         vertex -2.000000e+00 -1.358247e+01 -1.247678e+01
         vertex 6.000000e+00 -1.366593e+01 -1.216529e+01
         vertex 6.000000e+00 -1.358247e+01 -1.247678e+01
      endloop
   endfacet
   facet normal -0.000000e+00 9.063082e-01 4.226175e-01
      outer loop
         vertex -2.000000e+00 -1.358247e+01 -1.247678e+01
         vertex 6.000000e+00 -1.358247e+01 -1.247678e+01
         vertex -2.000000e+00 -1.344619e+01 -1.276904e+01
      endloop
   endfacet
   facet normal -0.000000e+00 9.063082e-01 4.226175e-01
      outer loop
         vertex -2.000000e+00 -1.344619e+01 -1.276904e+01
         vertex 6.000000e+00 -1.358247e+01 -1.247678e+01
         vertex 6.000000e+00 -1.344619e+01 -1.276904e+01
      endloop
   endfacet
   facet normal -0.000000e+00 8.191508e-01 5.735782e-01
      outer loop
         vertex -2.000000e+00 -1.344619e+01 -1.276904e+01
         vertex 6.000000e+00 -1.344619e+01 -1.276904e+01
         vertex -2.000000e+00 -1.326122e+01 -1.303320e+01
      endloop
   endfacet
   facet normal -0.000000e+00 8.191508e-01 5.735782e-01
      outer loop
         vertex -2.000000e+00 -1.326122e+01 -1.303320e+01
         vertex 6.000000e+00 -1.344619e+01 -1.276904e+01
         vertex 6.000000e+00 -1.326122e+01 -1.303320e+01
      endloop
   endfacet
   facet normal -0.000000e+00 7.071068e-01 7.071068e-01
      outer loop
         vertex -2.000000e+00 -1.326122e+01 -1.303320e+01
         vertex 6.000000e+00 -1.326122e+01 -1.303320e+01
         vertex -2.000000e+00 -1.303320e+01 -1.326122e+01
      endloop
   endfacet
   facet normal -0.000000e+00 7.071068e-01 7.071068e-01
      outer loop
         vertex -2.000000e+00 -1.303320e+01 -1.326122e+01
         vertex 6.000000e+00 -1.326122e+01 -1.303320e+01
         vertex 6.000000e+00 -1.303320e+01 -1.326122e+01
      endloop
   endfacet
   facet normal -0.000000e+00 5.735782e-01 8.191508e-01
      outer loop
         vertex -2.000000e+00 -1.303320e+01 -1.326122e+01
         vertex 6.000000e+00 -1.303320e+01 -1.326122e+01
         vertex -2.000000e+00 -1.276904e+01 -1.344619e+01
      endloop
   endfacet
   facet normal -0.000000e+00 5.735782e-01 8.191508e-01
      outer loop
         vertex -2.000000e+00 -1.276904e+01 -1.344619e+01
         vertex 6.000000e+00 -1.303320e+01 -1.326122e+01
         vertex 6.000000e+00 -1.276904e+01 -1.344619e+01
      endloop
   endfacet
   facet normal -0.000000e+00 4.226175e-01 9.063082e-01
      outer loop
         vertex -2.000000e+00 -1.276904e+01 -1.344619e+01
         vertex 6.000000e+00 -1.276904e+01 -1.344619e+01
         vertex -2.000000e+00 -1.247678e+01 -1.358247e+01
      endloop
   endfacet
   facet normal -0.000000e+00 4.226175e-01 9.063082e-01
      outer loop
         vertex -2.000000e+00 -1.247678e+01 -1.358247e+01
         vertex 6.000000e+00 -1.276904e+01 -1.344619e+01
         vertex 6.000000e+00 -1.247678e+01 -1.358247e+01
      endloop
   endfacet
   facet normal -0.000000e+00 2.588197e-01 9.659256e-01
      outer loop
         vertex -2.000000e+00 -1.247678e+01 -1.358247e+01
         vertex 6.000000e+00 -1.247678e+01 -1.358247e+01
         vertex -2.000000e+00 -1.216529e+01 -1.366593e+01
      endloop
   endfacet
   facet normal -0.000000e+00 2.588197e-01 9.659256e-01
      outer loop
         vertex -2.000000e+00 -1.216529e+01 -1.366593e+01
         vertex 6.000000e+00 -1.247678e+01 -1.358247e+01
         vertex 6.000000e+00 -1.216529e+01 -1.366593e+01
      endloop
   endfacet
   facet normal -0.000000e+00 8.715527e-02 9.961947e-01
      outer loop
         vertex -2.000000e+00 -1.216529e+01 -1.366593e+01
         vertex 6.000000e+00 -1.216529e+01 -1.366593e+01
         vertex -2.000000e+00 -1.184404e+01 -1.369404e+01
      endloop
   endfacet
   facet normal -0.000000e+00 8.715527e-02 9.961947e-01
      outer loop
         vertex -2.000000e+00 -1.184404e+01 -1.369404e+01
         vertex 6.000000e+00 -1.216529e+01 -1.366593e+01
         vertex 6.000000e+00 -1.184404e+01 -1.369404e+01
      endloop
   endfacet
   facet normal 0.000000e+00 -8.715502e-02 9.961948e-01
      outer loop
         vertex -2.000000e+00 -1.184404e+01 -1.369404e+01
         vertex 6.000000e+00 -1.184404e+01 -1.369404e+01
         vertex -2.000000e+00 -1.152279e+01 -1.366593e+01
      endloop
   endfacet
   facet normal 0.000000e+00 -8.715502e-02 9.961948e-01
      outer loop
         vertex -2.000000e+00 -1.152279e+01 -1.366593e+01
         vertex 6.000000e+00 -1.184404e+01 -1.369404e+01
         vertex 6.000000e+00 -1.152279e+01 -1.366593e+01
      endloop
   endfacet
   facet normal 0.000000e+00 -2.588197e-01 9.659256e-01
      outer loop
         vertex -2.000000e+00 -1.152279e+01 -1.366593e+01
         vertex 6.000000e+00 -1.152279e+01 -1.366593e+01
         vertex -2.000000e+00 -1.121130e+01 -1.358247e+01
      endloop
   endfacet
   facet normal 0.000000e+00 -2.588197e-01 9.659256e-01
      outer loop
         vertex -2.000000e+00 -1.121130e+01 -1.358247e+01
         vertex 6.000000e+00 -1.152279e+01 -1.366593e+01
         vertex 6.000000e+00 -1.121130e+01 -1.358247e+01
      endloop
   endfacet
   facet normal 0.000000e+00 -4.226175e-01 9.063082e-01
      outer loop
         vertex -2.000000e+00 -1.121130e+01 -1.358247e+01
         vertex 6.000000e+00 -1.121130e+01 -1.358247e+01
         vertex -2.000000e+00 -1.091904e+01 -1.344619e+01
      endloop
   endfacet
   facet normal 0.000000e+00 -4.226175e-01 9.063082e-01
      outer loop
         vertex -2.000000e+00 -1.091904e+01 -1.344619e+01
         vertex 6.000000e+00 -1.121130e+01 -1.358247e+01
         vertex 6.000000e+00 -1.091904e+01 -1.344619e+01
      endloop
   endfacet
   facet normal 0.000000e+00 -5.735782e-01 8.191508e-01
      outer loop
         vertex -2.000000e+00 -1.091904e+01 -1.344619e+01
         vertex 6.000000e+00 -1.091904e+01 -1.344619e+01
         vertex -2.000000e+00 -1.065488e+01 -1.326122e+01
      endloop
   endfacet
   facet normal 0.000000e+00 -5.735782e-01 8.191508e-01
      outer loop
         vertex -2.000000e+00 -1.065488e+01 -1.326122e+01
         vertex 6.000000e+00 -1.091904e+01 -1.344619e+01
         vertex 6.000000e+00 -1.065488e+01 -1.326122e+01
      endloop
   endfacet
   facet normal 0.000000e+00 -7.071068e-01 7.071068e-01
      outer loop
         vertex -2.000000e+00 -1.065488e+01 -1.326122e+01
         vertex 6.000000e+00 -1.065488e+01 -1.326122e+01
         vertex -2.000000e+00 -1.042686e+01 -1.303320e+01
      endloop
   endfacet
   facet normal 0.000000e+00 -7.071068e-01 7.071068e-01
      outer loop
         vertex -2.000000e+00 -1.042686e+01 -1.303320e+01
         vertex 6.000000e+00 -1.065488e+01 -1.326122e+01
         vertex 6.000000e+00 -1.042686e+01 -1.303320e+01
      endloop
   endfacet
   facet normal 0.000000e+00 -8.191508e-01 5.735782e-01
      outer loop
         vertex -2.000000e+00 -1.042686e+01 -1.303320e+01
         vertex 6.000000e+00 -1.042686e+01 -1.303320e+01
         vertex -2.000000e+00 -1.024189e+01 -1.276904e+01
      endloop
   endfacet
   facet normal 0.000000e+00 -8.191508e-01 5.735782e-01
      outer loop
         vertex -2.000000e+00 -1.024189e+01 -1.276904e+01
         vertex 6.000000e+00 -1.042686e+01 -1.303320e+01
         vertex 6.000000e+00 -1.024189e+01 -1.276904e+01
      endloop
   endfacet
   facet normal 0.000000e+00 -9.063082e-01 4.226175e-01
      outer loop
         vertex -2.000000e+00 -1.024189e+01 -1.276904e+01
         vertex 6.000000e+00 -1.024189e+01 -1.276904e+01
         vertex -2.000000e+00 -1.010561e+01 -1.247678e+01
      endloop
   endfacet
   facet normal 0.000000e+00 -9.063082e-01 4.226175e-01
      outer loop
         vertex -2.000000e+00 -1.010561e+01 -1.247678e+01
         vertex 6.000000e+00 -1.024189e+01 -1.276904e+01
         vertex 6.000000e+00 -1.010561e+01 -1.247678e+01
      endloop
   endfacet
   facet normal 0.000000e+00 -9.659256e-01 2.588197e-01
      outer loop
         vertex -2.000000e+00 -1.010561e+01 -1.247678e+01
         vertex 6.000000e+00 -1.010561e+01 -1.247678e+01
         vertex -2.000000e+00 -1.002214e+01 -1.216529e+01
      endloop
   endfacet
   facet normal 0.000000e+00 -9.659256e-01 2.588197e-01
      outer loop
         vertex -2.000000e+00 -1.002214e+01 -1.216529e+01
         vertex 6.000000e+00 -1.010561e+01 -1.247678e+01
         vertex 6.000000e+00 -1.002214e+01 -1.216529e+01
      endloop
   endfacet
   facet normal 0.000000e+00 -9.961947e-01 8.715527e-02
      outer loop
         vertex -2.000000e+00 -1.002214e+01 -1.216529e+01
         vertex 6.000000e+00 -1.002214e+01 -1.216529e+01
         vertex -2.000000e+00 -9.994038e+00 -1.184404e+01
      endloop
   endfacet
   facet normal 0.000000e+00 -9.961947e-01 8.715527e-02
      outer loop
         vertex -2.000000e+00 -9.994038e+00 -1.184404e+01
         vertex 6.000000e+00 -1.002214e+01 -1.216529e+01
         vertex 6.000000e+00 -9.994038e+00 -1.184404e+01
      endloop
   endfacet
   facet normal 1.000000e+00 0.000000e+00 -0.000000e+00
      outer loop
         vertex -2.000000e+00 -1.010561e+01 -1.247678e+01
         vertex -2.000000e+00 -1.002214e+01 -1.216529e+01
         vertex -2.000000e+00 -1.184404e+01 -1.184404e+01
      endloop
   endfacet
   facet normal 1.000000e+00 -0.000000e+00 0.000000e+00
      outer loop
         vertex -2.000000e+00 -1.184404e+01 -1.184404e+01
         vertex -2.000000e+00 -1.002214e+01 -1.216529e+01
         vertex -2.000000e+00 -9.994038e+00 -1.184404e+01
      endloop
   endfacet
   facet normal 1.000000e+00 0.000000e+00 0.000000e+00
      outer loop
         vertex -2.000000e+00 -1.184404e+01 -1.184404e+01
         vertex -2.000000e+00 -9.994038e+00 -1.184404e+01
         vertex -2.000000e+00 -1.002214e+01 -1.152279e+01
      endloop
   endfacet
   facet normal 1.000000e+00 0.000000e+00 -0.000000e+00
      outer loop
         vertex -2.000000e+00 -1.065488e+01 -1.326122e+01
         vertex -2.000000e+00 -1.042686e+01 -1.303320e+01
         vertex -2.000000e+00 -1.184404e+01 -1.184404e+01
      endloop
   endfacet
   facet normal 1.000000e+00 0.000000e+00 0.000000e+00
      outer loop
         vertex -2.000000e+00 -1.184404e+01 -1.184404e+01
         vertex -2.000000e+00 -1.042686e+01 -1.303320e+01
         vertex -2.000000e+00 -1.024189e+01 -1.276904e+01
      endloop
   endfacet
   facet normal 1.000000e+00 0.000000e+00 0.000000e+00
      outer loop
         vertex -2.000000e+00 -1.184404e+01 -1.184404e+01
         vertex -2.000000e+00 -1.024189e+01 -1.276904e+01
         vertex -2.000000e+00 -1.010561e+01 -1.247678e+01
      endloop
   endfacet
   facet normal 1.000000e+00 0.000000e+00 -0.000000e+00
      outer loop
         vertex -2.000000e+00 -1.152279e+01 -1.366593e+01
         vertex -2.000000e+00 -1.121130e+01 -1.358247e+01
         vertex -2.000000e+00 -1.184404e+01 -1.184404e+01
      endloop
   endfacet
   facet normal 1.000000e+00 0.000000e+00 0.000000e+00
      outer loop
         vertex -2.000000e+00 -1.184404e+01 -1.184404e+01
         vertex -2.000000e+00 -1.121130e+01 -1.358247e+01
         vertex -2.000000e+00 -1.091904e+01 -1.344619e+01
      endloop
   endfacet
   facet normal 1.000000e+00 0.000000e+00 0.000000e+00
      outer loop
         vertex -2.000000e+00 -1.184404e+01 -1.184404e+01
         vertex -2.000000e+00 -1.091904e+01 -1.344619e+01
         vertex -2.000000e+00 -1.065488e+01 -1.326122e+01
      endloop
   endfacet
   facet normal 1.000000e+00 -0.000000e+00 0.000000e+00
      outer loop
         vertex -2.000000e+00 -1.247678e+01 -1.358247e+01
         vertex -2.000000e+00 -1.216529e+01 -1.366593e+01
         vertex -2.000000e+00 -1.184404e+01 -1.184404e+01
      endloop
   endfacet
   facet normal 1.000000e+00 0.000000e+00 0.000000e+00
      outer loop
         vertex -2.000000e+00 -1.184404e+01 -1.184404e+01
         vertex -2.000000e+00 -1.216529e+01 -1.366593e+01
         vertex -2.000000e+00 -1.184404e+01 -1.369404e+01
      endloop
   endfacet
   facet normal 1.000000e+00 0.000000e+00 0.000000e+00
      outer loop
         vertex -2.000000e+00 -1.184404e+01 -1.184404e+01
         vertex -2.000000e+00 -1.184404e+01 -1.369404e+01
         vertex -2.000000e+00 -1.152279e+01 -1.366593e+01
      endloop
   endfacet
   facet normal 1.000000e+00 -0.000000e+00 0.000000e+00
      outer loop
         vertex -2.000000e+00 -1.326122e+01 -1.303320e+01
         vertex -2.000000e+00 -1.303320e+01 -1.326122e+01
         vertex -2.000000e+00 -1.184404e+01 -1.184404e+01
      endloop
   endfacet
   facet normal 1.000000e+00 0.000000e+00 0.000000e+00
      outer loop
         vertex -2.000000e+00 -1.184404e+01 -1.184404e+01
         vertex -2.000000e+00 -1.303320e+01 -1.326122e+01
         vertex -2.000000e+00 -1.276904e+01 -1.344619e+01
      endloop
   endfacet
   facet normal 1.000000e+00 0.000000e+00 0.000000e+00
      outer loop
         vertex -2.000000e+00 -1.184404e+01 -1.184404e+01
         vertex -2.000000e+00 -1.276904e+01 -1.344619e+01
         vertex -2.000000e+00 -1.247678e+01 -1.358247e+01
      endloop
   endfacet
   facet normal 1.000000e+00 -0.000000e+00 0.000000e+00
      outer loop
         vertex -2.000000e+00 -1.366593e+01 -1.216529e+01
         vertex -2.000000e+00 -1.358247e+01 -1.247678e+01
         vertex -2.000000e+00 -1.184404e+01 -1.184404e+01
      endloop
   endfacet
   facet normal 1.000000e+00 0.000000e+00 0.000000e+00
      outer loop
         vertex -2.000000e+00 -1.184404e+01 -1.184404e+01
         vertex -2.000000e+00 -1.358247e+01 -1.247678e+01
         vertex -2.000000e+00 -1.344619e+01 -1.276904e+01
      endloop
   endfacet
   facet normal 1.000000e+00 0.000000e+00 0.000000e+00
      outer loop
         vertex -2.000000e+00 -1.184404e+01 -1.184404e+01
         vertex -2.000000e+00 -1.344619e+01 -1.276904e+01
         vertex -2.000000e+00 -1.326122e+01 -1.303320e+01
      endloop
   endfacet
   facet normal 1.000000e+00 0.000000e+00 0.000000e+00
      outer loop
         vertex -2.000000e+00 -1.358247e+01 -1.121130e+01
         vertex -2.000000e+00 -1.366593e+01 -1.152279e+01
         vertex -2.000000e+00 -1.184404e+01 -1.184404e+01
      endloop
   endfacet
   facet normal 1.000000e+00 0.000000e+00 0.000000e+00
      outer loop
         vertex -2.000000e+00 -1.184404e+01 -1.184404e+01
         vertex -2.000000e+00 -1.366593e+01 -1.152279e+01
         vertex -2.000000e+00 -1.369404e+01 -1.184404e+01
      endloop
   endfacet
   facet normal 1.000000e+00 0.000000e+00 0.000000e+00
      outer loop
         vertex -2.000000e+00 -1.184404e+01 -1.184404e+01
         vertex -2.000000e+00 -1.369404e+01 -1.184404e+01
         vertex -2.000000e+00 -1.366593e+01 -1.216529e+01
      endloop
   endfacet
   facet normal 1.000000e+00 0.000000e+00 0.000000e+00
      outer loop
         vertex -2.000000e+00 -1.303320e+01 -1.042686e+01
         vertex -2.000000e+00 -1.326122e+01 -1.065488e+01
         vertex -2.000000e+00 -1.184404e+01 -1.184404e+01
      endloop
   endfacet
   facet normal 1.000000e+00 0.000000e+00 0.000000e+00
      outer loop
         vertex -2.000000e+00 -1.184404e+01 -1.184404e+01
         vertex -2.000000e+00 -1.326122e+01 -1.065488e+01
         vertex -2.000000e+00 -1.344619e+01 -1.091904e+01
      endloop
   endfacet
   facet normal 1.000000e+00 0.000000e+00 0.000000e+00
      outer loop
         vertex -2.000000e+00 -1.184404e+01 -1.184404e+01
         vertex -2.000000e+00 -1.344619e+01 -1.091904e+01
         vertex -2.000000e+00 -1.358247e+01 -1.121130e+01
      endloop
   endfacet
   facet normal 1.000000e+00 0.000000e+00 0.000000e+00
      outer loop
         vertex -2.000000e+00 -1.216529e+01 -1.002214e+01
         vertex -2.000000e+00 -1.247678e+01 -1.010561e+01
         vertex -2.000000e+00 -1.184404e+01 -1.184404e+01
      endloop
   endfacet
   facet normal 1.000000e+00 0.000000e+00 0.000000e+00
      outer loop
         vertex -2.000000e+00 -1.184404e+01 -1.184404e+01
         vertex -2.000000e+00 -1.247678e+01 -1.010561e+01
         vertex -2.000000e+00 -1.276904e+01 -1.024189e+01
      endloop
   endfacet
   facet normal 1.000000e+00 0.000000e+00 0.000000e+00
      outer loop
         vertex -2.000000e+00 -1.184404e+01 -1.184404e+01
         vertex -2.000000e+00 -1.276904e+01 -1.024189e+01
         vertex -2.000000e+00 -1.303320e+01 -1.042686e+01
      endloop
   endfacet
   facet normal 1.000000e+00 0.000000e+00 0.000000e+00
      outer loop
         vertex -2.000000e+00 -1.121130e+01 -1.010561e+01
         vertex -2.000000e+00 -1.152279e+01 -1.002214e+01
         vertex -2.000000e+00 -1.184404e+01 -1.184404e+01
      endloop
   endfacet
   facet normal 1.000000e+00 0.000000e+00 0.000000e+00
      outer loop
         vertex -2.000000e+00 -1.184404e+01 -1.184404e+01
         vertex -2.000000e+00 -1.152279e+01 -1.002214e+01
         vertex -2.000000e+00 -1.184404e+01 -9.994038e+00
      endloop
   endfacet
   facet normal 1.000000e+00 0.000000e+00 -0.000000e+00
      outer loop
         vertex -2.000000e+00 -1.184404e+01 -1.184404e+01
         vertex -2.000000e+00 -1.184404e+01 -9.994038e+00
         vertex -2.000000e+00 -1.216529e+01 -1.002214e+01
      endloop
   endfacet
   facet normal 1.000000e+00 0.000000e+00 0.000000e+00
      outer loop
         vertex -2.000000e+00 -1.042686e+01 -1.065488e+01
         vertex -2.000000e+00 -1.065488e+01 -1.042686e+01
         vertex -2.000000e+00 -1.184404e+01 -1.184404e+01
      endloop
   endfacet
   facet normal 1.000000e+00 0.000000e+00 0.000000e+00
      outer loop
         vertex -2.000000e+00 -1.184404e+01 -1.184404e+01
         vertex -2.000000e+00 -1.065488e+01 -1.042686e+01
         vertex -2.000000e+00 -1.091904e+01 -1.024189e+01
      endloop
   endfacet
   facet normal 1.000000e+00 0.000000e+00 0.000000e+00
      outer loop
         vertex -2.000000e+00 -1.184404e+01 -1.184404e+01
         vertex -2.000000e+00 -1.091904e+01 -1.024189e+01
         vertex -2.000000e+00 -1.121130e+01 -1.010561e+01
      endloop
   endfacet
   facet normal 1.000000e+00 0.000000e+00 0.000000e+00
      outer loop
         vertex -2.000000e+00 -1.002214e+01 -1.152279e+01
         vertex -2.000000e+00 -1.010561e+01 -1.121130e+01
         vertex -2.000000e+00 -1.184404e+01 -1.184404e+01
      endloop
   endfacet
   facet normal 1.000000e+00 0.000000e+00 0.000000e+00
      outer loop
         vertex -2.000000e+00 -1.184404e+01 -1.184404e+01
         vertex -2.000000e+00 -1.010561e+01 -1.121130e+01
         vertex -2.000000e+00 -1.024189e+01 -1.091904e+01
      endloop
   endfacet
   facet normal 1.000000e+00 0.000000e+00 0.000000e+00
      outer loop
         vertex -2.000000e+00 -1.184404e+01 -1.184404e+01
         vertex -2.000000e+00 -1.024189e+01 -1.091904e+01
         vertex -2.000000e+00 -1.042686e+01 -1.065488e+01
      endloop
   endfacet
   facet normal 0.000000e+00 -9.961947e-01 -8.715527e-02
      outer loop
         vertex -2.000000e+00 -9.994038e+00 1.184404e+01
         vertex 6.000000e+00 -9.994038e+00 1.184404e+01
         vertex -2.000000e+00 -1.002214e+01 1.216529e+01
      endloop
   endfacet
   facet normal 0.000000e+00 -9.961947e-01 -8.715527e-02
      outer loop
         vertex -2.000000e+00 -1.002214e+01 1.216529e+01
         vertex 6.000000e+00 -9.994038e+00 1.184404e+01
         vertex 6.000000e+00 -1.002214e+01 1.216529e+01
      endloop
   endfacet
   facet normal 0.000000e+00 -9.659256e-01 -2.588197e-01
      outer loop
         vertex -2.000000e+00 -1.002214e+01 1.216529e+01
         vertex 6.000000e+00 -1.002214e+01 1.216529e+01
         vertex -2.000000e+00 -1.010561e+01 1.247678e+01
      endloop
   endfacet
   facet normal 0.000000e+00 -9.659256e-01 -2.588197e-01
      outer loop
         vertex -2.000000e+00 -1.010561e+01 1.247678e+01
         vertex 6.000000e+00 -1.002214e+01 1.216529e+01
         vertex 6.000000e+00 -1.010561e+01 1.247678e+01
      endloop
   endfacet
   facet normal 0.000000e+00 -9.063082e-01 -4.226175e-01
      outer loop
         vertex -2.000000e+00 -1.010561e+01 1.247678e+01
         vertex 6.000000e+00 -1.010561e+01 1.247678e+01
         vertex -2.000000e+00 -1.024189e+01 1.276904e+01
      endloop
   endfacet
   facet normal 0.000000e+00 -9.063082e-01 -4.226175e-01
      outer loop
         vertex -2.000000e+00 -1.024189e+01 1.276904e+01
         vertex 6.000000e+00 -1.010561e+01 1.247678e+01
         vertex 6.000000e+00 -1.024189e+01 1.276904e+01
      endloop
   endfacet
   facet normal 0.000000e+00 -8.191508e-01 -5.735782e-01
      outer loop
         vertex -2.000000e+00 -1.024189e+01 1.276904e+01
         vertex 6.000000e+00 -1.024189e+01 1.276904e+01
         vertex -2.000000e+00 -1.042686e+01 1.303320e+01
      endloop
   endfacet
   facet normal 0.000000e+00 -8.191508e-01 -5.735782e-01
      outer loop
         vertex -2.000000e+00 -1.042686e+01 1.303320e+01
         vertex 6.000000e+00 -1.024189e+01 1.276904e+01
         vertex 6.000000e+00 -1.042686e+01 1.303320e+01
      endloop
   endfacet
   facet normal 0.000000e+00 -7.071068e-01 -7.071068e-01
      outer loop
         vertex -2.000000e+00 -1.042686e+01 1.303320e+01
         vertex 6.000000e+00 -1.042686e+01 1.303320e+01
         vertex -2.000000e+00 -1.065488e+01 1.326122e+01
      endloop
   endfacet
   facet normal 0.000000e+00 -7.071068e-01 -7.071068e-01
      outer loop
         vertex -2.000000e+00 -1.065488e+01 1.326122e+01
         vertex 6.000000e+00 -1.042686e+01 1.303320e+01
         vertex 6.000000e+00 -1.065488e+01 1.326122e+01
      endloop
   endfacet
   facet normal 0.000000e+00 -5.735782e-01 -8.191508e-01
      outer loop
         vertex -2.000000e+00 -1.065488e+01 1.326122e+01
         vertex 6.000000e+00 -1.065488e+01 1.326122e+01
         vertex -2.000000e+00 -1.091904e+01 1.344619e+01
      endloop
   endfacet
   facet normal 0.000000e+00 -5.735782e-01 -8.191508e-01
      outer loop
         vertex -2.000000e+00 -1.091904e+01 1.344619e+01
         vertex 6.000000e+00 -1.065488e+01 1.326122e+01
         vertex 6.000000e+00 -1.091904e+01 1.344619e+01
      endloop
   endfacet
   facet normal 0.000000e+00 -4.226175e-01 -9.063082e-01
      outer loop
         vertex -2.000000e+00 -1.091904e+01 1.344619e+01
         vertex 6.000000e+00 -1.091904e+01 1.344619e+01
         vertex -2.000000e+00 -1.121130e+01 1.358247e+01
      endloop
   endfacet
   facet normal 0.000000e+00 -4.226175e-01 -9.063082e-01
      outer loop
         vertex -2.000000e+00 -1.121130e+01 1.358247e+01
         vertex 6.000000e+00 -1.091904e+01 1.344619e+01
         vertex 6.000000e+00 -1.121130e+01 1.358247e+01
      endloop
   endfacet
   facet normal 0.000000e+00 -2.588197e-01 -9.659256e-01
      outer loop
         vertex -2.000000e+00 -1.121130e+01 1.358247e+01
         vertex 6.000000e+00 -1.121130e+01 1.358247e+01
         vertex -2.000000e+00 -1.152279e+01 1.366593e+01
      endloop
   endfacet
   facet normal 0.000000e+00 -2.588197e-01 -9.659256e-01
      outer loop
         vertex -2.000000e+00 -1.152279e+01 1.366593e+01
         vertex 6.000000e+00 -1.121130e+01 1.358247e+01
         vertex 6.000000e+00 -1.152279e+01 1.366593e+01
      endloop
   endfacet
   facet normal 0.000000e+00 -8.715502e-02 -9.961948e-01
      outer loop
         vertex -2.000000e+00 -1.152279e+01 1.366593e+01
         vertex 6.000000e+00 -1.152279e+01 1.366593e+01
         vertex -2.000000e+00 -1.184404e+01 1.369404e+01
      endloop
   endfacet
   facet normal 0.000000e+00 -8.715502e-02 -9.961948e-01
      outer loop
         vertex -2.000000e+00 -1.184404e+01 1.369404e+01
         vertex 6.000000e+00 -1.152279e+01 1.366593e+01
         vertex 6.000000e+00 -1.184404e+01 1.369404e+01
      endloop
   endfacet
   facet normal 0.000000e+00 8.715527e-02 -9.961947e-01
      outer loop
         vertex -2.000000e+00 -1.184404e+01 1.369404e+01
         vertex 6.000000e+00 -1.184404e+01 1.369404e+01
         vertex -2.000000e+00 -1.216529e+01 1.366593e+01
      endloop
   endfacet
   facet normal 0.000000e+00 8.715527e-02 -9.961947e-01
      outer loop
         vertex -2.000000e+00 -1.216529e+01 1.366593e+01
         vertex 6.000000e+00 -1.184404e+01 1.369404e+01
         vertex 6.000000e+00 -1.216529e+01 1.366593e+01
      endloop
   endfacet
   facet normal 0.000000e+00 2.588197e-01 -9.659256e-01
      outer loop
         vertex -2.000000e+00 -1.216529e+01 1.366593e+01
         vertex 6.000000e+00 -1.216529e+01 1.366593e+01
         vertex -2.000000e+00 -1.247678e+01 1.358247e+01
      endloop
   endfacet
   facet normal 0.000000e+00 2.588197e-01 -9.659256e-01
      outer loop
         vertex -2.000000e+00 -1.247678e+01 1.358247e+01
         vertex 6.000000e+00 -1.216529e+01 1.366593e+01
         vertex 6.000000e+00 -1.247678e+01 1.358247e+01
      endloop
   endfacet
   facet normal 0.000000e+00 4.226175e-01 -9.063082e-01
      outer loop
         vertex -2.000000e+00 -1.247678e+01 1.358247e+01
         vertex 6.000000e+00 -1.247678e+01 1.358247e+01
         vertex -2.000000e+00 -1.276904e+01 1.344619e+01
      endloop
   endfacet
   facet normal 0.000000e+00 4.226175e-01 -9.063082e-01
      outer loop
         vertex -2.000000e+00 -1.276904e+01 1.344619e+01
         vertex 6.000000e+00 -1.247678e+01 1.358247e+01
         vertex 6.000000e+00 -1.276904e+01 1.344619e+01
      endloop
   endfacet
   facet normal 0.000000e+00 5.735782e-01 -8.191508e-01
      outer loop
         vertex -2.000000e+00 -1.276904e+01 1.344619e+01
         vertex 6.000000e+00 -1.276904e+01 1.344619e+01
         vertex -2.000000e+00 -1.303320e+01 1.326122e+01
      endloop
   endfacet
   facet normal 0.000000e+00 5.735782e-01 -8.191508e-01
      outer loop
         vertex -2.000000e+00 -1.303320e+01 1.326122e+01
         vertex 6.000000e+00 -1.276904e+01 1.344619e+01
         vertex 6.000000e+00 -1.303320e+01 1.326122e+01
      endloop
   endfacet
   facet normal 0.000000e+00 7.071068e-01 -7.071068e-01
      outer loop
         vertex -2.000000e+00 -1.303320e+01 1.326122e+01
         vertex 6.000000e+00 -1.303320e+01 1.326122e+01
         vertex -2.000000e+00 -1.326122e+01 1.303320e+01
      endloop
   endfacet
   facet normal 0.000000e+00 7.071068e-01 -7.071068e-01
      outer loop
         vertex -2.000000e+00 -1.326122e+01 1.303320e+01
         vertex 6.000000e+00 -1.303320e+01 1.326122e+01
         vertex 6.000000e+00 -1.326122e+01 1.303320e+01
      endloop
   endfacet
   facet normal 0.000000e+00 8.191508e-01 -5.735782e-01
      outer loop
         vertex -2.000000e+00 -1.326122e+01 1.303320e+01
         vertex 6.000000e+00 -1.326122e+01 1.303320e+01
         vertex -2.000000e+00 -1.344619e+01 1.276904e+01
      endloop
   endfacet
   facet normal 0.000000e+00 8.191508e-01 -5.735782e-01
      outer loop
         vertex -2.000000e+00 -1.344619e+01 1.276904e+01
         vertex 6.000000e+00 -1.326122e+01 1.303320e+01
         vertex 6.000000e+00 -1.344619e+01 1.276904e+01
      endloop
   endfacet
   facet normal 0.000000e+00 9.063082e-01 -4.226175e-01
      outer loop
         vertex -2.000000e+00 -1.344619e+01 1.276904e+01
         vertex 6.000000e+00 -1.344619e+01 1.276904e+01
         vertex -2.000000e+00 -1.358247e+01 1.247678e+01
      endloop
   endfacet
   facet normal 0.000000e+00 9.063082e-01 -4.226175e-01
      outer loop
         vertex -2.000000e+00 -1.358247e+01 1.247678e+01
         vertex 6.000000e+00 -1.344619e+01 1.276904e+01
         vertex 6.000000e+00 -1.358247e+01 1.247678e+01
      endloop
   endfacet
   facet normal 0.000000e+00 9.659256e-01 -2.588197e-01
      outer loop
         vertex -2.000000e+00 -1.358247e+01 1.247678e+01
         vertex 6.000000e+00 -1.358247e+01 1.247678e+01
         vertex -2.000000e+00 -1.366593e+01 1.216529e+01
      endloop
   endfacet
   facet normal 0.000000e+00 9.659256e-01 -2.588197e-01
      outer loop
         vertex -2.000000e+00 -1.366593e+01 1.216529e+01
         vertex 6.000000e+00 -1.358247e+01 1.247678e+01
         vertex 6.000000e+00 -1.366593e+01 1.216529e+01
      endloop
   endfacet
   facet normal 0.000000e+00 9.961947e-01 -8.715527e-02
      outer loop
         vertex -2.000000e+00 -1.366593e+01 1.216529e+01
         vertex 6.000000e+00 -1.366593e+01 1.216529e+01
         vertex -2.000000e+00 -1.369404e+01 1.184404e+01
      endloop
   endfacet
   facet normal 0.000000e+00 9.961947e-01 -8.715527e-02
      outer loop
         vertex -2.000000e+00 -1.369404e+01 1.184404e+01
         vertex 6.000000e+00 -1.366593e+01 1.216529e+01
         vertex 6.000000e+00 -1.369404e+01 1.184404e+01
      endloop
   endfacet
   facet normal -0.000000e+00 9.961948e-01 8.715502e-02
      outer loop
         vertex -2.000000e+00 -1.369404e+01 1.184404e+01
         vertex 6.000000e+00 -1.369404e+01 1.184404e+01
         vertex -2.000000e+00 -1.366593e+01 1.152279e+01
      endloop
   endfacet
   facet normal -0.000000e+00 9.961948e-01 8.715502e-02
      outer loop
         vertex -2.000000e+00 -1.366593e+01 1.152279e+01
         vertex 6.000000e+00 -1.369404e+01 1.184404e+01
         vertex 6.000000e+00 -1.366593e+01 1.152279e+01
      endloop
   endfacet
   facet normal -0.000000e+00 9.659256e-01 2.588197e-01
      outer loop
         vertex -2.000000e+00 -1.366593e+01 1.152279e+01
         vertex 6.000000e+00 -1.366593e+01 1.152279e+01
         vertex -2.000000e+00 -1.358247e+01 1.121130e+01
      endloop
   endfacet
   facet normal -0.000000e+00 9.659256e-01 2.588197e-01
      outer loop
         vertex -2.000000e+00 -1.358247e+01 1.121130e+01
         vertex 6.000000e+00 -1.366593e+01 1.152279e+01
         vertex 6.000000e+00 -1.358247e+01 1.121130e+01
      endloop
   endfacet
   facet normal -0.000000e+00 9.063082e-01 4.226175e-01
      outer loop
         vertex -2.000000e+00 -1.358247e+01 1.121130e+01
         vertex 6.000000e+00 -1.358247e+01 1.121130e+01
         vertex -2.000000e+00 -1.344619e+01 1.091904e+01
      endloop
   endfacet
   facet normal -0.000000e+00 9.063082e-01 4.226175e-01
      outer loop
         vertex -2.000000e+00 -1.344619e+01 1.091904e+01
         vertex 6.000000e+00 -1.358247e+01 1.121130e+01
         vertex 6.000000e+00 -1.344619e+01 1.091904e+01
      endloop
   endfacet
   facet normal -0.000000e+00 8.191508e-01 5.735782e-01
      outer loop
         vertex -2.000000e+00 -1.344619e+01 1.091904e+01
         vertex 6.000000e+00 -1.344619e+01 1.091904e+01
         vertex -2.000000e+00 -1.326122e+01 1.065488e+01
      endloop
   endfacet
   facet normal -0.000000e+00 8.191508e-01 5.735782e-01
      outer loop
         vertex -2.000000e+00 -1.326122e+01 1.065488e+01
         vertex 6.000000e+00 -1.344619e+01 1.091904e+01
         vertex 6.000000e+00 -1.326122e+01 1.065488e+01
      endloop
   endfacet
   facet normal -0.000000e+00 7.071068e-01 7.071068e-01
      outer loop
         vertex -2.000000e+00 -1.326122e+01 1.065488e+01
         vertex 6.000000e+00 -1.326122e+01 1.065488e+01
         vertex -2.000000e+00 -1.303320e+01 1.042686e+01
      endloop
   endfacet
   facet normal -0.000000e+00 7.071068e-01 7.071068e-01
      outer loop
         vertex -2.000000e+00 -1.303320e+01 1.042686e+01
         vertex 6.000000e+00 -1.326122e+01 1.065488e+01
         vertex 6.000000e+00 -1.303320e+01 1.042686e+01
      endloop
   endfacet
   facet normal -0.000000e+00 5.735782e-01 8.191508e-01
      outer loop
         vertex -2.000000e+00 -1.303320e+01 1.042686e+01
         vertex 6.000000e+00 -1.303320e+01 1.042686e+01
         vertex -2.000000e+00 -1.276904e+01 1.024189e+01
      endloop
   endfacet
   facet normal -0.000000e+00 5.735782e-01 8.191508e-01
      outer loop
         vertex -2.000000e+00 -1.276904e+01 1.024189e+01
         vertex 6.000000e+00 -1.303320e+01 1.042686e+01
         vertex 6.000000e+00 -1.276904e+01 1.024189e+01
      endloop
   endfacet
   facet normal -0.000000e+00 4.226175e-01 9.063082e-01
      outer loop
         vertex -2.000000e+00 -1.276904e+01 1.024189e+01
         vertex 6.000000e+00 -1.276904e+01 1.024189e+01
         vertex -2.000000e+00 -1.247678e+01 1.010561e+01
      endloop
   endfacet
   facet normal -0.000000e+00 4.226175e-01 9.063082e-01
      outer loop
         vertex -2.000000e+00 -1.247678e+01 1.010561e+01
         vertex 6.000000e+00 -1.276904e+01 1.024189e+01
         vertex 6.000000e+00 -1.247678e+01 1.010561e+01
      endloop
   endfacet
   facet normal -0.000000e+00 2.588197e-01 9.659256e-01
      outer loop
         vertex -2.000000e+00 -1.247678e+01 1.010561e+01
         vertex 6.000000e+00 -1.247678e+01 1.010561e+01
         vertex -2.000000e+00 -1.216529e+01 1.002214e+01
      endloop
   endfacet
   facet normal -0.000000e+00 2.588197e-01 9.659256e-01
      outer loop
         vertex -2.000000e+00 -1.216529e+01 1.002214e+01
         vertex 6.000000e+00 -1.247678e+01 1.010561e+01
         vertex 6.000000e+00 -1.216529e+01 1.002214e+01
      endloop
   endfacet
   facet normal -0.000000e+00 8.715527e-02 9.961947e-01
      outer loop
         vertex -2.000000e+00 -1.216529e+01 1.002214e+01
         vertex 6.000000e+00 -1.216529e+01 1.002214e+01
         vertex -2.000000e+00 -1.184404e+01 9.994038e+00
      endloop
   endfacet
   facet normal -0.000000e+00 8.715527e-02 9.961947e-01
      outer loop
         vertex -2.000000e+00 -1.184404e+01 9.994038e+00
         vertex 6.000000e+00 -1.216529e+01 1.002214e+01
         vertex 6.000000e+00 -1.184404e+01 9.994038e+00
      endloop
   endfacet
   facet normal 0.000000e+00 -8.715502e-02 9.961948e-01
      outer loop
         vertex -2.000000e+00 -1.184404e+01 9.994038e+00
         vertex 6.000000e+00 -1.184404e+01 9.994038e+00
         vertex -2.000000e+00 -1.152279e+01 1.002214e+01
      endloop
   endfacet
   facet normal 0.000000e+00 -8.715502e-02 9.961948e-01
      outer loop
         vertex -2.000000e+00 -1.152279e+01 1.002214e+01
         vertex 6.000000e+00 -1.184404e+01 9.994038e+00
         vertex 6.000000e+00 -1.152279e+01 1.002214e+01
      endloop
   endfacet
   facet normal 0.000000e+00 -2.588197e-01 9.659256e-01
      outer loop
         vertex -2.000000e+00 -1.152279e+01 1.002214e+01
         vertex 6.000000e+00 -1.152279e+01 1.002214e+01
         vertex -2.000000e+00 -1.121130e+01 1.010561e+01
      endloop
   endfacet
   facet normal 0.000000e+00 -2.588197e-01 9.659256e-01
      outer loop
         vertex -2.000000e+00 -1.121130e+01 1.010561e+01
         vertex 6.000000e+00 -1.152279e+01 1.002214e+01
         vertex 6.000000e+00 -1.121130e+01 1.010561e+01
      endloop
   endfacet
   facet normal 0.000000e+00 -4.226175e-01 9.063082e-01
      outer loop
         vertex -2.000000e+00 -1.121130e+01 1.010561e+01
         vertex 6.000000e+00 -1.121130e+01 1.010561e+01
         vertex -2.000000e+00 -1.091904e+01 1.024189e+01
      endloop
   endfacet
   facet normal 0.000000e+00 -4.226175e-01 9.063082e-01
      outer loop
         vertex -2.000000e+00 -1.091904e+01 1.024189e+01
         vertex 6.000000e+00 -1.121130e+01 1.010561e+01
         vertex 6.000000e+00 -1.091904e+01 1.024189e+01
      endloop
   endfacet
   facet normal 0.000000e+00 -5.735782e-01 8.191508e-01
      outer loop
         vertex -2.000000e+00 -1.091904e+01 1.024189e+01
         vertex 6.000000e+00 -1.091904e+01 1.024189e+01
         vertex -2.000000e+00 -1.065488e+01 1.042686e+01
      endloop
   endfacet
   facet normal 0.000000e+00 -5.735782e-01 8.191508e-01
      outer loop
         vertex -2.000000e+00 -1.065488e+01 1.042686e+01
         vertex 6.000000e+00 -1.091904e+01 1.024189e+01
         vertex 6.000000e+00 -1.065488e+01 1.042686e+01
      endloop
   endfacet
   facet normal 0.000000e+00 -7.071068e-01 7.071068e-01
      outer loop
         vertex -2.000000e+00 -1.065488e+01 1.042686e+01
         vertex 6.000000e+00 -1.065488e+01 1.042686e+01
         vertex -2.000000e+00 -1.042686e+01 1.065488e+01
      endloop
   endfacet
   facet normal 0.000000e+00 -7.071068e-01 7.071068e-01
      outer loop
         vertex -2.000000e+00 -1.042686e+01 1.065488e+01
         vertex 6.000000e+00 -1.065488e+01 1.042686e+01
         vertex 6.000000e+00 -1.042686e+01 1.065488e+01
      endloop
   endfacet
   facet normal 0.000000e+00 -8.191508e-01 5.735782e-01
      outer loop
         vertex -2.000000e+00 -1.042686e+01 1.065488e+01
         vertex 6.000000e+00 -1.042686e+01 1.065488e+01
         vertex -2.000000e+00 -1.024189e+01 1.091904e+01
      endloop
   endfacet
   facet normal 0.000000e+00 -8.191508e-01 5.735782e-01
      outer loop
         vertex -2.000000e+00 -1.024189e+01 1.091904e+01
         vertex 6.000000e+00 -1.042686e+01 1.065488e+01
         vertex 6.000000e+00 -1.024189e+01 1.091904e+01
      endloop
   endfacet
   facet normal 0.000000e+00 -9.063082e-01 4.226175e-01
      outer loop
         vertex -2.000000e+00 -1.024189e+01 1.091904e+01
         vertex 6.000000e+00 -1.024189e+01 1.091904e+01
         vertex -2.000000e+00 -1.010561e+01 1.121130e+01
      endloop
   endfacet
   facet normal 0.000000e+00 -9.063082e-01 4.226175e-01
      outer loop
         vertex -2.000000e+00 -1.010561e+01 1.121130e+01
         vertex 6.000000e+00 -1.024189e+01 1.091904e+01
         vertex 6.000000e+00 -1.010561e+01 1.121130e+01
      endloop
   endfacet
   facet normal 0.000000e+00 -9.659256e-01 2.588197e-01
      outer loop
         vertex -2.000000e+00 -1.010561e+01 1.121130e+01
         vertex 6.000000e+00 -1.010561e+01 1.121130e+01
         vertex -2.000000e+00 -1.002214e+01 1.152279e+01
      endloop
   endfacet
   facet normal 0.000000e+00 -9.659256e-01 2.588197e-01
      outer loop
         vertex -2.000000e+00 -1.002214e+01 1.152279e+01
         vertex 6.000000e+00 -1.010561e+01 1.121130e+01
         vertex 6.000000e+00 -1.002214e+01 1.152279e+01
      endloop
   endfacet
   facet normal 0.000000e+00 -9.961948e-01 8.715502e-02
      outer loop
         vertex -2.000000e+00 -1.002214e+01 1.152279e+01
         vertex 6.000000e+00 -1.002214e+01 1.152279e+01
         vertex -2.000000e+00 -9.994038e+00 1.184404e+01
      endloop
   endfacet
   facet normal 0.000000e+00 -9.961948e-01 8.715502e-02
      outer loop
         vertex -2.000000e+00 -9.994038e+00 1.184404e+01
         vertex 6.000000e+00 -1.002214e+01 1.152279e+01
         vertex 6.000000e+00 -9.994038e+00 1.184404e+01
      endloop
   endfacet
   facet normal 1.000000e+00 0.000000e+00 -0.000000e+00
      outer loop
         vertex -2.000000e+00 -1.010561e+01 1.121130e+01
         vertex -2.000000e+00 -1.002214e+01 1.152279e+01
         vertex -2.000000e+00 -1.184404e+01 1.184404e+01
      endloop
   endfacet
   facet normal 1.000000e+00 -0.000000e+00 0.000000e+00
      outer loop
         vertex -2.000000e+00 -1.184404e+01 1.184404e+01
         vertex -2.000000e+00 -1.002214e+01 1.152279e+01
         vertex -2.000000e+00 -9.994038e+00 1.184404e+01
      endloop
   endfacet
   facet normal 1.000000e+00 0.000000e+00 0.000000e+00
      outer loop
         vertex -2.000000e+00 -1.184404e+01 1.184404e+01
         vertex -2.000000e+00 -9.994038e+00 1.184404e+01
         vertex -2.000000e+00 -1.002214e+01 1.216529e+01
      endloop
   endfacet
   facet normal 1.000000e+00 0.000000e+00 -0.000000e+00
      outer loop
         vertex -2.000000e+00 -1.065488e+01 1.042686e+01
         vertex -2.000000e+00 -1.042686e+01 1.065488e+01
         vertex -2.000000e+00 -1.184404e+01 1.184404e+01
      endloop
   endfacet
   facet normal 1.000000e+00 0.000000e+00 0.000000e+00
      outer loop
         vertex -2.000000e+00 -1.184404e+01 1.184404e+01
         vertex -2.000000e+00 -1.042686e+01 1.065488e+01
         vertex -2.000000e+00 -1.024189e+01 1.091904e+01
      endloop
   endfacet
   facet normal 1.000000e+00 0.000000e+00 0.000000e+00
      outer loop
         vertex -2.000000e+00 -1.184404e+01 1.184404e+01
         vertex -2.000000e+00 -1.024189e+01 1.091904e+01
         vertex -2.000000e+00 -1.010561e+01 1.121130e+01
      endloop
   endfacet
   facet normal 1.000000e+00 0.000000e+00 -0.000000e+00
      outer loop
         vertex -2.000000e+00 -1.152279e+01 1.002214e+01
         vertex -2.000000e+00 -1.121130e+01 1.010561e+01
         vertex -2.000000e+00 -1.184404e+01 1.184404e+01
      endloop
   endfacet
   facet normal 1.000000e+00 0.000000e+00 0.000000e+00
      outer loop
         vertex -2.000000e+00 -1.184404e+01 1.184404e+01
         vertex -2.000000e+00 -1.121130e+01 1.010561e+01
         vertex -2.000000e+00 -1.091904e+01 1.024189e+01
      endloop
   endfacet
   facet normal 1.000000e+00 0.000000e+00 0.000000e+00
      outer loop
         vertex -2.000000e+00 -1.184404e+01 1.184404e+01
         vertex -2.000000e+00 -1.091904e+01 1.024189e+01
         vertex -2.000000e+00 -1.065488e+01 1.042686e+01
      endloop
   endfacet
   facet normal 1.000000e+00 -0.000000e+00 0.000000e+00
      outer loop
         vertex -2.000000e+00 -1.247678e+01 1.010561e+01
         vertex -2.000000e+00 -1.216529e+01 1.002214e+01
         vertex -2.000000e+00 -1.184404e+01 1.184404e+01
      endloop
   endfacet
   facet normal 1.000000e+00 0.000000e+00 0.000000e+00
      outer loop
         vertex -2.000000e+00 -1.184404e+01 1.184404e+01
         vertex -2.000000e+00 -1.216529e+01 1.002214e+01
         vertex -2.000000e+00 -1.184404e+01 9.994038e+00
      endloop
   endfacet
   facet normal 1.000000e+00 0.000000e+00 0.000000e+00
      outer loop
         vertex -2.000000e+00 -1.184404e+01 1.184404e+01
         vertex -2.000000e+00 -1.184404e+01 9.994038e+00
         vertex -2.000000e+00 -1.152279e+01 1.002214e+01
      endloop
   endfacet
   facet normal 1.000000e+00 -0.000000e+00 0.000000e+00
      outer loop
         vertex -2.000000e+00 -1.326122e+01 1.065488e+01
         vertex -2.000000e+00 -1.303320e+01 1.042686e+01
         vertex -2.000000e+00 -1.184404e+01 1.184404e+01
      endloop
   endfacet
   facet normal 1.000000e+00 0.000000e+00 0.000000e+00
      outer loop
         vertex -2.000000e+00 -1.184404e+01 1.184404e+01
         vertex -2.000000e+00 -1.303320e+01 1.042686e+01
         vertex -2.000000e+00 -1.276904e+01 1.024189e+01
      endloop
   endfacet
   facet normal 1.000000e+00 0.000000e+00 0.000000e+00
      outer loop
         vertex -2.000000e+00 -1.184404e+01 1.184404e+01
         vertex -2.000000e+00 -1.276904e+01 1.024189e+01
         vertex -2.000000e+00 -1.247678e+01 1.010561e+01
      endloop
   endfacet
   facet normal 1.000000e+00 -0.000000e+00 0.000000e+00
      outer loop
         vertex -2.000000e+00 -1.366593e+01 1.152279e+01
         vertex -2.000000e+00 -1.358247e+01 1.121130e+01
         vertex -2.000000e+00 -1.184404e+01 1.184404e+01
      endloop
   endfacet
   facet normal 1.000000e+00 0.000000e+00 0.000000e+00
      outer loop
         vertex -2.000000e+00 -1.184404e+01 1.184404e+01
         vertex -2.000000e+00 -1.358247e+01 1.121130e+01
         vertex -2.000000e+00 -1.344619e+01 1.091904e+01
      endloop
   endfacet
   facet normal 1.000000e+00 0.000000e+00 0.000000e+00
      outer loop
         vertex -2.000000e+00 -1.184404e+01 1.184404e+01
         vertex -2.000000e+00 -1.344619e+01 1.091904e+01
         vertex -2.000000e+00 -1.326122e+01 1.065488e+01
      endloop
   endfacet
   facet normal 1.000000e+00 0.000000e+00 0.000000e+00
      outer loop
         vertex -2.000000e+00 -1.358247e+01 1.247678e+01
         vertex -2.000000e+00 -1.366593e+01 1.216529e+01
         vertex -2.000000e+00 -1.184404e+01 1.184404e+01
      endloop
   endfacet
   facet normal 1.000000e+00 0.000000e+00 0.000000e+00
      outer loop
         vertex -2.000000e+00 -1.184404e+01 1.184404e+01
         vertex -2.000000e+00 -1.366593e+01 1.216529e+01
         vertex -2.000000e+00 -1.369404e+01 1.184404e+01
      endloop
   endfacet
   facet normal 1.000000e+00 0.000000e+00 0.000000e+00
      outer loop
         vertex -2.000000e+00 -1.184404e+01 1.184404e+01
         vertex -2.000000e+00 -1.369404e+01 1.184404e+01
         vertex -2.000000e+00 -1.366593e+01 1.152279e+01
      endloop
   endfacet
   facet normal 1.000000e+00 0.000000e+00 0.000000e+00
      outer loop
         vertex -2.000000e+00 -1.303320e+01 1.326122e+01
         vertex -2.000000e+00 -1.326122e+01 1.303320e+01
         vertex -2.000000e+00 -1.184404e+01 1.184404e+01
      endloop
   endfacet
   facet normal 1.000000e+00 0.000000e+00 0.000000e+00
      outer loop
         vertex -2.000000e+00 -1.184404e+01 1.184404e+01
         vertex -2.000000e+00 -1.326122e+01 1.303320e+01
         vertex -2.000000e+00 -1.344619e+01 1.276904e+01
      endloop
   endfacet
   facet normal 1.000000e+00 0.000000e+00 0.000000e+00
      outer loop
         vertex -2.000000e+00 -1.184404e+01 1.184404e+01
         vertex -2.000000e+00 -1.344619e+01 1.276904e+01
         vertex -2.000000e+00 -1.358247e+01 1.247678e+01
      endloop
   endfacet
   facet normal 1.000000e+00 0.000000e+00 0.000000e+00
      outer loop
         vertex -2.000000e+00 -1.216529e+01 1.366593e+01
         vertex -2.000000e+00 -1.247678e+01 1.358247e+01
         vertex -2.000000e+00 -1.184404e+01 1.184404e+01
      endloop
   endfacet
   facet normal 1.000000e+00 0.000000e+00 0.000000e+00
      outer loop
         vertex -2.000000e+00 -1.184404e+01 1.184404e+01
         vertex -2.000000e+00 -1.247678e+01 1.358247e+01
         vertex -2.000000e+00 -1.276904e+01 1.344619e+01
      endloop
   endfacet
   facet normal 1.000000e+00 0.000000e+00 0.000000e+00
      outer loop
         vertex -2.000000e+00 -1.184404e+01 1.184404e+01
         vertex -2.000000e+00 -1.276904e+01 1.344619e+01
         vertex -2.000000e+00 -1.303320e+01 1.326122e+01
      endloop
   endfacet
   facet normal 1.000000e+00 0.000000e+00 0.000000e+00
      outer loop
         vertex -2.000000e+00 -1.121130e+01 1.358247e+01
         vertex -2.000000e+00 -1.152279e+01 1.366593e+01
         vertex -2.000000e+00 -1.184404e+01 1.184404e+01
      endloop
   endfacet
   facet normal 1.000000e+00 0.000000e+00 0.000000e+00
      outer loop
         vertex -2.000000e+00 -1.184404e+01 1.184404e+01
         vertex -2.000000e+00 -1.152279e+01 1.366593e+01
         vertex -2.000000e+00 -1.184404e+01 1.369404e+01
      endloop
   endfacet
   facet normal 1.000000e+00 0.000000e+00 -0.000000e+00
      outer loop
         vertex -2.000000e+00 -1.184404e+01 1.184404e+01
         vertex -2.000000e+00 -1.184404e+01 1.369404e+01
         vertex -2.000000e+00 -1.216529e+01 1.366593e+01
      endloop
   endfacet
   facet normal 1.000000e+00 0.000000e+00 0.000000e+00
      outer loop
         vertex -2.000000e+00 -1.042686e+01 1.303320e+01
         vertex -2.000000e+00 -1.065488e+01 1.326122e+01
         vertex -2.000000e+00 -1.184404e+01 1.184404e+01
      endloop
   endfacet
   facet normal 1.000000e+00 0.000000e+00 0.000000e+00
      outer loop
         vertex -2.000000e+00 -1.184404e+01 1.184404e+01
         vertex -2.000000e+00 -1.065488e+01 1.326122e+01
         vertex -2.000000e+00 -1.091904e+01 1.344619e+01
      endloop
   endfacet
   facet normal 1.000000e+00 0.000000e+00 0.000000e+00
      outer loop
         vertex -2.000000e+00 -1.184404e+01 1.184404e+01
         vertex -2.000000e+00 -1.091904e+01 1.344619e+01
         vertex -2.000000e+00 -1.121130e+01 1.358247e+01
      endloop
   endfacet
   facet normal 1.000000e+00 0.000000e+00 0.000000e+00
      outer loop
         vertex -2.000000e+00 -1.002214e+01 1.216529e+01
         vertex -2.000000e+00 -1.010561e+01 1.247678e+01
         vertex -2.000000e+00 -1.184404e+01 1.184404e+01
      endloop
   endfacet
   facet normal 1.000000e+00 0.000000e+00 0.000000e+00
      outer loop
         vertex -2.000000e+00 -1.184404e+01 1.184404e+01
         vertex -2.000000e+00 -1.010561e+01 1.247678e+01
         vertex -2.000000e+00 -1.024189e+01 1.276904e+01
      endloop
   endfacet
   facet normal 1.000000e+00 0.000000e+00 0.000000e+00
      outer loop
         vertex -2.000000e+00 -1.184404e+01 1.184404e+01
         vertex -2.000000e+00 -1.024189e+01 1.276904e+01
         vertex -2.000000e+00 -1.042686e+01 1.303320e+01
      endloop
   endfacet
   facet normal 0.000000e+00 -9.961947e-01 -8.715527e-02
      outer loop
         vertex -2.000000e+00 1.369404e+01 1.184404e+01
         vertex 6.000000e+00 1.369404e+01 1.184404e+01
         vertex -2.000000e+00 1.366593e+01 1.216529e+01
      endloop
   endfacet
   facet normal 0.000000e+00 -9.961947e-01 -8.715527e-02
      outer loop
         vertex -2.000000e+00 1.366593e+01 1.216529e+01
         vertex 6.000000e+00 1.369404e+01 1.184404e+01
         vertex 6.000000e+00 1.366593e+01 1.216529e+01
      endloop
   endfacet
   facet normal 0.000000e+00 -9.659256e-01 -2.588197e-01
      outer loop
         vertex -2.000000e+00 1.366593e+01 1.216529e+01
         vertex 6.000000e+00 1.366593e+01 1.216529e+01
         vertex -2.000000e+00 1.358247e+01 1.247678e+01
      endloop
   endfacet
   facet normal 0.000000e+00 -9.659256e-01 -2.588197e-01
      outer loop
         vertex -2.000000e+00 1.358247e+01 1.247678e+01
         vertex 6.000000e+00 1.366593e+01 1.216529e+01
         vertex 6.000000e+00 1.358247e+01 1.247678e+01
      endloop
   endfacet
   facet normal 0.000000e+00 -9.063082e-01 -4.226175e-01
      outer loop
         vertex -2.000000e+00 1.358247e+01 1.247678e+01
         vertex 6.000000e+00 1.358247e+01 1.247678e+01
         vertex -2.000000e+00 1.344619e+01 1.276904e+01
      endloop
   endfacet
   facet normal 0.000000e+00 -9.063082e-01 -4.226175e-01
      outer loop
         vertex -2.000000e+00 1.344619e+01 1.276904e+01
         vertex 6.000000e+00 1.358247e+01 1.247678e+01
         vertex 6.000000e+00 1.344619e+01 1.276904e+01
      endloop
   endfacet
   facet normal 0.000000e+00 -8.191508e-01 -5.735782e-01
      outer loop
         vertex -2.000000e+00 1.344619e+01 1.276904e+01
         vertex 6.000000e+00 1.344619e+01 1.276904e+01
         vertex -2.000000e+00 1.326122e+01 1.303320e+01
      endloop
   endfacet
   facet normal 0.000000e+00 -8.191508e-01 -5.735782e-01
      outer loop
         vertex -2.000000e+00 1.326122e+01 1.303320e+01
         vertex 6.000000e+00 1.344619e+01 1.276904e+01
         vertex 6.000000e+00 1.326122e+01 1.303320e+01
      endloop
   endfacet
   facet normal 0.000000e+00 -7.071068e-01 -7.071068e-01
      outer loop
         vertex -2.000000e+00 1.326122e+01 1.303320e+01
         vertex 6.000000e+00 1.326122e+01 1.303320e+01
         vertex -2.000000e+00 1.303320e+01 1.326122e+01
      endloop
   endfacet
   facet normal 0.000000e+00 -7.071068e-01 -7.071068e-01
      outer loop
         vertex -2.000000e+00 1.303320e+01 1.326122e+01
         vertex 6.000000e+00 1.326122e+01 1.303320e+01
         vertex 6.000000e+00 1.303320e+01 1.326122e+01
      endloop
   endfacet
   facet normal 0.000000e+00 -5.735782e-01 -8.191508e-01
      outer loop
         vertex -2.000000e+00 1.303320e+01 1.326122e+01
         vertex 6.000000e+00 1.303320e+01 1.326122e+01
         vertex -2.000000e+00 1.276904e+01 1.344619e+01
      endloop
   endfacet
   facet normal 0.000000e+00 -5.735782e-01 -8.191508e-01
      outer loop
         vertex -2.000000e+00 1.276904e+01 1.344619e+01
         vertex 6.000000e+00 1.303320e+01 1.326122e+01
         vertex 6.000000e+00 1.276904e+01 1.344619e+01
      endloop
   endfacet
   facet normal 0.000000e+00 -4.226175e-01 -9.063082e-01
      outer loop
         vertex -2.000000e+00 1.276904e+01 1.344619e+01
         vertex 6.000000e+00 1.276904e+01 1.344619e+01
         vertex -2.000000e+00 1.247678e+01 1.358247e+01
      endloop
   endfacet
   facet normal 0.000000e+00 -4.226175e-01 -9.063082e-01
      outer loop
         vertex -2.000000e+00 1.247678e+01 1.358247e+01
         vertex 6.000000e+00 1.276904e+01 1.344619e+01
         vertex 6.000000e+00 1.247678e+01 1.358247e+01
      endloop
   endfacet
   facet normal 0.000000e+00 -2.588197e-01 -9.659256e-01
      outer loop
         vertex -2.000000e+00 1.247678e+01 1.358247e+01
         vertex 6.000000e+00 1.247678e+01 1.358247e+01
         vertex -2.000000e+00 1.216529e+01 1.366593e+01
      endloop
   endfacet
   facet normal 0.000000e+00 -2.588197e-01 -9.659256e-01
      outer loop
         vertex -2.000000e+00 1.216529e+01 1.366593e+01
         vertex 6.000000e+00 1.247678e+01 1.358247e+01
         vertex 6.000000e+00 1.216529e+01 1.366593e+01
      endloop
   endfacet
   facet normal 0.000000e+00 -8.715527e-02 -9.961947e-01
      outer loop
         vertex -2.000000e+00 1.216529e+01 1.366593e+01
         vertex 6.000000e+00 1.216529e+01 1.366593e+01
         vertex -2.000000e+00 1.184404e+01 1.369404e+01
      endloop
   endfacet
   facet normal 0.000000e+00 -8.715527e-02 -9.961947e-01
      outer loop
         vertex -2.000000e+00 1.184404e+01 1.369404e+01
         vertex 6.000000e+00 1.216529e+01 1.366593e+01
         vertex 6.000000e+00 1.184404e+01 1.369404e+01
      endloop
   endfacet
   facet normal 0.000000e+00 8.715502e-02 -9.961948e-01
      outer loop
         vertex -2.000000e+00 1.184404e+01 1.369404e+01
         vertex 6.000000e+00 1.184404e+01 1.369404e+01
         vertex -2.000000e+00 1.152279e+01 1.366593e+01
      endloop
   endfacet
   facet normal 0.000000e+00 8.715502e-02 -9.961948e-01
      outer loop
         vertex -2.000000e+00 1.152279e+01 1.366593e+01
         vertex 6.000000e+00 1.184404e+01 1.369404e+01
         vertex 6.000000e+00 1.152279e+01 1.366593e+01
      endloop
   endfacet
   facet normal 0.000000e+00 2.588197e-01 -9.659256e-01
      outer loop
         vertex -2.000000e+00 1.152279e+01 1.366593e+01
         vertex 6.000000e+00 1.152279e+01 1.366593e+01
         vertex -2.000000e+00 1.121130e+01 1.358247e+01
      endloop
   endfacet
   facet normal 0.000000e+00 2.588197e-01 -9.659256e-01
      outer loop
         vertex -2.000000e+00 1.121130e+01 1.358247e+01
         vertex 6.000000e+00 1.152279e+01 1.366593e+01
         vertex 6.000000e+00 1.121130e+01 1.358247e+01
      endloop
   endfacet
   facet normal 0.000000e+00 4.226175e-01 -9.063082e-01
      outer loop
         vertex -2.000000e+00 1.121130e+01 1.358247e+01
         vertex 6.000000e+00 1.121130e+01 1.358247e+01
         vertex -2.000000e+00 1.091904e+01 1.344619e+01
      endloop
   endfacet
   facet normal 0.000000e+00 4.226175e-01 -9.063082e-01
      outer loop
         vertex -2.000000e+00 1.091904e+01 1.344619e+01
         vertex 6.000000e+00 1.121130e+01 1.358247e+01
         vertex 6.000000e+00 1.091904e+01 1.344619e+01
      endloop
   endfacet
   facet normal 0.000000e+00 5.735782e-01 -8.191508e-01
      outer loop
         vertex -2.000000e+00 1.091904e+01 1.344619e+01
         vertex 6.000000e+00 1.091904e+01 1.344619e+01
         vertex -2.000000e+00 1.065488e+01 1.326122e+01
      endloop
   endfacet
   facet normal 0.000000e+00 5.735782e-01 -8.191508e-01
      outer loop
         vertex -2.000000e+00 1.065488e+01 1.326122e+01
         vertex 6.000000e+00 1.091904e+01 1.344619e+01
         vertex 6.000000e+00 1.065488e+01 1.326122e+01
      endloop
   endfacet
   facet normal 0.000000e+00 7.071068e-01 -7.071068e-01
      outer loop
         vertex -2.000000e+00 1.065488e+01 1.326122e+01
         vertex 6.000000e+00 1.065488e+01 1.326122e+01
         vertex -2.000000e+00 1.042686e+01 1.303320e+01
      endloop
   endfacet
   facet normal 0.000000e+00 7.071068e-01 -7.071068e-01
      outer loop
         vertex -2.000000e+00 1.042686e+01 1.303320e+01
         vertex 6.000000e+00 1.065488e+01 1.326122e+01
         vertex 6.000000e+00 1.042686e+01 1.303320e+01
      endloop
   endfacet
   facet normal 0.000000e+00 8.191508e-01 -5.735782e-01
      outer loop
         vertex -2.000000e+00 1.042686e+01 1.303320e+01
         vertex 6.000000e+00 1.042686e+01 1.303320e+01
         vertex -2.000000e+00 1.024189e+01 1.276904e+01
      endloop
   endfacet
   facet normal 0.000000e+00 8.191508e-01 -5.735782e-01
      outer loop
         vertex -2.000000e+00 1.024189e+01 1.276904e+01
         vertex 6.000000e+00 1.042686e+01 1.303320e+01
         vertex 6.000000e+00 1.024189e+01 1.276904e+01
      endloop
   endfacet
   facet normal 0.000000e+00 9.063082e-01 -4.226175e-01
      outer loop
         vertex -2.000000e+00 1.024189e+01 1.276904e+01
         vertex 6.000000e+00 1.024189e+01 1.276904e+01
         vertex -2.000000e+00 1.010561e+01 1.247678e+01
      endloop
   endfacet
   facet normal 0.000000e+00 9.063082e-01 -4.226175e-01
      outer loop
         vertex -2.000000e+00 1.010561e+01 1.247678e+01
         vertex 6.000000e+00 1.024189e+01 1.276904e+01
         vertex 6.000000e+00 1.010561e+01 1.247678e+01
      endloop
   endfacet
   facet normal 0.000000e+00 9.659256e-01 -2.588197e-01
      outer loop
         vertex -2.000000e+00 1.010561e+01 1.247678e+01
         vertex 6.000000e+00 1.010561e+01 1.247678e+01
         vertex -2.000000e+00 1.002214e+01 1.216529e+01
      endloop
   endfacet
   facet normal 0.000000e+00 9.659256e-01 -2.588197e-01
      outer loop
         vertex -2.000000e+00 1.002214e+01 1.216529e+01
         vertex 6.000000e+00 1.010561e+01 1.247678e+01
         vertex 6.000000e+00 1.002214e+01 1.216529e+01
      endloop
   endfacet
   facet normal 0.000000e+00 9.961947e-01 -8.715527e-02
      outer loop
         vertex -2.000000e+00 1.002214e+01 1.216529e+01
         vertex 6.000000e+00 1.002214e+01 1.216529e+01
         vertex -2.000000e+00 9.994038e+00 1.184404e+01
      endloop
   endfacet
   facet normal 0.000000e+00 9.961947e-01 -8.715527e-02
      outer loop
         vertex -2.000000e+00 9.994038e+00 1.184404e+01
         vertex 6.000000e+00 1.002214e+01 1.216529e+01
         vertex 6.000000e+00 9.994038e+00 1.184404e+01
      endloop
   endfacet
   facet normal -0.000000e+00 9.961948e-01 8.715502e-02
      outer loop
         vertex -2.000000e+00 9.994038e+00 1.184404e+01
         vertex 6.000000e+00 9.994038e+00 1.184404e+01
         vertex -2.000000e+00 1.002214e+01 1.152279e+01
      endloop
   endfacet
   facet normal -0.000000e+00 9.961948e-01 8.715502e-02
      outer loop
         vertex -2.000000e+00 1.002214e+01 1.152279e+01
         vertex 6.000000e+00 9.994038e+00 1.184404e+01
         vertex 6.000000e+00 1.002214e+01 1.152279e+01
      endloop
   endfacet
   facet normal -0.000000e+00 9.659256e-01 2.588197e-01
      outer loop
         vertex -2.000000e+00 1.002214e+01 1.152279e+01
         vertex 6.000000e+00 1.002214e+01 1.152279e+01
         vertex -2.000000e+00 1.010561e+01 1.121130e+01
      endloop
   endfacet
   facet normal -0.000000e+00 9.659256e-01 2.588197e-01
      outer loop
         vertex -2.000000e+00 1.010561e+01 1.121130e+01
         vertex 6.000000e+00 1.002214e+01 1.152279e+01
         vertex 6.000000e+00 1.010561e+01 1.121130e+01
      endloop
   endfacet
   facet normal -0.000000e+00 9.063082e-01 4.226175e-01
      outer loop
         vertex -2.000000e+00 1.010561e+01 1.121130e+01
         vertex 6.000000e+00 1.010561e+01 1.121130e+01
         vertex -2.000000e+00 1.024189e+01 1.091904e+01
      endloop
   endfacet
   facet normal -0.000000e+00 9.063082e-01 4.226175e-01
      outer loop
         vertex -2.000000e+00 1.024189e+01 1.091904e+01
         vertex 6.000000e+00 1.010561e+01 1.121130e+01
         vertex 6.000000e+00 1.024189e+01 1.091904e+01
      endloop
   endfacet
   facet normal -0.000000e+00 8.191508e-01 5.735782e-01
      outer loop
         vertex -2.000000e+00 1.024189e+01 1.091904e+01
         vertex 6.000000e+00 1.024189e+01 1.091904e+01
         vertex -2.000000e+00 1.042686e+01 1.065488e+01
      endloop
   endfacet
   facet normal -0.000000e+00 8.191508e-01 5.735782e-01
      outer loop
         vertex -2.000000e+00 1.042686e+01 1.065488e+01
         vertex 6.000000e+00 1.024189e+01 1.091904e+01
         vertex 6.000000e+00 1.042686e+01 1.065488e+01
      endloop
   endfacet
   facet normal -0.000000e+00 7.071068e-01 7.071068e-01
      outer loop
         vertex -2.000000e+00 1.042686e+01 1.065488e+01
         vertex 6.000000e+00 1.042686e+01 1.065488e+01
         vertex -2.000000e+00 1.065488e+01 1.042686e+01
      endloop
   endfacet
   facet normal -0.000000e+00 7.071068e-01 7.071068e-01
      outer loop
         vertex -2.000000e+00 1.065488e+01 1.042686e+01
         vertex 6.000000e+00 1.042686e+01 1.065488e+01
         vertex 6.000000e+00 1.065488e+01 1.042686e+01
      endloop
   endfacet
   facet normal -0.000000e+00 5.735782e-01 8.191508e-01
      outer loop
         vertex -2.000000e+00 1.065488e+01 1.042686e+01
         vertex 6.000000e+00 1.065488e+01 1.042686e+01
         vertex -2.000000e+00 1.091904e+01 1.024189e+01
      endloop
   endfacet
   facet normal -0.000000e+00 5.735782e-01 8.191508e-01
      outer loop
         vertex -2.000000e+00 1.091904e+01 1.024189e+01
         vertex 6.000000e+00 1.065488e+01 1.042686e+01
         vertex 6.000000e+00 1.091904e+01 1.024189e+01
      endloop
   endfacet
   facet normal -0.000000e+00 4.226175e-01 9.063082e-01
      outer loop
         vertex -2.000000e+00 1.091904e+01 1.024189e+01
         vertex 6.000000e+00 1.091904e+01 1.024189e+01
         vertex -2.000000e+00 1.121130e+01 1.010561e+01
      endloop
   endfacet
   facet normal -0.000000e+00 4.226175e-01 9.063082e-01
      outer loop
         vertex -2.000000e+00 1.121130e+01 1.010561e+01
         vertex 6.000000e+00 1.091904e+01 1.024189e+01
         vertex 6.000000e+00 1.121130e+01 1.010561e+01
      endloop
   endfacet
   facet normal -0.000000e+00 2.588197e-01 9.659256e-01
      outer loop
         vertex -2.000000e+00 1.121130e+01 1.010561e+01
         vertex 6.000000e+00 1.121130e+01 1.010561e+01
         vertex -2.000000e+00 1.152279e+01 1.002214e+01
      endloop
   endfacet
   facet normal -0.000000e+00 2.588197e-01 9.659256e-01
      outer loop
         vertex -2.000000e+00 1.152279e+01 1.002214e+01
         vertex 6.000000e+00 1.121130e+01 1.010561e+01
         vertex 6.000000e+00 1.152279e+01 1.002214e+01
      endloop
   endfacet
   facet normal -0.000000e+00 8.715502e-02 9.961948e-01
      outer loop
         vertex -2.000000e+00 1.152279e+01 1.002214e+01
         vertex 6.000000e+00 1.152279e+01 1.002214e+01
         vertex -2.000000e+00 1.184404e+01 9.994038e+00
      endloop
   endfacet
   facet normal -0.000000e+00 8.715502e-02 9.961948e-01
      outer loop
         vertex -2.000000e+00 1.184404e+01 9.994038e+00
         vertex 6.000000e+00 1.152279e+01 1.002214e+01
         vertex 6.000000e+00 1.184404e+01 9.994038e+00
      endloop
   endfacet
   facet normal 0.000000e+00 -8.715527e-02 9.961947e-01
      outer loop
         vertex -2.000000e+00 1.184404e+01 9.994038e+00
         vertex 6.000000e+00 1.184404e+01 9.994038e+00
         vertex -2.000000e+00 1.216529e+01 1.002214e+01
      endloop
   endfacet
   facet normal 0.000000e+00 -8.715527e-02 9.961947e-01
      outer loop
         vertex -2.000000e+00 1.216529e+01 1.002214e+01
         vertex 6.000000e+00 1.184404e+01 9.994038e+00
         vertex 6.000000e+00 1.216529e+01 1.002214e+01
      endloop
   endfacet
   facet normal 0.000000e+00 -2.588197e-01 9.659256e-01
      outer loop
         vertex -2.000000e+00 1.216529e+01 1.002214e+01
         vertex 6.000000e+00 1.216529e+01 1.002214e+01
         vertex -2.000000e+00 1.247678e+01 1.010561e+01
      endloop
   endfacet
   facet normal 0.000000e+00 -2.588197e-01 9.659256e-01
      outer loop
         vertex -2.000000e+00 1.247678e+01 1.010561e+01
         vertex 6.000000e+00 1.216529e+01 1.002214e+01
         vertex 6.000000e+00 1.247678e+01 1.010561e+01
      endloop
   endfacet
   facet normal 0.000000e+00 -4.226175e-01 9.063082e-01
      outer loop
         vertex -2.000000e+00 1.247678e+01 1.010561e+01
         vertex 6.000000e+00 1.247678e+01 1.010561e+01
         vertex -2.000000e+00 1.276904e+01 1.024189e+01
      endloop
   endfacet
   facet normal 0.000000e+00 -4.226175e-01 9.063082e-01
      outer loop
         vertex -2.000000e+00 1.276904e+01 1.024189e+01
         vertex 6.000000e+00 1.247678e+01 1.010561e+01
         vertex 6.000000e+00 1.276904e+01 1.024189e+01
      endloop
   endfacet
   facet normal 0.000000e+00 -5.735782e-01 8.191508e-01
      outer loop
         vertex -2.000000e+00 1.276904e+01 1.024189e+01
         vertex 6.000000e+00 1.276904e+01 1.024189e+01
         vertex -2.000000e+00 1.303320e+01 1.042686e+01
      endloop
   endfacet
   facet normal 0.000000e+00 -5.735782e-01 8.191508e-01
      outer loop
         vertex -2.000000e+00 1.303320e+01 1.042686e+01
         vertex 6.000000e+00 1.276904e+01 1.024189e+01
         vertex 6.000000e+00 1.303320e+01 1.042686e+01
      endloop
   endfacet
   facet normal 0.000000e+00 -7.071068e-01 7.071068e-01
      outer loop
         vertex -2.000000e+00 1.303320e+01 1.042686e+01
         vertex 6.000000e+00 1.303320e+01 1.042686e+01
         vertex -2.000000e+00 1.326122e+01 1.065488e+01
      endloop
   endfacet
   facet normal 0.000000e+00 -7.071068e-01 7.071068e-01
      outer loop
         vertex -2.000000e+00 1.326122e+01 1.065488e+01
         vertex 6.000000e+00 1.303320e+01 1.042686e+01
         vertex 6.000000e+00 1.326122e+01 1.065488e+01
      endloop
   endfacet
   facet normal 0.000000e+00 -8.191508e-01 5.735782e-01
      outer loop
         vertex -2.000000e+00 1.326122e+01 1.065488e+01
         vertex 6.000000e+00 1.326122e+01 1.065488e+01
         vertex -2.000000e+00 1.344619e+01 1.091904e+01
      endloop
   endfacet
   facet normal 0.000000e+00 -8.191508e-01 5.735782e-01
      outer loop
         vertex -2.000000e+00 1.344619e+01 1.091904e+01
         vertex 6.000000e+00 1.326122e+01 1.065488e+01
         vertex 6.000000e+00 1.344619e+01 1.091904e+01
      endloop
   endfacet
   facet normal 0.000000e+00 -9.063082e-01 4.226175e-01
      outer loop
         vertex -2.000000e+00 1.344619e+01 1.091904e+01
         vertex 6.000000e+00 1.344619e+01 1.091904e+01
         vertex -2.000000e+00 1.358247e+01 1.121130e+01
      endloop
   endfacet
   facet normal 0.000000e+00 -9.063082e-01 4.226175e-01
      outer loop
         vertex -2.000000e+00 1.358247e+01 1.121130e+01
         vertex 6.000000e+00 1.344619e+01 1.091904e+01
         vertex 6.000000e+00 1.358247e+01 1.121130e+01
      endloop
   endfacet
   facet normal 0.000000e+00 -9.659256e-01 2.588197e-01
      outer loop
         vertex -2.000000e+00 1.358247e+01 1.121130e+01
         vertex 6.000000e+00 1.358247e+01 1.121130e+01
         vertex -2.000000e+00 1.366593e+01 1.152279e+01
      endloop
   endfacet
   facet normal 0.000000e+00 -9.659256e-01 2.588197e-01
      outer loop
         vertex -2.000000e+00 1.366593e+01 1.152279e+01
         vertex 6.000000e+00 1.358247e+01 1.121130e+01
         vertex 6.000000e+00 1.366593e+01 1.152279e+01
      endloop
   endfacet
   facet normal 0.000000e+00 -9.961948e-01 8.715502e-02
      outer loop
         vertex -2.000000e+00 1.366593e+01 1.152279e+01
         vertex 6.000000e+00 1.366593e+01 1.152279e+01
         vertex -2.000000e+00 1.369404e+01 1.184404e+01
      endloop
   endfacet
   facet normal 0.000000e+00 -9.961948e-01 8.715502e-02
      outer loop
         vertex -2.000000e+00 1.369404e+01 1.184404e+01
         vertex 6.000000e+00 1.366593e+01 1.152279e+01
         vertex 6.000000e+00 1.369404e+01 1.184404e+01
      endloop
   endfacet
   facet normal 1.000000e+00 0.000000e+00 -0.000000e+00
      outer loop
         vertex -2.000000e+00 1.358247e+01 1.121130e+01
         vertex -2.000000e+00 1.366593e+01 1.152279e+01
         vertex -2.000000e+00 1.184404e+01 1.184404e+01
      endloop
   endfacet
   facet normal 1.000000e+00 -0.000000e+00 0.000000e+00
      outer loop
         vertex -2.000000e+00 1.184404e+01 1.184404e+01
         vertex -2.000000e+00 1.366593e+01 1.152279e+01
         vertex -2.000000e+00 1.369404e+01 1.184404e+01
      endloop
   endfacet
   facet normal 1.000000e+00 0.000000e+00 0.000000e+00
      outer loop
         vertex -2.000000e+00 1.184404e+01 1.184404e+01
         vertex -2.000000e+00 1.369404e+01 1.184404e+01
         vertex -2.000000e+00 1.366593e+01 1.216529e+01
      endloop
   endfacet
   facet normal 1.000000e+00 0.000000e+00 -0.000000e+00
      outer loop
         vertex -2.000000e+00 1.303320e+01 1.042686e+01
         vertex -2.000000e+00 1.326122e+01 1.065488e+01
         vertex -2.000000e+00 1.184404e+01 1.184404e+01
      endloop
   endfacet
   facet normal 1.000000e+00 0.000000e+00 0.000000e+00
      outer loop
         vertex -2.000000e+00 1.184404e+01 1.184404e+01
         vertex -2.000000e+00 1.326122e+01 1.065488e+01
         vertex -2.000000e+00 1.344619e+01 1.091904e+01
      endloop
   endfacet
   facet normal 1.000000e+00 0.000000e+00 0.000000e+00
      outer loop
         vertex -2.000000e+00 1.184404e+01 1.184404e+01
         vertex -2.000000e+00 1.344619e+01 1.091904e+01
         vertex -2.000000e+00 1.358247e+01 1.121130e+01
      endloop
   endfacet
   facet normal 1.000000e+00 0.000000e+00 -0.000000e+00
      outer loop
         vertex -2.000000e+00 1.216529e+01 1.002214e+01
         vertex -2.000000e+00 1.247678e+01 1.010561e+01
         vertex -2.000000e+00 1.184404e+01 1.184404e+01
      endloop
   endfacet
   facet normal 1.000000e+00 0.000000e+00 0.000000e+00
      outer loop
         vertex -2.000000e+00 1.184404e+01 1.184404e+01
         vertex -2.000000e+00 1.247678e+01 1.010561e+01
         vertex -2.000000e+00 1.276904e+01 1.024189e+01
      endloop
   endfacet
   facet normal 1.000000e+00 0.000000e+00 0.000000e+00
      outer loop
         vertex -2.000000e+00 1.184404e+01 1.184404e+01
         vertex -2.000000e+00 1.276904e+01 1.024189e+01
         vertex -2.000000e+00 1.303320e+01 1.042686e+01
      endloop
   endfacet
   facet normal 1.000000e+00 -0.000000e+00 0.000000e+00
      outer loop
         vertex -2.000000e+00 1.121130e+01 1.010561e+01
         vertex -2.000000e+00 1.152279e+01 1.002214e+01
         vertex -2.000000e+00 1.184404e+01 1.184404e+01
      endloop
   endfacet
   facet normal 1.000000e+00 0.000000e+00 0.000000e+00
      outer loop
         vertex -2.000000e+00 1.184404e+01 1.184404e+01
         vertex -2.000000e+00 1.152279e+01 1.002214e+01
         vertex -2.000000e+00 1.184404e+01 9.994038e+00
      endloop
   endfacet
   facet normal 1.000000e+00 0.000000e+00 0.000000e+00
      outer loop
         vertex -2.000000e+00 1.184404e+01 1.184404e+01
         vertex -2.000000e+00 1.184404e+01 9.994038e+00
         vertex -2.000000e+00 1.216529e+01 1.002214e+01
      endloop
   endfacet
   facet normal 1.000000e+00 -0.000000e+00 0.000000e+00
      outer loop
         vertex -2.000000e+00 1.042686e+01 1.065488e+01
         vertex -2.000000e+00 1.065488e+01 1.042686e+01
         vertex -2.000000e+00 1.184404e+01 1.184404e+01
      endloop
   endfacet
   facet normal 1.000000e+00 0.000000e+00 0.000000e+00
      outer loop
         vertex -2.000000e+00 1.184404e+01 1.184404e+01
         vertex -2.000000e+00 1.065488e+01 1.042686e+01
         vertex -2.000000e+00 1.091904e+01 1.024189e+01
      endloop
   endfacet
   facet normal 1.000000e+00 0.000000e+00 0.000000e+00
      outer loop
         vertex -2.000000e+00 1.184404e+01 1.184404e+01
         vertex -2.000000e+00 1.091904e+01 1.024189e+01
         vertex -2.000000e+00 1.121130e+01 1.010561e+01
      endloop
   endfacet
   facet normal 1.000000e+00 -0.000000e+00 0.000000e+00
      outer loop
         vertex -2.000000e+00 1.002214e+01 1.152279e+01
         vertex -2.000000e+00 1.010561e+01 1.121130e+01
         vertex -2.000000e+00 1.184404e+01 1.184404e+01
      endloop
   endfacet
   facet normal 1.000000e+00 0.000000e+00 0.000000e+00
      outer loop
         vertex -2.000000e+00 1.184404e+01 1.184404e+01
         vertex -2.000000e+00 1.010561e+01 1.121130e+01
         vertex -2.000000e+00 1.024189e+01 1.091904e+01
      endloop
   endfacet
   facet normal 1.000000e+00 0.000000e+00 0.000000e+00
      outer loop
         vertex -2.000000e+00 1.184404e+01 1.184404e+01
         vertex -2.000000e+00 1.024189e+01 1.091904e+01
         vertex -2.000000e+00 1.042686e+01 1.065488e+01
      endloop
   endfacet
   facet normal 1.000000e+00 0.000000e+00 0.000000e+00
      outer loop
         vertex -2.000000e+00 1.010561e+01 1.247678e+01
         vertex -2.000000e+00 1.002214e+01 1.216529e+01
         vertex -2.000000e+00 1.184404e+01 1.184404e+01
      endloop
   endfacet
   facet normal 1.000000e+00 0.000000e+00 0.000000e+00
      outer loop
         vertex -2.000000e+00 1.184404e+01 1.184404e+01
         vertex -2.000000e+00 1.002214e+01 1.216529e+01
         vertex -2.000000e+00 9.994038e+00 1.184404e+01
      endloop
   endfacet
   facet normal 1.000000e+00 0.000000e+00 0.000000e+00
      outer loop
         vertex -2.000000e+00 1.184404e+01 1.184404e+01
         vertex -2.000000e+00 9.994038e+00 1.184404e+01
         vertex -2.000000e+00 1.002214e+01 1.152279e+01
      endloop
   endfacet
   facet normal 1.000000e+00 0.000000e+00 0.000000e+00
      outer loop
         vertex -2.000000e+00 1.065488e+01 1.326122e+01
         vertex -2.000000e+00 1.042686e+01 1.303320e+01
         vertex -2.000000e+00 1.184404e+01 1.184404e+01
      endloop
   endfacet
   facet normal 1.000000e+00 0.000000e+00 0.000000e+00
      outer loop
         vertex -2.000000e+00 1.184404e+01 1.184404e+01
         vertex -2.000000e+00 1.042686e+01 1.303320e+01
         vertex -2.000000e+00 1.024189e+01 1.276904e+01
      endloop
   endfacet
   facet normal 1.000000e+00 0.000000e+00 0.000000e+00
      outer loop
         vertex -2.000000e+00 1.184404e+01 1.184404e+01
         vertex -2.000000e+00 1.024189e+01 1.276904e+01
         vertex -2.000000e+00 1.010561e+01 1.247678e+01
      endloop
   endfacet
   facet normal 1.000000e+00 0.000000e+00 0.000000e+00
      outer loop
         vertex -2.000000e+00 1.152279e+01 1.366593e+01
         vertex -2.000000e+00 1.121130e+01 1.358247e+01
         vertex -2.000000e+00 1.184404e+01 1.184404e+01
      endloop
   endfacet
   facet normal 1.000000e+00 0.000000e+00 0.000000e+00
      outer loop
         vertex -2.000000e+00 1.184404e+01 1.184404e+01
         vertex -2.000000e+00 1.121130e+01 1.358247e+01
         vertex -2.000000e+00 1.091904e+01 1.344619e+01
      endloop
   endfacet
   facet normal 1.000000e+00 0.000000e+00 0.000000e+00
      outer loop
         vertex -2.000000e+00 1.184404e+01 1.184404e+01
         vertex -2.000000e+00 1.091904e+01 1.344619e+01
         vertex -2.000000e+00 1.065488e+01 1.326122e+01
      endloop
   endfacet
   facet normal 1.000000e+00 0.000000e+00 0.000000e+00
      outer loop
         vertex -2.000000e+00 1.247678e+01 1.358247e+01
         vertex -2.000000e+00 1.216529e+01 1.366593e+01
         vertex -2.000000e+00 1.184404e+01 1.184404e+01
      endloop
   endfacet
   facet normal 1.000000e+00 0.000000e+00 0.000000e+00
      outer loop
         vertex -2.000000e+00 1.184404e+01 1.184404e+01
         vertex -2.000000e+00 1.216529e+01 1.366593e+01
         vertex -2.000000e+00 1.184404e+01 1.369404e+01
      endloop
   endfacet
   facet normal 1.000000e+00 0.000000e+00 -0.000000e+00
      outer loop
         vertex -2.000000e+00 1.184404e+01 1.184404e+01
         vertex -2.000000e+00 1.184404e+01 1.369404e+01
         vertex -2.000000e+00 1.152279e+01 1.366593e+01
      endloop
   endfacet
   facet normal 1.000000e+00 0.000000e+00 0.000000e+00
      outer loop
         vertex -2.000000e+00 1.326122e+01 1.303320e+01
         vertex -2.000000e+00 1.303320e+01 1.326122e+01
         vertex -2.000000e+00 1.184404e+01 1.184404e+01
      endloop
   endfacet
   facet normal 1.000000e+00 0.000000e+00 0.000000e+00
      outer loop
         vertex -2.000000e+00 1.184404e+01 1.184404e+01
         vertex -2.000000e+00 1.303320e+01 1.326122e+01
         vertex -2.000000e+00 1.276904e+01 1.344619e+01
      endloop
   endfacet
   facet normal 1.000000e+00 0.000000e+00 0.000000e+00
      outer loop
         vertex -2.000000e+00 1.184404e+01 1.184404e+01
         vertex -2.000000e+00 1.276904e+01 1.344619e+01
         vertex -2.000000e+00 1.247678e+01 1.358247e+01
      endloop
   endfacet
   facet normal 1.000000e+00 0.000000e+00 0.000000e+00
      outer loop
         vertex -2.000000e+00 1.366593e+01 1.216529e+01
         vertex -2.000000e+00 1.358247e+01 1.247678e+01
         vertex -2.000000e+00 1.184404e+01 1.184404e+01
      endloop
   endfacet
   facet normal 1.000000e+00 0.000000e+00 0.000000e+00
      outer loop
         vertex -2.000000e+00 1.184404e+01 1.184404e+01
         vertex -2.000000e+00 1.358247e+01 1.247678e+01
         vertex -2.000000e+00 1.344619e+01 1.276904e+01
      endloop
   endfacet
   facet normal 1.000000e+00 0.000000e+00 0.000000e+00
      outer loop
         vertex -2.000000e+00 1.184404e+01 1.184404e+01
         vertex -2.000000e+00 1.344619e+01 1.276904e+01
         vertex -2.000000e+00 1.326122e+01 1.303320e+01
      endloop
   endfacet
endsolid upper_control